CASE_ID,ACCIDENT_YEAR,PROC_DATE,JURIS,COLLISION_DATE,COLLISION_TIME,OFFICER_ID,REPORTING_DISTRICT,DAY_OF_WEEK,CHP_SHIFT,POPULATION,CNTY_CITY_LOC,SPECIAL_COND,BEAT_TYPE,CHP_BEAT_TYPE,CITY_DIVISION_LAPD,CHP_BEAT_CLASS,BEAT_NUMBER,PRIMARY_RD,SECONDARY_RD,DISTANCE,DIRECTION,INTERSECTION,WEATHER_1,WEATHER_2,STATE_HWY_IND,CALTRANS_COUNTY,CALTRANS_DISTRICT,STATE_ROUTE,ROUTE_SUFFIX,POSTMILE_PREFIX,POSTMILE,LOCATION_TYPE,RAMP_INTERSECTION,SIDE_OF_HWY,TOW_AWAY,COLLISION_SEVERITY,NUMBER_KILLED,NUMBER_INJURED,PARTY_COUNT,PRIMARY_COLL_FACTOR,PCF_CODE_OF_VIOL,PCF_VIOL_CATEGORY,PCF_VIOLATION,PCF_VIOL_SUBSECTION,HIT_AND_RUN,TYPE_OF_COLLISION,MVIW,PED_ACTION,ROAD_SURFACE,ROAD_COND_1,ROAD_COND_2,LIGHTING,CONTROL_DEVICE,CHP_ROAD_TYPE,PEDESTRIAN_ACCIDENT,BICYCLE_ACCIDENT,MOTORCYCLE_ACCIDENT,TRUCK_ACCIDENT,NOT_PRIVATE_PROPERTY,ALCOHOL_INVOLVED,STWD_VEHTYPE_AT_FAULT,CHP_VEHTYPE_AT_FAULT,COUNT_SEVERE_INJ,COUNT_VISIBLE_INJ,COUNT_COMPLAINT_PAIN,COUNT_PED_KILLED,COUNT_PED_INJURED,COUNT_BICYCLIST_KILLED,COUNT_BICYCLIST_INJURED,COUNT_MC_KILLED,COUNT_MC_INJURED,PRIMARY_RAMP,SECONDARY_RAMP,LATITUDE,LONGITUDE,COUNTY,CITY,POINT_X,POINT_Y
6456645,2014,2014-07-10,2406,2014-04-10,1333,223,2,4,5,5,2406,0,0,0,,0,020,"EAST 27TH ST","MIDGE AV",356.00,E,N,A,-,N,,,,,,,,,,N,3,0,1,1,A,-,03,22350,,N,H,I,A,A,H,-,A,D,0,,,Y,,Y,,C,02,0,1,0,0,0,0,0,0,1,"- ","- ",,,MERCED,MERCED,-120.45773437,37.304338270000002
6456649,2014,2014-07-10,2406,2014-04-11,1213,113,1,5,5,5,2406,0,0,0,,0,011,"M ST","LOUGHBOROUGH DR",375.00,N,N,B,-,N,,,,,,,,,,N,4,0,1,2,A,-,03,22350,,N,C,C,A,A,H,-,A,A,0,,,,,Y,,A,01,0,0,1,0,0,0,0,0,0,"- ","- ",,,MERCED,MERCED,-120.4783712,37.323729550000003
6456653,2014,2016-04-14,2406,2014-04-03,2003,162,1,4,5,5,2406,0,0,0,,0,011,"RT 59","OLIVE AV",300.00,S,N,A,-,Y,MER,10,59,-,-,16.040,H,-,N,N,4,0,1,2,A,-,11,21954,A,N,G,B,D,A,H,-,D,D,0,Y,,,,Y,,N,60,0,0,1,0,1,0,0,0,0,"- ","- ",,,MERCED,MERCED,-120.5049554,37.318069770000001
6457721,2014,2016-04-09,9461,2014-04-17,0516,18928,,4,3,9,2400,0,1,1,,2,205,"RT 5","RT 165",6864.00,N,N,A,-,Y,MER,10,5,-,-,7.580,H,-,N,Y,3,0,1,1,A,-,08,22107,,N,F,A,A,A,H,-,D,D,1,,,,Y,Y,,G,25,0,1,0,0,0,0,0,0,0,"- ","- ",36.94406,-120.85693999999999,MERCED,UNINCORPORATED,-120.85676534,36.943889220000003
6457722,2014,2016-04-09,9460,2014-04-02,0755,11510,,3,1,9,2400,0,1,3,,2,001,"RT 99","HAMMATT AV",22.00,N,N,A,-,Y,MER,10,99,-,R,28.828,R,4,N,Y,3,0,1,1,A,-,08,22107,,N,E,I,A,A,H,-,A,D,1,,,,,Y,,D,22,0,1,0,0,0,0,0,0,0,"- ","- ",37.385770000000001,-120.71285,MERCED,UNINCORPORATED,-120.71023,37.383648119999997
6457750,2014,2016-04-09,9461,2014-04-15,2150,18354,,2,2,9,2400,0,1,3,,1,452,"RT 152","BRANCO RD",0.00,,Y,A,-,Y,MER,10,152,-,-,27.822,I,5,W,Y,4,0,6,2,A,-,01,23152,A,N,D,C,A,A,H,-,D,A,5,,,,,Y,Y,D,22,0,0,6,0,0,0,0,0,0,"- ","- ",,,MERCED,UNINCORPORATED,-120.7170235,37.054826120000001
6458063,2014,2014-07-09,2405,2014-03-17,1014,720,3,1,5,3,2405,0,0,0,,0,002,"STONEWOOD DR","OVERLAND AV",0.00,,Y,A,-,N,,,,,,,,,,Y,4,0,1,2,A,-,09,21800,A,N,D,C,A,A,H,-,A,A,0,,,,,Y,,A,01,0,0,1,0,0,0,0,0,0,"- ","- ",,,MERCED,"LOS BANOS",-120.84162995,37.073770089999996
6458067,2014,2016-01-29,2405,2014-03-21,1036,739,3,5,5,3,2405,0,0,0,,0,003,"7TH ST","PACHECO BL",0.00,,Y,A,-,Y,MER,10,152,-,-,20.590,I,5,E,Y,3,0,2,2,A,-,12,21453,A,N,D,C,A,A,H,-,A,A,0,,,,,Y,,A,01,0,1,1,0,0,0,0,0,0,"- ","- ",,,MERCED,"LOS BANOS",-120.84760889,37.056894990000004
6458071,2014,2015-11-25,2405,2014-03-09,1301,739,3,7,5,3,2405,0,0,0,,0,002,"MERCY SPRINGS",OVERLAND,405.00,N,N,A,-,Y,MER,10,165,-,-,10.030,H,-,N,Y,4,0,2,2,A,-,09,21804,A,N,D,C,A,A,H,-,A,D,0,,,,,Y,,A,01,0,0,2,0,0,0,0,0,0,"- ","- ",,,MERCED,"LOS BANOS",-120.83506967,37.07501164
6460412,2014,2016-04-13,9460,2014-04-14,1550,18903,,1,2,9,2400,0,1,3,,1,142,"RT 140","LINCOLN BL",168.00,E,N,A,-,Y,MER,10,140,-,-,23.470,H,-,E,Y,4,0,1,2,A,-,09,21801,A,N,C,C,A,A,H,-,A,D,0,,,,,Y,,A,01,0,0,1,0,0,0,0,0,0,"- ","- ",37.299750000000003,-120.72360999999999,MERCED,UNINCORPORATED,-120.72347344000001,37.29976147
6460416,2014,2014-07-10,9460,2014-04-12,0045,19553,,6,3,9,2400,0,3,5,,2,010,"AILANTHUS AV","PALMENTO CT",10.00,N,N,A,-,N,,,,,,,,,,Y,3,0,1,2,A,-,01,23152,A,N,B,E,A,A,H,-,C,D,0,,,,,Y,Y,A,01,0,1,0,0,0,0,0,0,0,"- ","- ",37.428049999999999,-120.78845,MERCED,UNINCORPORATED,-120.78836918,37.427967449999997
6460420,2014,2016-04-09,9460,2014-04-13,1338,18903,,7,1,9,2400,0,1,3,,2,002,"RT 99","BUHACH RD",350.00,S,N,A,-,Y,MER,10,99,-,-,20.450,H,-,N,N,4,0,1,1,A,-,08,22107,,N,E,I,A,A,H,-,A,D,1,,,,,Y,,A,01,0,0,1,0,0,0,0,0,0,"- ","- ",37.33475,-120.57699,MERCED,UNINCORPORATED,-120.57481455,37.333680219999998
6460424,2014,2014-07-10,9460,2014-04-19,1800,17996,,6,2,9,2400,0,3,5,,2,030,"ASHBY RD","COOPER AV",1584.00,W,N,A,-,N,,,,,,,,,,N,4,0,3,2,A,-,03,22350,,N,C,C,A,A,H,-,A,D,0,,,,,Y,,A,08,0,0,3,0,0,0,0,0,0,"- ","- ",37.31429,-120.52194,MERCED,UNINCORPORATED,-120.52434998,37.315182530000001
6460476,2014,2016-04-13,9461,2014-04-06,0410,19052,,7,3,9,2400,0,1,3,,1,465,"RT 165","WOLFSEN RD",1056.00,S,N,A,-,Y,MER,10,165,-,-,14.930,H,-,S,Y,4,0,1,1,A,-,08,22107,,N,F,A,A,A,H,-,D,D,0,,,,,Y,,A,01,0,0,1,0,0,0,0,0,0,"- ","- ",37.143970000000003,-120.82702999999999,MERCED,UNINCORPORATED,-120.82652736999999,37.14399152
6460480,2014,2016-04-09,9461,2014-04-09,0325,19052,,3,3,9,2400,0,1,3,,1,152,"RT 152","UPPER COTTONWOOD",1056.00,W,N,B,-,Y,MER,10,152,-,R,2.270,H,-,W,Y,4,0,2,2,A,-,08,22107,,N,B,C,A,A,H,-,D,D,5,,,,,Y,,A,01,0,0,2,0,0,0,0,0,0,"- ","- ",37.084969999999998,-121.18877999999999,MERCED,UNINCORPORATED,-121.18368621,37.084766299999998
6460537,2014,2016-04-09,9461,2014-04-20,1715,014933,,7,2,9,2400,0,1,3,,2,453,"RT 152","INDIANA RD",1056.00,E,N,A,G,Y,MER,10,152,-,R,34.780,H,-,W,Y,4,0,1,1,A,-,08,22107,,N,F,A,A,A,H,-,A,D,5,,,Y,,Y,,C,02,0,0,1,0,0,0,0,0,1,"- ","- ",,,MERCED,UNINCORPORATED,-120.59237573,37.048591199999997
6463996,2014,2016-04-09,9461,2014-04-04,1915,16452,,5,2,9,2400,0,1,3,,1,465,"RT 165","SAN JOAQUIN RIVER BRIDGE",7920.00,S,N,A,-,Y,MER,10,165,-,-,24.110,H,-,N,Y,3,0,1,1,A,-,08,22107,,N,F,A,A,A,H,-,B,D,0,,,,,Y,,A,01,0,1,0,0,0,0,0,0,0,"- ","- ",37.283119999999997,-120.85142,MERCED,UNINCORPORATED,-120.85133796,37.273107619999998
6464583,2014,2016-04-09,9461,2014-04-11,0226,018586,,5,3,9,2400,0,1,1,,2,105,"RT 5","HENRY MILLER RD",7392.00,S,N,A,-,Y,MER,10,5,-,-,19.980,H,-,N,Y,3,0,2,2,A,-,03,22350,,N,C,C,A,A,H,-,D,D,1,,,,Y,Y,,F,26,0,1,1,0,0,0,0,0,0,"- ","- ",37.084919999999997,-120.99679999999999,MERCED,UNINCORPORATED,-120.9962553,37.08424016
6464587,2014,2016-04-09,9461,2014-04-07,0915,14205,,1,1,9,2400,0,1,1,,2,205,"RT 5","RT 165",6864.00,N,N,A,-,Y,MER,10,5,-,-,7.580,H,-,N,Y,4,0,1,2,A,-,03,22350,,N,C,C,A,A,H,-,A,D,1,,,,,Y,,D,22,0,0,1,0,0,0,0,0,0,"- ","- ",,,MERCED,UNINCORPORATED,-120.85676534,36.943889220000003
6464790,2014,2016-04-09,9461,2014-04-08,1310,11735,,2,1,3,2405,0,1,3,,1,452,"RT 152","COZZI RD",0.00,,Y,A,-,Y,MER,10,152,-,-,29.322,I,6,E,Y,3,0,1,2,A,-,09,21802,A,N,D,C,A,A,H,-,A,A,5,,,,,Y,,A,01,0,1,0,0,0,0,0,0,0,"- ","- ",,,MERCED,"LOS BANOS",-120.68984553999999,37.054178919999998
6464794,2014,2016-04-09,9461,2014-04-05,0925,19637,,6,1,9,2400,0,1,1,,2,105,"RT 5","TAGLIO RD",6336.00,S,N,A,-,Y,MER,10,5,-,-,28.190,H,-,N,Y,3,0,2,1,A,-,08,22107,,N,E,J,A,A,H,-,A,D,1,,,,,Y,,A,01,0,1,1,0,0,0,0,0,0,"- ","- ",37.200119999999998,-121.07687,MERCED,UNINCORPORATED,-121.06965236000001,37.187519709999997
6465169,2014,2014-07-18,9460,2014-04-12,1330,018922,,6,1,9,2400,0,3,5,,2,010,"RIVER RD","HATFIELD RD",0.00,,Y,A,-,N,,,,,,,,,,Y,4,0,1,2,A,-,03,22350,,N,B,C,A,A,H,-,A,D,0,,,,,Y,,D,22,0,0,1,0,0,0,0,0,0,"- ","- ",37.346130000000002,-120.90931999999999,MERCED,UNINCORPORATED,-120.90935997,37.346149930000003
6465173,2014,2016-04-09,9460,2014-04-11,0130,019237,,5,3,9,2400,0,1,3,,2,002,"RT 99","WESTSIDE BL",730.00,S,N,A,-,Y,MER,10,99,-,-,25.020,H,-,S,Y,3,0,1,2,A,-,01,23152,A,N,C,C,A,A,H,-,D,D,1,,,,Y,Y,Y,A,01,0,1,0,0,0,0,0,0,0,"- ","- ",37.372390000000003,-120.68411999999999,MERCED,UNINCORPORATED,-120.64819842999999,37.361342020000002
6465177,2014,2014-07-18,9460,2014-04-13,1930,019378,,7,2,9,2400,0,3,5,,2,040,"BUHACH RD","SANTA FE DR",10.00,S,N,A,-,N,,,,,,,,,,N,4,0,2,2,A,-,03,22350,,N,C,C,A,A,H,-,A,A,0,,,,,Y,,A,01,0,0,2,0,0,0,0,0,0,"- ","- ",37.459479999999999,-120.54312,MERCED,UNINCORPORATED,-120.57663959,37.362873630000003
6465185,2014,2016-04-13,9460,2014-04-16,1415,010971,,3,2,9,2400,0,1,3,,1,165,"RT 165","BRADSHAW RD",1055.00,S,N,A,-,Y,MER,10,165,-,-,36.250,H,-,N,Y,4,0,2,3,A,-,03,22350,,N,C,C,A,A,H,-,A,D,0,,,,,Y,,A,01,0,0,2,0,0,0,0,0,0,"- ","- ",37.445810000000002,-120.84912,MERCED,UNINCORPORATED,-120.84918475000001,37.446072780000002
6465193,2014,2016-04-09,9460,2014-04-10,0115,019500,,4,3,9,2400,0,1,3,,2,001,"RT 99","COLLIER RD",1056.00,N,N,A,-,Y,MER,10,99,-,R,32.140,H,-,S,Y,2,0,2,1,A,-,08,22107,,N,F,A,A,A,H,-,D,D,1,,,,,Y,,D,22,1,0,1,0,0,0,0,0,0,"- ","- ",37.413029999999999,-120.75556,MERCED,UNINCORPORATED,-120.75453808,37.411546649999998
6465402,2014,2016-04-13,9460,2014-04-08,1545,10971,,2,2,9,2400,0,1,3,,1,165,"RT 165","FALKE ST",0.00,,Y,A,-,Y,MER,10,165,-,-,33.290,I,5,N,Y,3,0,1,2,A,-,"- ",,,N,D,C,A,A,H,-,A,D,0,,,Y,,Y,,C,02,0,1,0,0,0,0,0,0,1,"- ","- ",37.403350000000003,-120.85002,MERCED,UNINCORPORATED,-120.85014493,37.403322029999998
6465406,2014,2014-07-28,9460,2014-04-12,2040,19553,,6,2,9,2400,0,3,5,,2,010,"RIVER RD","RT 165",4224.00,W,N,A,-,N,,,,,,,,,,Y,3,0,1,1,A,-,08,22107,,N,E,J,A,A,H,-,D,D,0,,,,,Y,,A,07,0,1,0,0,0,0,0,0,0,"- ","- ",37.355829999999997,-120.86211,MERCED,UNINCORPORATED,-120.86208412000001,37.355779699999999
6466734,2014,2014-07-16,9460,2014-04-07,1610,18422,,1,2,9,2400,0,3,5,,2,010,"3RD ST","ACACIA ST",0.00,,Y,A,-,N,,,,,,,,,,Y,3,0,2,2,A,-,09,21802,A,N,D,C,A,A,H,-,A,A,0,,,,,Y,,D,22,0,1,1,0,0,0,0,0,0,"- ","- ",37.409500000000001,-120.85123,MERCED,UNINCORPORATED,-120.85133992,37.409539969999997
6466742,2014,2016-02-23,9460,2014-03-30,1610,018922,,7,2,9,2400,0,1,3,,2,002,"RT 99","WESTSIDE BL",2112.00,N,N,B,-,Y,MER,10,99,-,-,25.430,H,-,N,Y,3,0,3,2,A,-,08,22107,,N,C,C,A,A,H,-,A,D,1,,,,,Y,,A,07,0,3,0,0,0,0,0,0,0,"- ","- ",37.363480000000003,-120.65581,MERCED,UNINCORPORATED,-120.65462798999999,37.363127660000004
6467150,2014,2014-07-10,9460,2014-03-19,1021,18806,,3,1,9,2400,0,3,5,,2,030,"BUHACH RD","GREEN SANDS AV",475.00,S,N,A,-,N,,,,,,,,,,N,3,0,1,2,A,-,21,22106,,N,D,G,A,A,H,-,A,D,0,,Y,,,Y,,A,07,0,1,0,0,0,0,1,0,0,"- ","- ",37.202150000000003,-120.34622,MERCED,UNINCORPORATED,-120.57718,37.33723664
6467379,2014,2014-07-22,9460,2014-04-07,1415,018903,,1,2,9,2400,0,2,4,,1,041,"SANTA FE DR","SPACEPORT ENTRY",700.00,W,N,A,-,N,,,,,,,,,,Y,4,0,1,2,A,-,08,22107,,N,C,C,A,A,H,-,A,D,0,,,,,Y,,A,07,0,0,1,0,0,0,0,0,0,"- ","- ",37.360729999999997,-120.57290999999999,MERCED,UNINCORPORATED,-120.572199,37.360146
6467383,2014,2014-07-22,9460,2014-04-10,0750,014541,,4,1,9,2400,0,3,5,,2,030,"BEACHWOOD DR","DAN WARD RD",100.00,S,N,A,-,N,,,,,,,,,,Y,4,0,1,2,A,-,09,21801,A,N,A,C,A,A,H,-,A,D,0,,,,,Y,,A,01,0,0,1,0,0,0,0,0,0,"- ","- ",37.331690000000002,-120.52791000000001,MERCED,UNINCORPORATED,-120.52798357,37.331469249999998
6467432,2014,2016-04-14,9460,2014-04-10,1645,018877,,4,2,9,2400,0,1,3,,1,591,"RT 59","REILLY RD",2610.00,S,N,A,-,Y,MER,10,59,-,-,11.590,H,-,N,Y,3,0,6,3,A,-,08,22107,,N,B,C,A,A,H,-,A,D,0,,,,,Y,,A,01,0,2,4,0,0,0,0,0,0,"- ","- ",37.25141,-120.48805,MERCED,UNINCORPORATED,-120.48799787999999,37.251461169999999
6469009,2014,2014-07-16,2406,2014-04-16,1553,223,2,3,5,5,2406,0,0,0,,0,020,"WEST 16TH ST","MARTIN LUTHER KING JR WY",140.00,E,N,A,-,N,,,,,,,,,,Y,3,0,1,2,A,-,08,22107,,N,D,C,A,A,H,-,A,A,0,,,,Y,Y,,A,07,0,1,0,0,0,0,0,0,0,"- ","- ",,,MERCED,MERCED,-120.48048649,37.299170959999998
6471519,2014,2014-07-29,2406,2014-05-03,1412,193,2,6,5,5,2406,0,0,0,,0,020,"G ST","WEST 22ND ST",64.00,N,N,A,-,N,,,,,,,,,,Y,3,0,1,3,A,-,03,22350,,N,C,D,A,A,H,-,A,D,0,,,Y,,Y,Y,A,01,0,1,0,0,0,0,0,0,1,"- ","- ",,,MERCED,MERCED,-120.47288263999999,37.30384128
6471521,2014,2014-07-24,2406,2014-05-02,2041,226,,5,5,5,2406,0,0,0,,0,221,"R ST","WEST 16TH ST",24.00,S,N,A,-,N,,,,,,,,,,N,4,0,1,2,D,-,00,,,F,D,G,A,A,H,-,C,A,0,,Y,,,Y,,-,"- ",0,0,1,0,0,0,1,0,0,"- ","- ",,,MERCED,MERCED,-120.49303019,37.303678669999996
6473129,2014,2014-07-16,9460,2014-04-24,2240,019005,,4,3,9,2400,0,3,5,,2,040,"OAKDALE RD","BUHACH RD",2640.00,W,N,B,-,N,,,,,,,,,,Y,3,0,3,1,A,-,08,22107,,N,F,A,A,A,H,-,D,D,0,,,,,Y,,D,22,0,3,0,0,0,0,0,0,0,"- ","- ",37.441189999999999,-120.58108,MERCED,UNINCORPORATED,-120.58438824,37.442201130000001
6473141,2014,2014-07-15,9460,2014-04-21,0625,018673,,1,1,9,2400,0,3,5,,2,090,"ATWATER JORDAN RD","LINCOLN BL",0.00,,Y,A,-,N,,,,,,,,,,Y,4,0,2,2,A,-,09,21802,A,N,D,C,A,A,H,-,A,A,0,,,,Y,Y,,G,26,0,0,2,0,0,0,0,0,0,"- ","- ",37.331560000000003,-120.72387000000001,MERCED,UNINCORPORATED,-120.72382992999999,37.331510110000004
6475667,2014,2014-07-07,9460,2014-03-19,1350,14541,,3,1,9,2400,0,3,5,,2,020,"SOUTH AV","PEPPER ST",1320.00,W,N,A,-,N,,,,,,,,,,Y,2,0,2,1,A,-,08,22107,,F,E,I,A,A,H,-,A,D,0,,,,,Y,Y,A,01,1,0,1,0,0,0,0,0,0,"- ","- ",37.426650000000002,-120.72790000000001,MERCED,UNINCORPORATED,-120.72667491,37.426653999999999
6475692,2014,2014-07-14,9460,2014-04-20,0700,018673,,7,1,9,2400,0,2,4,,1,051,"SNELLING RD","LA PALOMA RD",10032.00,N,N,A,-,N,,,,,,,,,,Y,2,0,1,1,A,-,03,22350,,N,E,I,A,A,H,-,A,D,0,,,Y,,Y,,C,02,1,0,0,0,0,0,0,0,1,"- ","- ",37.422429999999999,-120.44541,MERCED,UNINCORPORATED,-120.44554698,37.421675819999997
6475696,2014,2014-07-14,9460,2014-04-20,1814,018422,,7,2,9,2400,0,3,5,,2,020,"SYCAMORE ST","BLOSS AV",2640.00,N,N,A,-,N,,,,,,,,,,Y,2,0,1,2,A,-,01,23152,A,N,B,C,A,A,H,-,A,D,0,,,Y,,Y,Y,C,02,1,0,0,0,0,0,0,0,1,"- ","- ",37.412660000000002,-120.75919,MERCED,UNINCORPORATED,-120.75925166,37.412108089999997
6475700,2014,2014-07-14,9460,2014-04-22,1915,018422,,2,2,9,2400,0,2,4,,1,071,"SANTA FE AV","MARGUERITE RD",1584.00,N,N,A,-,N,,,,,,,,,,Y,2,0,3,1,A,-,01,23152,A,N,E,I,A,A,H,-,A,D,0,,,,,Y,Y,A,07,1,1,1,0,0,0,0,0,0,"- ","- ",37.174300000000002,-120.18026,MERCED,UNINCORPORATED,-120.18014891999999,37.174164869999998
6475704,2014,2016-04-14,9460,2014-04-22,1410,016942,,2,2,9,2400,0,1,3,,1,590,"RT 59","BELLEVUE RD",672.00,S,N,A,-,Y,MER,10,59,-,-,18.870,H,-,S,N,3,0,1,1,A,-,03,22350,,N,H,A,A,A,H,-,A,D,0,,,Y,,Y,,C,06,0,1,0,0,0,0,0,0,1,"- ","- ",37.359160000000003,-120.50348,MERCED,UNINCORPORATED,-120.50343801,37.359036260000003
6475708,2014,2016-04-13,9460,2014-04-26,1030,018922,,6,1,9,2400,0,1,3,,1,165,"RT 165","FOWLER RD",1056.00,S,N,B,-,Y,MER,10,165,-,-,35.660,H,-,N,Y,4,0,1,2,A,-,03,22350,,N,C,C,A,A,H,-,A,D,0,,,,,Y,,A,01,0,0,1,0,0,0,0,0,0,"- ","- ",37.438420000000001,-120.84941000000001,MERCED,UNINCORPORATED,-120.84953973,37.43752611
6475755,2014,2016-04-14,9460,2014-04-12,0825,017827,,6,1,9,2400,0,1,3,,1,591,"RT 59","CHAMBERLAIN RD",1056.00,N,N,A,-,Y,MER,10,59,-,-,5.230,H,-,N,Y,3,0,1,1,A,-,01,23152,A,N,F,A,A,A,H,-,A,D,0,,,,,Y,Y,A,01,0,1,0,0,0,0,0,0,0,"- ","- ",37.159120000000001,-120.49187000000001,MERCED,UNINCORPORATED,-120.49196941,37.159726900000003
6476390,2014,2016-04-12,9460,2014-04-22,0920,015508,,2,1,9,2400,0,3,5,,2,070,"GERARD AV","RT 59",25.00,E,N,A,-,Y,MER,10,59,-,-,13.630,I,6,N,N,4,0,1,2,A,-,21,22106,,N,H,C,A,A,H,-,A,D,0,,,,,Y,,A,01,0,0,1,0,0,0,0,0,0,"- ","- ",37.281030000000001,-120.48743,MERCED,UNINCORPORATED,-120.48767293,37.280990619999997
6477449,2014,2016-04-09,9460,2014-04-28,1600,017750,,1,2,9,2400,0,1,3,,2,001,"RT 99","COLLIER RD",528.00,S,N,A,-,Y,MER,10,99,-,R,31.830,H,-,N,Y,4,0,2,2,A,-,03,22350,,N,C,C,A,A,H,-,A,D,1,,,,,Y,,A,08,0,0,2,0,0,0,0,0,0,"- ","- ",37.39996,-120.74315,MERCED,UNINCORPORATED,-120.75066592,37.407877030000002
6477450,2014,2016-04-09,9461,2014-04-25,1615,019640,,5,2,9,2400,0,1,1,,2,105,"RT 5","COTTONWOOD RD",2112.00,N,N,B,C,Y,MER,10,5,-,-,28.650,H,-,N,Y,3,0,1,1,A,-,08,22107,,N,E,I,A,B,H,-,A,D,1,,,,,Y,,A,07,0,1,0,0,0,0,0,0,0,"- ","- ",37.193390000000001,-121.07340000000001,MERCED,UNINCORPORATED,-121.07349623,37.193436740000003
6477485,2014,2016-04-09,9461,2014-04-20,2235,018354,,7,3,9,2400,0,1,1,,2,105,"RT 5","RT 152",5808.00,N,N,A,-,Y,MER,10,5,-,-,18.560,H,-,N,Y,4,0,3,1,A,-,08,22107,,N,E,I,A,A,H,-,D,D,1,,,,,Y,,A,01,0,0,3,0,0,0,0,0,0,"- ","- ",,,MERCED,UNINCORPORATED,-120.9804127,37.067920819999998
6477510,2014,2016-05-12,9461,2014-04-27,2020,019724,,7,2,9,2400,0,1,1,,2,305,"RT 5","CALIFORNIA RD",1056.00,S,N,A,-,Y,FRE,6,5,-,-,55.370,H,-,S,Y,3,0,1,1,A,-,08,22107,,N,F,A,A,A,H,-,D,D,1,,,,,Y,,A,08,0,1,0,0,0,0,0,0,0,"- ","- ",36.718260000000001,-120.68322999999999,MERCED,UNINCORPORATED,-120.68332128,36.718088440000002
6477514,2014,2016-04-09,9461,2014-04-24,0550,014205,,4,3,9,2400,0,1,3,,1,152,"RT 152","MERCED/SANTA CLARA CO LINE",2640.00,E,N,A,-,Y,MER,10,152,-,R,0.500,H,-,W,Y,3,0,1,1,A,-,08,22107,,N,E,I,A,A,H,-,B,D,5,,,,,Y,,A,01,0,1,0,0,0,0,0,0,0,"- ","- ",,,MERCED,UNINCORPORATED,-121.20981009,37.074474709999997
6477518,2014,2016-04-09,9461,2014-04-28,0955,019637,,1,1,9,2400,0,1,1,,2,105,"RT 5","BUTTS RD",7920.00,S,N,A,-,Y,MER,10,5,-,-,24.470,H,-,S,Y,4,0,1,1,A,-,08,22107,,N,E,I,A,A,H,-,A,D,1,,,,,Y,,A,01,0,0,1,0,0,0,0,0,0,"- ","- ",37.15249,-121.0471,MERCED,UNINCORPORATED,-121.03874903000001,37.13960067
6478280,2014,2016-04-09,9461,2014-05-02,2345,019052,,5,3,9,2400,0,1,3,,2,453,"RT 152","RT 33",140.00,E,N,A,-,Y,MER,10,152,-,R,32.410,H,-,E,Y,4,0,2,2,A,-,01,23152,A,N,C,C,A,A,H,-,E,D,5,,,,,Y,Y,A,01,0,0,2,0,0,0,0,0,0,"- ","- ",37.049329999999998,-120.63106000000001,MERCED,UNINCORPORATED,-120.63478291,37.050232909999998
6480376,2014,2014-07-15,2406,2014-04-30,1603,190,3,3,5,5,2406,0,0,0,,0,031,"V ST","WEST 8TH ST",21.00,N,N,A,-,N,,,,,,,,,,Y,4,0,1,2,A,-,09,21802,A,N,D,D,A,A,H,-,A,A,0,,,Y,,Y,Y,A,01,0,0,1,0,0,0,0,0,1,"- ","- ",,,MERCED,MERCED,-120.50371052,37.297712629999999
6482005,2014,2014-08-01,2406,2014-05-08,0751,222,2,4,5,5,2406,0,0,0,,0,020,"EAST 15TH ST","D ST",711.00,W,N,A,-,N,,,,,,,,,,Y,4,0,1,2,A,-,09,21801,A,N,A,C,A,A,H,-,A,D,0,,,,,Y,,D,22,0,0,1,0,0,0,0,0,0,"- ","- ",,,MERCED,MERCED,-120.47412093,37.295271390000003
6482013,2014,2014-08-01,2406,2014-05-06,0751,158,CENTR,2,5,5,2406,0,0,0,,0,020,"6TH ST","BEAR CREEK DR",192.00,S,N,C,-,N,,,,,,,,,,Y,4,0,5,4,A,-,03,22350,,N,C,C,A,B,H,-,A,A,0,,,,,Y,,A,01,0,0,5,0,0,0,0,0,0,"- ","- ",,,MERCED,MERCED,-120.46532867000001,37.307486269999998
6482556,2014,2016-04-14,9460,2014-05-05,1640,17750,,1,2,9,2400,0,1,3,,1,591,"RT 59","FREITAS AV",404.00,N,N,A,-,Y,MER,10,59,-,-,6.630,H,-,S,Y,4,0,1,3,A,-,08,22107,,N,D,C,A,A,H,-,A,D,0,,,,Y,Y,,A,01,0,0,1,0,0,0,0,0,0,"- ","- ",37.180300000000003,-120.49144,MERCED,UNINCORPORATED,-120.49144784000001,37.180240679999997
6482923,2014,2014-07-17,2401,2014-04-03,1337,710,2401,4,5,3,2401,0,0,0,,0,002,"ATWATER BL","SYCAMORE AV",50.00,S,N,A,-,N,,,,,,,,,,N,4,0,1,2,A,-,03,22350,,N,C,C,A,A,H,-,A,A,0,,,,,Y,,A,01,0,0,1,0,0,0,0,0,0,"- ","- ",,,MERCED,ATWATER,,
6482927,2014,2014-07-17,2401,2014-04-01,1038,717,2401,2,5,3,2401,0,0,0,,0,002,"APPLEGATE RD","SYCAMORE AV",0.00,,Y,B,C,N,,,,,,,,,,N,4,0,1,2,A,-,21,22106,,N,C,C,A,B,H,-,A,A,0,,,,,Y,,A,01,0,0,1,0,0,0,0,0,0,"- ","- ",,,MERCED,ATWATER,-120.61256987,37.345759899999997
6482931,2014,2014-07-17,2401,2014-04-05,1300,2,2401,6,5,3,2401,0,0,0,,0,003,ATWATER,"4TH ST",0.00,,Y,A,-,N,,,,,,,,,,N,4,0,1,2,B,-,22,,,N,G,B,F,A,H,-,A,D,0,Y,,,,Y,,A,01,0,0,1,0,1,0,0,0,0,"- ","- ",,,MERCED,ATWATER,-120.61036999,37.346399929999997