CASE_ID,ACCIDENT_YEAR,PROC_DATE,JURIS,COLLISION_DATE,COLLISION_TIME,OFFICER_ID,REPORTING_DISTRICT,DAY_OF_WEEK,CHP_SHIFT,POPULATION,CNTY_CITY_LOC,SPECIAL_COND,BEAT_TYPE,CHP_BEAT_TYPE,CITY_DIVISION_LAPD,CHP_BEAT_CLASS,BEAT_NUMBER,PRIMARY_RD,SECONDARY_RD,DISTANCE,DIRECTION,INTERSECTION,WEATHER_1,WEATHER_2,STATE_HWY_IND,CALTRANS_COUNTY,CALTRANS_DISTRICT,STATE_ROUTE,ROUTE_SUFFIX,POSTMILE_PREFIX,POSTMILE,LOCATION_TYPE,RAMP_INTERSECTION,SIDE_OF_HWY,TOW_AWAY,COLLISION_SEVERITY,NUMBER_KILLED,NUMBER_INJURED,PARTY_COUNT,PRIMARY_COLL_FACTOR,PCF_CODE_OF_VIOL,PCF_VIOL_CATEGORY,PCF_VIOLATION,PCF_VIOL_SUBSECTION,HIT_AND_RUN,TYPE_OF_COLLISION,MVIW,PED_ACTION,ROAD_SURFACE,ROAD_COND_1,ROAD_COND_2,LIGHTING,CONTROL_DEVICE,CHP_ROAD_TYPE,PEDESTRIAN_ACCIDENT,BICYCLE_ACCIDENT,MOTORCYCLE_ACCIDENT,TRUCK_ACCIDENT,NOT_PRIVATE_PROPERTY,ALCOHOL_INVOLVED,STWD_VEHTYPE_AT_FAULT,CHP_VEHTYPE_AT_FAULT,COUNT_SEVERE_INJ,COUNT_VISIBLE_INJ,COUNT_COMPLAINT_PAIN,COUNT_PED_KILLED,COUNT_PED_INJURED,COUNT_BICYCLIST_KILLED,COUNT_BICYCLIST_INJURED,COUNT_MC_KILLED,COUNT_MC_INJURED,PRIMARY_RAMP,SECONDARY_RAMP,LATITUDE,LONGITUDE,COUNTY,CITY,POINT_X,POINT_Y
8346940,2016,2017-04-26,2405,2016-11-01,1131,743,3,2,5,3,2405,0,0,0,,0,003,"S 4TH ST","WASHINGTON AV",0.00,,Y,A,-,N,,,,,,,,,,N,4,0,1,2,A,-,09,21802,A,N,D,C,A,A,H,-,A,A,0,,,,,Y,,A,07,0,0,1,0,0,0,0,0,0,"- ","- ",,,MERCED,"LOS BANOS",-120.85311993000001,37.055970049999999
8346944,2016,2017-04-26,2405,2016-11-05,1534,748,3,6,5,3,2405,0,0,0,,0,001,NANTES,"SANTA BARBARA",10.00,W,N,A,-,N,,,,,,,,,,Y,4,0,2,2,A,-,09,21802,A,N,D,C,A,A,H,-,A,A,0,,,,,Y,,D,22,0,0,2,0,0,0,0,0,0,"- ","- ",,,MERCED,"LOS BANOS",-120.85357999999999,37.076349999999998
8346948,2016,2017-05-01,2405,2016-11-08,1453,718,3,2,5,3,2405,0,0,0,,0,001,"7TH ST","G ST",85.00,N,N,A,-,N,,,,,,,,,,Y,4,0,1,4,A,-,03,22350,,N,C,C,A,A,H,-,A,D,0,,,,,Y,,D,22,0,0,1,0,0,0,0,0,0,"- ","- ",,,MERCED,"LOS BANOS",-120.84487765,37.062523669999997
8346969,2016,2017-06-27,2405,2016-10-08,1437,748,3,6,5,3,2405,0,0,0,,0,003,"PACHECO BL","ORTIGALITA RD",450.00,E,N,A,-,Y,MER,10,152,-,-,19.360,H,-,E,Y,2,0,1,2,A,-,03,22350,,N,C,C,A,A,H,-,A,D,0,,,Y,,Y,,C,02,1,0,0,0,0,0,0,0,1,"- ","- ",,,MERCED,"LOS BANOS",-120.86987289,37.0567925
8346985,2016,2017-06-27,2405,2016-10-03,1044,718,3,1,5,3,2405,0,0,0,,0,003,"RT 152","7TH ST",8.00,W,N,B,-,Y,MER,10,152,-,-,20.580,H,-,W,Y,3,0,1,5,A,-,03,22350,,N,C,C,A,A,H,-,A,A,0,,,,Y,Y,,F,26,0,1,0,0,0,0,0,0,0,"- ","- ",,,MERCED,"LOS BANOS",-120.84780069999999,37.056894749999998
8346993,2016,2017-06-27,2405,2016-09-02,1721,752,3,5,5,3,2405,0,0,0,,0,003,"RT 152","H ST",0.00,,Y,A,-,Y,MER,10,152,-,-,21.058,I,5,E,Y,4,0,1,4,A,-,03,22350,,N,C,C,A,A,H,-,A,A,0,,,,,Y,,D,22,0,0,1,0,0,0,0,0,0,"- ","- ",,,MERCED,"LOS BANOS",-120.83919921,37.056918609999997
8346997,2016,2017-06-27,2405,2016-09-09,1752,732,3,5,5,3,2405,0,0,0,,0,003,"PACHECO BL","7TH ST",30.00,W,N,A,-,Y,MER,10,152,-,-,20.880,H,-,E,Y,4,0,1,3,A,-,01,23152,A,M,C,C,A,A,H,-,A,A,0,,,,,Y,Y,D,22,0,0,1,0,0,0,0,0,0,"- ","- ",,,MERCED,"LOS BANOS",-120.84239856000001,37.056909619999999
8347001,2016,2017-04-25,2405,2016-08-16,1449,754,3,2,5,3,2405,0,0,0,,0,001,"WEST I ST","TEXAS AV",72.00,E,N,A,-,N,,,,,,,,,,Y,4,0,1,2,A,-,03,22350,,N,C,C,A,A,H,-,A,A,0,,,,,Y,,A,01,0,0,1,0,0,0,0,0,0,"- ","- ",,,MERCED,"LOS BANOS",-120.86062348999999,37.063208410000001
8347005,2016,2017-06-27,2405,2016-08-27,1834,732,3,6,5,3,2405,0,0,0,,0,004,"RT 165","OVERLAND AV",12.00,N,N,A,-,Y,MER,10,165,-,-,9.460,H,-,S,N,4,0,1,2,A,-,21,22106,,N,-,C,A,A,H,-,A,A,0,,,,,Y,,A,01,0,0,1,0,0,0,0,0,0,"- ","- ",,,MERCED,"LOS BANOS",-120.83519932999999,37.066696440000001
8347017,2016,2017-06-27,2405,2016-08-10,1830,754,3,3,5,3,2405,0,0,0,,0,003,"RT 152","4TH ST",333.00,E,N,A,-,Y,MER,10,152,-,-,20.350,H,-,E,Y,4,0,3,4,A,-,03,22350,,N,C,C,A,A,H,-,A,A,0,,,,,Y,,A,01,0,0,3,0,0,0,0,0,0,"- ","- ",,,MERCED,"LOS BANOS",-120.85224882,37.056888499999999
8347021,2016,2017-04-25,2405,2016-08-07,2155,745,3,7,5,3,2405,0,0,0,,0,001,"WEST I ST","IDAHO ST",0.00,,Y,A,-,N,,,,,,,,,,N,4,0,1,2,A,-,10,21950,A,N,G,B,B,A,H,-,C,D,0,Y,,,,Y,,D,23,0,0,1,0,1,0,0,0,0,"- ","- ",,,MERCED,"LOS BANOS",-120.86007985000001,37.063340099999998
8347025,2016,2017-06-27,2405,2016-08-04,1418,752,3,4,5,3,2405,0,0,0,,0,003,"RT 152","PLACE RD",236.00,E,N,A,-,Y,MER,10,152,-,-,21.800,H,-,E,Y,4,0,1,2,A,-,08,22107,,N,B,C,A,A,H,-,A,A,0,,,,Y,Y,,G,26,0,0,1,0,0,0,0,0,0,"- ","- ",,,MERCED,"LOS BANOS",-120.82574485000001,37.057021570000003
8347637,2017,2017-05-01,2406,2017-03-20,1000,240,3,1,5,5,2406,0,0,0,,0,031,"WEST 3RD ST","R ST",48.00,W,N,B,-,N,,,,,,,,,,N,4,0,1,2,A,-,03,22350,,M,C,C,A,A,H,-,A,A,0,,,,,Y,,A,07,0,0,1,0,0,0,0,0,0,"- ","- ",,,MERCED,MERCED,-120.50075975,37.290525279999997
8347645,2017,2017-05-01,2406,2017-03-29,0416,250,2,3,5,5,2406,0,0,0,,0,021,"N ST","WEST 19TH ST",204.00,S,N,F,-,N,,,,,,,,,,Y,4,0,1,1,C,-,18,,,N,F,I,A,D,D,-,C,D,0,,,,Y,Y,,-,"- ",0,0,1,0,0,0,0,0,0,"- ","- ",,,MERCED,MERCED,-120.48551931,37.30400976
8347649,2017,2017-05-01,2406,2017-03-13,1649,247,1,1,5,5,2406,0,0,0,,0,010,"M ST","BUENA VISTA DR",0.00,,Y,A,-,N,,,,,,,,,,Y,4,0,1,2,A,-,12,22450,,N,D,C,A,A,H,-,A,A,0,,,,,Y,,A,07,0,0,1,0,0,0,0,0,0,"- ","- ",,,MERCED,MERCED,-120.47853000000001,37.327000089999999
8347653,2017,2017-05-01,2406,2017-03-13,1229,254,2,1,5,5,2406,0,0,0,,0,020,"G ST","EAST 18TH ST",0.00,,Y,A,-,N,,,,,,,,,,Y,3,0,2,3,A,-,12,21453,A,N,D,C,A,A,H,-,A,A,0,,,,,Y,,A,01,0,1,1,0,0,0,0,0,0,"- ","- ",,,MERCED,MERCED,-120.47525987,37.299680010000003
8347673,2017,2017-05-01,2406,2017-03-30,1500,252,2406,4,5,5,2406,0,0,0,,0,221,"R ST","14TH ST",132.00,N,N,A,-,N,,,,,,,,,,Y,3,0,2,3,A,-,08,22107,,N,A,C,A,A,H,-,A,D,0,,,,,Y,,A,01,0,2,0,0,0,0,0,0,0,"- ","- ",,,MERCED,MERCED,-120.4941001,37.301759169999997
8347744,2016,2017-04-25,2405,2016-07-15,1326,720,3,5,5,3,2405,0,0,0,,0,002,"SNOWGOOSE DR","N CREEKSIDE DR",0.00,,Y,A,-,N,,,,,,,,,,N,3,0,1,2,A,-,08,22100,A,N,B,C,A,A,H,-,A,D,0,,,Y,,Y,,A,07,0,1,0,0,0,0,0,0,1,"- ","- ",,,MERCED,"LOS BANOS",-120.81438998,37.065850099999999
8347748,2016,2017-04-25,2405,2016-07-28,1100,743,3,4,5,3,2405,0,0,0,,0,002,"SAN LUIS ST","S FALLBROOK DR",0.00,,Y,A,-,N,,,,,,,,,,Y,4,0,1,1,A,-,03,22350,,N,A,I,A,A,H,-,A,A,0,,,,,Y,,A,01,0,0,1,0,0,0,0,0,0,"- ","- ",,,MERCED,"LOS BANOS",-120.81498988,37.060950040000002
8347752,2016,2017-04-25,2405,2016-07-19,1829,753,3,2,5,3,2405,0,0,0,,0,004,"STONEWOOD DR","SANTA BARBARA AV",0.00,,Y,A,-,N,,,,,,,,,,Y,4,0,1,2,A,-,09,21801,A,N,D,C,A,A,H,-,A,D,0,,,,,Y,,A,01,0,0,1,0,0,0,0,0,0,"- ","- ",,,MERCED,"LOS BANOS",-120.84308992,37.076520019999997
8347756,2016,2017-04-25,2405,2016-05-15,1034,749,3,7,5,3,2405,0,0,0,,0,004,"STONEWOOD DR","SANTA BARBARA ST",0.00,,Y,A,-,N,,,,,,,,,,Y,4,0,1,2,A,-,12,22450,A,N,B,C,A,A,H,-,A,D,0,,,,,Y,,A,01,0,0,1,0,0,0,0,0,0,"- ","- ",,,MERCED,"LOS BANOS",-120.84308992,37.076520019999997
8347764,2016,2017-04-25,2405,2016-09-16,1030,752,3,5,5,3,2405,0,0,0,,0,002,"7TH ST","H ST",207.00,N,N,A,-,N,,,,,,,,,,N,4,0,1,2,A,-,12,21453,A,N,D,G,A,A,H,-,A,A,0,,Y,,,Y,,A,01,0,0,1,0,0,0,1,0,0,"- ","- ",,,MERCED,"LOS BANOS",-120.84543638,37.061727339999997
8347768,2016,2017-06-27,2405,2016-09-18,1655,745,2405,7,5,3,2405,0,0,0,,0,001,"NEVADA AV","RT 152",0.00,,Y,A,-,Y,MER,10,152,-,-,20.090,I,5,W,N,3,0,1,2,A,-,05,21650,1,N,D,C,A,A,H,-,A,D,0,,Y,,,Y,,L,04,0,1,0,0,0,0,1,0,0,"- ","- ",,,MERCED,"LOS BANOS",-120.85665931,37.056884199999999
8347772,2016,2017-04-25,2405,2016-09-20,0755,718,3,2,5,3,2405,0,0,0,,0,004,"REGENCY DR","FAIRMONT DR",0.00,,Y,A,-,N,,,,,,,,,,N,4,0,2,2,A,-,12,22450,A,N,D,C,A,A,H,-,A,A,0,,,,,Y,,A,01,0,0,2,0,0,0,0,0,0,"- ","- ",,,MERCED,"LOS BANOS",-120.82982994,37.078590040000002
8347792,2016,2017-04-26,2405,2016-10-28,0837,748,3,5,5,3,2405,0,0,0,,0,001,"WILLMOTT AV","2ND ST",0.00,,Y,C,-,N,,,,,,,,,,Y,4,0,1,2,A,-,12,22450,A,N,D,C,A,B,H,-,A,A,0,,,,,Y,,A,01,0,0,1,0,0,0,0,0,0,"- ","- ",,,MERCED,"LOS BANOS",-120.85048987,37.069140070000003
8347796,2016,2017-04-26,2405,2016-10-17,0746,724,3,1,5,3,2405,0,0,0,,0,003,"PAIGE AV","MONTE VISTA DR",450.00,E,N,A,-,N,,,,,,,,,,N,4,0,1,2,A,-,08,22107,,N,D,C,A,A,H,-,A,D,0,,,,,Y,,A,01,0,0,1,0,0,0,0,0,0,"- ","- ",,,MERCED,"LOS BANOS",-120.84228389,37.049619999999997
8347797,2016,2017-04-25,2405,2016-08-08,1051,718,3,1,5,3,2405,0,0,0,,0,003,"PIONEER RD","BLACKHILLS DR",20.00,W,N,A,-,N,,,,,,,,,,Y,4,0,2,2,A,-,09,21802,A,N,D,C,A,A,H,-,A,D,0,,,,,Y,,A,01,0,0,2,0,0,0,0,0,0,"- ","- ",,,MERCED,"LOS BANOS",-120.84564852,37.042340000000003
8347798,2016,2017-04-26,2405,2016-09-21,1653,743,3,3,5,3,2405,0,0,0,,0,004,"SKYLARK AV","EAGLE ST",25.00,S,N,A,-,N,,,,,,,,,,N,4,0,1,2,A,-,08,22107,,N,D,G,A,A,H,-,A,D,0,,Y,,,Y,,L,04,0,0,1,0,0,0,1,0,0,"- ","- ",,,MERCED,"LOS BANOS",-120.83438099999999,37.081991350000003
8347800,2016,2017-04-25,2405,2016-10-03,0820,724,3,1,5,3,2405,0,0,0,,0,001,"I ST","6TH ST",70.00,W,N,A,-,N,,,,,,,,,,Y,4,0,2,2,A,-,08,22101,D,N,D,C,A,A,H,-,A,D,0,,,,,Y,,A,01,0,0,2,0,0,0,0,0,0,"- ","- ",,,MERCED,"LOS BANOS",-120.8481283,37.061005350000002
8347801,2016,2017-04-25,2405,2016-08-04,1720,753,3,4,5,3,2405,0,0,0,,0,001,"H ST","3RD ST",0.00,,Y,A,-,N,,,,,,,,,,N,4,0,1,2,A,-,03,22350,,N,C,C,A,A,H,-,A,D,0,,,,,Y,,A,01,0,0,1,0,0,0,0,0,0,"- ","- ",,,MERCED,"LOS BANOS",-120.85154999,37.063809999999997
8347802,2016,2017-06-27,2405,2016-09-14,1817,749,3,3,5,3,2405,0,0,0,,0,003,"RT 152","S NEVADA AV",40.00,W,N,A,-,Y,MER,10,152,-,-,20.080,H,-,E,N,4,0,1,2,A,-,09,21804,A,N,A,C,A,A,H,-,A,D,0,,,Y,,Y,,A,08,0,0,1,0,0,0,0,0,1,"- ","- ",,,MERCED,"LOS BANOS",-120.85681520999999,37.056883939999999
8347804,2016,2017-04-25,2405,2016-09-30,0759,724,3,5,5,3,2405,0,0,0,,0,001,"WEST J ST","NEVADA ST",250.00,W,N,A,-,N,,,,,,,,,,Y,4,0,2,2,A,-,08,22107,,N,A,C,A,A,H,-,A,D,0,,,,,Y,,A,07,0,0,2,0,0,0,0,0,0,"- ","- ",,,MERCED,"LOS BANOS",-120.85677671000001,37.062185909999997
8347805,2016,2017-04-25,2405,2016-08-02,1923,747,3,2,5,3,2405,0,0,0,,0,004,"VINEYARD ST","NANTES RD",0.00,,Y,A,-,N,,,,,,,,,,,3,0,1,2,A,-,10,21950,A,F,G,B,B,A,H,-,A,A,0,Y,,,,Y,Y,-,,0,1,0,0,1,0,0,0,0,"- ","- ",,,MERCED,"LOS BANOS",-120.85331997999999,37.082670010000001
8347806,2016,2017-04-26,2405,2016-09-09,0737,724,3,5,5,3,2405,0,0,0,,0,001,"F ST","3RD ST",0.00,,Y,A,-,N,,,,,,,,,,N,4,0,1,2,A,-,09,21802,A,N,D,C,A,A,H,-,A,A,0,,,,,Y,,A,01,0,0,1,0,0,0,0,0,0,"- ","- ",,,MERCED,"LOS BANOS",-120.85011996999999,37.065860010000002
8347808,2016,2017-04-25,2405,2016-09-24,2125,748,3,6,5,3,2405,0,0,0,,0,002,"F ST","SAN JUAN AV",15.00,N,N,A,-,N,,,,,,,,,,N,4,0,1,2,A,-,09,21802,A,N,B,C,A,A,H,-,C,A,0,,,,,Y,,A,01,0,0,1,0,0,0,0,0,0,"- ","- ",,,MERCED,"LOS BANOS",-120.83958531,37.061149450000002
8347809,2016,2017-04-25,2405,2016-07-04,2115,753,3,1,5,3,2405,0,0,0,,0,003,"PLACE RD","PACHECO BL",1320.00,S,N,A,-,N,,,,,,,,,,N,3,0,1,2,A,-,11,21954,A,N,G,B,C,A,H,-,C,D,0,Y,,,,Y,Y,N,60,0,1,0,0,1,0,0,0,0,"- ","- ",,,MERCED,"LOS BANOS",-120.82645685,37.053394990000001
8347810,2016,2017-04-25,2405,2016-08-23,1317,754,35,2,5,3,2405,0,0,0,,0,002,"G ST","SAN JUAN AV",0.00,,Y,A,-,N,,,,,,,,,,Y,3,0,2,2,A,-,09,21800,A,N,D,C,A,A,H,-,A,D,0,,,,,Y,,A,01,0,1,1,0,0,0,0,0,0,"- ","- ",,,MERCED,"LOS BANOS",-120.83957986999999,37.060130090000001
8347812,2016,2017-04-26,2405,2016-11-07,1537,724,3,1,5,3,2405,0,0,0,,0,001,"2ND ST","WILLMOTT RD",30.00,S,N,A,-,N,,,,,,,,,,N,4,0,1,2,A,-,03,22350,,N,C,C,A,A,H,-,A,A,0,,,,,Y,,A,01,0,0,1,0,0,0,0,0,0,"- ","- ",,,MERCED,"LOS BANOS",-120.85048999999999,37.069057610000002
8347816,2016,2017-04-26,2405,2016-11-08,0737,718,3,2,5,3,2405,0,0,0,,0,003,"CENTER AV","CARDOZA RD",0.00,,Y,A,-,N,,,,,,,,,,Y,4,0,1,2,A,-,09,21802,A,N,D,C,A,A,H,-,A,A,0,,,,,Y,,A,01,0,0,1,0,0,0,0,0,0,"- ","- ",,,MERCED,"LOS BANOS",-120.85380993,37.04951011
8347820,2016,2017-07-26,2405,2016-10-10,1231,743,3,1,5,3,2405,0,0,0,,0,002,"H ST","RT 152",90.00,N,N,A,-,N,,,,,,,,,,Y,4,0,1,2,A,-,01,23152,A,N,C,C,A,A,H,-,A,A,0,,,,,Y,Y,A,01,0,0,1,0,0,0,0,0,0,"- ","- ",,,MERCED,"LOS BANOS",-120.838932,37.057178
8347824,2016,2017-04-26,2405,2016-11-08,2218,716,3,2,5,3,2405,0,0,0,,0,004,"VINEYARD DR","STONEWOOD DR",383.00,W,N,A,-,N,,,,,,,,,,N,2,0,1,2,A,-,11,21954,A,M,G,B,E,A,H,-,D,D,0,Y,,,,Y,,N,60,1,0,0,0,1,0,0,0,0,"- ","- ",,,MERCED,"LOS BANOS",-120.84512284,37.082805819999997
8347828,2016,2017-04-26,2405,2016-10-11,1030,718,3,2,5,3,2405,0,0,0,,0,002,"H ST","2ND ST",0.00,,Y,A,-,N,,,,,,,,,,Y,4,0,1,2,A,-,09,21800,A,N,D,C,A,A,H,-,A,A,0,,,,,Y,,A,07,0,0,1,0,0,0,0,0,0,"- ","- ",,,MERCED,"LOS BANOS",-120.85294994,37.064470049999997
8347832,2016,2017-04-26,2405,2016-10-11,1917,716,3,2,5,3,2405,0,0,0,,0,001,"3RD ST","H ST",10.00,S,N,A,-,N,,,,,,,,,,N,4,0,1,2,A,-,03,22350,,N,C,C,A,A,H,-,B,A,0,,,,,Y,,-,,0,0,1,0,0,0,0,0,0,"- ","- ",,,MERCED,"LOS BANOS",-120.85156667,37.063786010000001
8347836,2016,2017-04-26,2405,2016-10-30,1326,748,3,7,5,3,2405,0,0,0,,0,001,"COTTONWOOD DR","SANTA BARBARA ST",0.00,,Y,C,-,N,,,,,,,,,,Y,4,0,2,2,A,-,09,21802,A,N,D,C,A,B,H,-,A,A,0,,,,,Y,,A,01,0,0,2,0,0,0,0,0,0,"- ","- ",,,MERCED,"LOS BANOS",-120.84488995,37.076350009999999
8347840,2016,2017-04-26,2405,2016-11-17,1423,747,3,4,5,3,2405,0,0,0,,0,001,"6TH ST","M ST",42.00,N,N,A,-,N,,,,,,,,,,Y,4,0,1,3,A,-,21,22106,,N,D,C,A,A,H,-,A,A,0,,,,,Y,,A,01,0,0,1,0,0,0,0,0,0,"- ","- ",,,MERCED,"LOS BANOS",-120.84985918,37.05816042
8347871,2016,2017-04-24,2405,2016-09-11,1924,753,3,7,5,3,2405,0,0,0,,0,002,"G ST","SAN JUAN ST",150.00,W,N,A,-,N,,,,,,,,,,N,4,0,1,1,A,-,03,22350,,N,E,I,A,A,H,-,B,D,0,,,Y,,Y,,C,02,0,0,1,0,0,0,0,0,1,"- ","- ",,,MERCED,"LOS BANOS",-120.84009293,37.06013944
8347907,2016,2017-04-25,2405,2016-09-06,1516,740,,2,5,3,2405,0,0,0,,0,001,WILLMOTT,"STONEWOOD DR",0.00,,Y,A,-,N,,,,,,,,,,N,4,0,2,3,A,-,08,22107,,N,G,B,B,A,H,-,A,-,0,Y,,,,Y,,A,01,0,0,2,0,2,0,0,0,0,"- ","- ",,,MERCED,"LOS BANOS",-120.84059999,37.06919001
8347955,2017,2017-06-17,2406,2017-03-14,0922,165,3,2,5,5,2406,0,0,0,,0,030,"WEST CHILDS AV","MARTIN LUTHER KING JR WY",53.00,W,N,A,-,N,,,,,,,,,,N,4,0,1,2,A,-,21,22106,,N,C,C,A,A,H,-,A,D,0,,,,,Y,,A,01,0,0,1,0,0,0,0,0,0,"- ","- ",,,MERCED,MERCED,-120.48761214,37.288269999999997
8347959,2017,2017-04-25,2406,2017-03-14,0753,254,1,2,5,5,2406,0,0,0,,0,010,"G ST","BEAR CREEK DR",0.00,,Y,A,-,N,,,,,,,,,,N,3,0,1,2,A,-,05,21650,1,F,H,G,A,A,H,-,A,A,0,,Y,,,Y,,L,04,0,1,0,0,0,0,1,0,0,"- ","- ",,,MERCED,MERCED,-120.46960989999999,37.309420039999999
8347963,2017,2017-04-25,2406,2017-03-13,1606,246,2,1,5,5,2406,0,0,0,,0,021,"R ST","WEST 19TH ST",0.00,,Y,A,-,N,,,,,,,,,,Y,4,0,1,2,A,-,09,21802,A,F,D,C,A,A,H,-,A,A,0,,,,,Y,Y,A,01,0,0,1,0,0,0,0,0,0,"- ","- ",,,MERCED,MERCED,-120.49126986,37.306760079999997
8347983,2017,2017-04-25,2406,2017-03-15,0901,240,2,3,5,5,2406,0,0,0,,0,020,"G ST","W 18TH ST",0.00,,Y,A,-,N,,,,,,,,,,N,4,0,1,2,A,-,10,21950,A,N,G,B,B,A,H,-,A,A,0,Y,,,,Y,,A,01,0,0,1,0,1,0,0,0,0,"- ","- ",,,MERCED,MERCED,-120.47525987,37.299680010000003
8347987,2017,2017-04-25,2406,2017-03-15,0843,129,NORTH,3,5,5,2406,0,0,0,,0,010,"G ST","CARDELLA RD",0.00,,Y,A,-,N,,,,,,,,,,Y,4,0,1,2,A,-,12,21453,A,N,D,C,A,A,H,-,A,A,0,,,,,Y,,A,01,0,0,1,0,0,0,0,0,0,"- ","- ",,,MERCED,MERCED,-120.46882986,37.34668989
8347994,2017,2017-04-25,2406,2017-03-15,0830,240,2,3,5,5,2406,0,0,0,,0,020,"WEST 16TH ST","K ST",0.00,,Y,A,-,N,,,,,,,,,,Y,4,0,1,2,A,-,09,21804,A,N,D,C,A,A,H,-,A,D,0,,,,,Y,,A,01,0,0,1,0,0,0,0,0,0,"- ","- ",,,MERCED,MERCED,-120.48236986000001,37.299880000000002
8348032,2016,2017-04-27,2405,2016-11-29,0759,718,3,2,5,3,2405,0,0,0,,0,004,"COTTONWOOD DR","SANTA BARBARA ST",0.00,,Y,A,-,N,,,,,,,,,,Y,4,0,2,2,A,-,09,21802,A,N,D,C,A,A,H,-,A,A,0,,,,,Y,,A,01,0,0,2,0,0,0,0,0,0,"- ","- ",,,MERCED,"LOS BANOS",-120.84488995,37.076350009999999
8348036,2016,2017-04-26,2405,2016-11-14,0741,718,3,1,5,3,2405,0,0,0,,0,002,"PLACE RD","OVERLAND AV",0.00,,Y,A,-,N,,,,,,,,,,N,3,0,1,2,A,-,10,21950,A,N,G,B,B,A,H,-,A,D,0,Y,,,,Y,,A,01,0,1,0,0,1,0,0,0,0,"- ","- ",,,MERCED,"LOS BANOS",-120.82626988,37.073310110000001
8348690,2016,2017-06-27,2405,2016-07-02,1319,745,3,6,5,3,2405,0,0,0,,0,003,"RT 152","I ST",0.00,,Y,A,-,Y,MER,10,152,-,-,19.600,H,-,W,Y,4,0,1,1,A,-,03,22350,,N,H,A,A,A,H,-,A,A,0,,,Y,,Y,,C,02,0,0,1,0,0,0,0,0,1,"- ","- ",,,MERCED,"LOS BANOS",-120.86556324999999,37.056852120000002
8348721,2016,2017-06-27,2405,2016-07-30,2324,745,3,6,5,3,2405,0,0,0,,0,002,"RT 152","NICKEL ST",300.00,E,N,A,-,Y,MER,10,152,-,-,21.860,H,-,W,Y,3,0,3,2,A,-,01,23152,A,F,C,C,A,A,H,-,C,D,0,,,,,Y,Y,A,01,0,1,2,0,0,0,0,0,0,"- ","- ",,,MERCED,"LOS BANOS",-120.82465143,37.057030670000003
8348722,2016,2017-06-27,2405,2016-05-19,0759,749,3,4,5,3,2405,0,0,0,,0,004,"RT 165","DOVE AV",0.00,,Y,A,-,Y,MER,10,165,-,-,10.550,I,5,S,Y,3,0,1,2,A,-,03,22350,,N,C,C,A,A,H,-,A,D,0,,,,,Y,,A,01,0,1,0,0,0,0,0,0,0,"- ","- ",,,MERCED,"LOS BANOS",-120.83494889000001,37.082763
8348725,2016,2017-06-27,2405,2016-07-25,0624,718,3,1,5,3,2405,0,0,0,,0,003,"RT 152","6TH ST",228.00,E,N,A,-,Y,MER,10,152,-,-,20.460,H,-,W,Y,4,0,2,2,A,-,09,21801,A,N,D,A,A,A,H,-,A,D,0,,,,,Y,,A,07,0,0,2,0,0,0,0,0,0,"- ","- ",,,MERCED,"LOS BANOS",-120.85012129,37.056891819999997
8348729,2016,2017-06-27,2405,2016-07-20,1611,749,3,3,5,3,2405,0,0,0,,0,003,"RT 152","RT 152 300 BLK",0.00,,N,A,-,Y,MER,10,152,-,-,20.040,H,-,E,N,4,0,1,2,A,-,09,21802,A,N,C,C,A,A,H,-,A,D,0,,,,Y,Y,,F,27,0,0,1,0,0,0,0,0,0,"- ","- ",,,MERCED,"LOS BANOS",-120.85743764999999,37.056882870000003
8348733,2016,2017-06-27,2405,2016-07-19,1836,754,035,2,5,3,2405,0,0,0,,0,002,"RT 165","SANTA BARBARA ST",60.00,S,N,A,-,Y,MER,10,165,-,-,10.140,H,-,N,Y,4,0,2,2,A,-,09,21801,A,N,D,C,A,A,H,-,A,D,0,,,,,Y,,A,08,0,0,2,0,0,0,0,0,0,"- ","- ",,,MERCED,"LOS BANOS",-120.83504549,37.076646330000003
8348741,2016,2017-06-27,2405,2016-07-14,1307,718,3,4,5,3,2405,0,0,0,,0,003,"RT 152","PLACE RD",528.00,W,N,A,-,Y,MER,10,152,-,-,21.660,H,-,E,Y,4,0,1,2,A,-,03,22350,,N,C,C,A,A,H,-,A,A,0,,,,,Y,,A,01,0,0,1,0,0,0,0,0,0,"- ","- ",,,MERCED,"LOS BANOS",-120.82827383999999,37.057000260000002
8348745,2016,2017-06-27,2405,2016-07-09,1732,752,3,6,5,3,2405,0,0,0,,0,003,"RT 152","PLACE RD",357.00,E,N,A,-,Y,MER,10,152,-,-,21.830,H,-,E,N,4,0,1,2,A,-,08,22107,,N,H,A,A,A,H,-,A,A,0,,,Y,,Y,Y,C,02,0,0,1,0,0,0,0,0,1,"- ","- ",,,MERCED,"LOS BANOS",-120.82521706999999,37.057025920000001
8348753,2016,2017-06-27,2405,2016-05-10,0729,740,3,2,5,3,2405,0,0,0,,0,004,"RT 165","REGENCY DR",0.00,,Y,A,-,Y,MER,10,165,-,-,10.264,H,-,N,Y,4,0,1,2,A,-,09,21801,A,N,D,D,A,A,H,-,A,D,0,,,,,Y,,A,08,0,0,1,0,0,0,0,0,0,"- ","- ",,,MERCED,"LOS BANOS",-120.83501639000001,37.078497140000003
8348757,2016,2017-06-27,2405,2016-05-13,1045,749,3,5,5,3,2405,0,0,0,,0,003,"RT 152","SAN LUIS ST",85.00,E,N,A,-,Y,MER,10,152,-,-,22.880,H,-,W,Y,3,0,3,1,A,-,03,22350,,N,F,A,A,A,H,-,A,D,0,,,,,Y,,A,07,0,2,1,0,0,0,0,0,0,"- ","- ",,,MERCED,"LOS BANOS",-120.80659643,37.056394969999999
8348773,2016,2017-06-27,2405,2016-05-14,1742,752,3,6,5,3,2405,0,0,0,,0,003,"W PACHECO BL","NEVADA AV",0.00,,Y,A,-,Y,MER,10,152,-,-,20.120,H,-,E,N,2,0,1,2,A,-,08,22107,,N,B,C,A,A,H,-,A,D,0,,,Y,,Y,,C,02,1,0,0,0,0,0,0,0,1,"- ","- ",,,MERCED,"LOS BANOS",-120.85620389,37.05688499
8348775,2016,2017-06-27,2405,2016-05-07,1612,753,3,6,5,3,2405,0,0,0,,0,003,"RT 152","BADGER FLAT RD",120.00,W,N,A,-,Y,MER,10,152,-,-,18.320,H,-,E,Y,4,0,2,2,A,-,03,22350,,N,C,C,A,A,H,-,A,A,0,,,,,Y,,A,01,0,0,2,0,0,0,0,0,0,"- ","- ",,,MERCED,"LOS BANOS",-120.88832702000001,37.056702520000002