CASE_ID,ACCIDENT_YEAR,PROC_DATE,JURIS,COLLISION_DATE,COLLISION_TIME,OFFICER_ID,REPORTING_DISTRICT,DAY_OF_WEEK,CHP_SHIFT,POPULATION,CNTY_CITY_LOC,SPECIAL_COND,BEAT_TYPE,CHP_BEAT_TYPE,CITY_DIVISION_LAPD,CHP_BEAT_CLASS,BEAT_NUMBER,PRIMARY_RD,SECONDARY_RD,DISTANCE,DIRECTION,INTERSECTION,WEATHER_1,WEATHER_2,STATE_HWY_IND,CALTRANS_COUNTY,CALTRANS_DISTRICT,STATE_ROUTE,ROUTE_SUFFIX,POSTMILE_PREFIX,POSTMILE,LOCATION_TYPE,RAMP_INTERSECTION,SIDE_OF_HWY,TOW_AWAY,COLLISION_SEVERITY,NUMBER_KILLED,NUMBER_INJURED,PARTY_COUNT,PRIMARY_COLL_FACTOR,PCF_CODE_OF_VIOL,PCF_VIOL_CATEGORY,PCF_VIOLATION,PCF_VIOL_SUBSECTION,HIT_AND_RUN,TYPE_OF_COLLISION,MVIW,PED_ACTION,ROAD_SURFACE,ROAD_COND_1,ROAD_COND_2,LIGHTING,CONTROL_DEVICE,CHP_ROAD_TYPE,PEDESTRIAN_ACCIDENT,BICYCLE_ACCIDENT,MOTORCYCLE_ACCIDENT,TRUCK_ACCIDENT,NOT_PRIVATE_PROPERTY,ALCOHOL_INVOLVED,STWD_VEHTYPE_AT_FAULT,CHP_VEHTYPE_AT_FAULT,COUNT_SEVERE_INJ,COUNT_VISIBLE_INJ,COUNT_COMPLAINT_PAIN,COUNT_PED_KILLED,COUNT_PED_INJURED,COUNT_BICYCLIST_KILLED,COUNT_BICYCLIST_INJURED,COUNT_MC_KILLED,COUNT_MC_INJURED,PRIMARY_RAMP,SECONDARY_RAMP,LATITUDE,LONGITUDE,COUNTY,CITY,POINT_X,POINT_Y
8721334,2018,2018-10-23,2406,2018-09-14,0743,269,1,5,5,5,2406,0,0,0,,0,010,"G ST","WEST OLIVE AV",2.00,N,N,A,-,N,,,,,,,,,,N,2,0,1,2,A,-,21,22106,,N,G,B,D,A,H,-,A,A,0,Y,,,,Y,,A,01,1,0,0,0,1,0,0,0,0,"- ","- ",,,MERCED,MERCED,-120.46943664550781,37.318546295166016
8724985,2018,2018-11-05,2406,2018-09-24,0839,129,CENTR,1,5,5,2406,0,0,0,,0,020,"EAST 16TH ST","D ST",560.00,E,N,A,-,N,,,,,,,,,,N,4,0,1,2,A,-,11,21954,A,N,G,B,D,A,H,-,A,D,0,Y,,,,Y,,N,60,0,0,1,0,1,0,0,0,0,"- ","- ",,,MERCED,MERCED,-120.46967315673828,37.294651031494141
8725017,2018,2018-11-01,2406,2018-10-03,1212,268,1,3,5,5,2406,0,0,0,,0,011,"WEST OLIVE AV","LOUGHBOROUGH DR",528.00,W,N,C,-,N,,,,,,,,,,Y,4,0,1,2,A,-,06,21760,C,N,H,G,A,B,H,-,A,D,0,,Y,,,Y,,D,22,0,0,1,0,0,0,1,0,0,"- ","- ",,,MERCED,MERCED,-120.50161743164062,37.319042205810547
8725536,2018,2018-10-25,2406,2018-09-24,1459,270,1,1,5,5,2406,0,0,0,,0,010,"G ST","BROOKDALE DR",0.00,,Y,A,-,N,,,,,,,,,,Y,3,0,2,2,A,-,09,21801,A,N,D,C,A,A,H,-,A,D,0,,,,,Y,,A,01,0,1,1,0,0,0,0,0,0,"- ","- ",,,MERCED,MERCED,-120.4693603515625,37.321670532226562
8725540,2018,2018-10-25,2406,2018-09-27,0805,268,2,4,5,5,2406,0,0,0,,0,021,"WEST 20TH ST","T ST",0.00,,Y,A,-,N,,,,,,,,,,Y,4,0,1,2,A,-,09,21802,A,N,D,C,A,A,H,-,A,A,0,,,,,Y,,A,01,0,0,1,0,0,0,0,0,0,"- ","- ",,,MERCED,MERCED,-120.49368286132812,37.308860778808594
8725569,2018,2018-11-09,2406,2018-10-02,1133,268,1,2,5,5,2406,0,0,0,,0,001,"M ST","BUENA VISTA DR",0.00,,Y,B,-,N,,,,,,,,,,Y,3,0,2,2,A,-,09,21802,A,N,D,C,A,A,H,-,A,A,0,,,,,Y,,A,07,0,1,1,0,0,0,0,0,0,"- ","- ",,,MERCED,MERCED,-120.47853088378906,37.326999664306641
8725577,2018,2018-11-09,2406,2018-10-03,1312,191,2,3,5,5,2406,0,0,0,,0,020,"M ST","WEST 25TH ST",9.00,S,N,C,-,N,,,,,,,,,,N,4,0,1,2,A,-,03,22350,,N,H,G,A,B,H,-,A,D,0,,Y,,,Y,,A,01,0,0,1,0,0,0,1,0,0,"- ","- ",,,MERCED,MERCED,-120.48029327392578,37.309928894042969
8725581,2018,2018-11-09,2406,2018-10-03,1148,129,CENTR,3,5,5,2406,0,0,0,,0,020,"G ST","WEST 23RD ST",0.00,,Y,A,-,N,,,,,,,,,,Y,4,0,1,2,A,-,09,21802,A,N,D,C,A,B,H,-,A,A,0,,,,,Y,,A,07,0,0,1,0,0,0,0,0,0,"- ","- ",,,MERCED,MERCED,-120.47245025634766,37.304641723632812
8725593,2018,2018-11-09,2406,2018-10-05,0644,264,NORTH,5,5,5,2406,0,0,0,,0,010,"G ST","EAST OLIVE AV",300.00,S,N,A,-,N,,,,,,,,,,Y,4,0,3,3,A,-,03,22350,,N,C,C,A,A,H,-,A,A,0,,,,,Y,,A,01,0,0,3,0,0,0,0,0,0,"- ","- ",,,MERCED,MERCED,-120.46924591064453,37.317626953125
8725597,2018,2018-11-09,2406,2018-10-05,0109,260,1,5,5,5,2406,0,0,0,,0,011,"WEST YOSEMITE AV","COMPASS POINTE AV",339.00,N,N,A,-,N,,,,,,,,,,Y,4,0,1,1,A,-,01,23152,A,N,E,I,A,A,H,-,C,A,0,,,,,Y,Y,A,01,0,0,1,0,0,0,0,0,0,"- ","- ",,,MERCED,MERCED,-120.49108123779297,37.332130432128906
8725948,2018,2018-12-03,2406,2018-02-02,1045,,,5,5,5,2406,0,0,0,,0,,"M ST","OLIVE AV",15.00,S,N,A,-,N,,,,,,,,,,N,4,0,1,2,A,-,03,22350,,N,C,C,A,A,H,-,A,D,0,,,,,Y,,A,01,0,0,1,0,0,0,0,0,0,"- ","- ",37.318050384521484,-120.47318267822266,MERCED,MERCED,-120.47845458984375,37.319179534912109
8727500,2018,2019-03-27,2406,2018-11-30,1431,211,1,5,5,5,2406,0,0,0,,0,011,"N HWY 59","OLIVE AV",0.00,,Y,A,-,Y,MER,10,59,-,-,16.100,I,5,S,Y,4,0,4,2,A,-,12,21453,A,N,D,C,A,A,H,-,A,A,0,,,,,Y,,A,01,0,0,4,0,0,0,0,0,0,"- ","- ",,,MERCED,MERCED,-120.50492858886719,37.319099426269531
8730896,2018,2019-09-13,2403,2018-09-16,1849,Z5,,7,5,2,2403,0,0,0,,0,,"RT 33","MEREDITH AV",3.00,N,N,A,-,Y,MER,10,140,-,-,4.600,I,5,W,N,3,0,2,2,A,-,04,21703,,N,C,C,A,A,H,-,A,D,0,,,,,Y,,-,,0,1,1,0,0,0,0,0,0,"- ","- ",37.249359130859375,-121.01265716552734,MERCED,GUSTINE,-121.01261138916016,37.249927520751953
8732403,2018,2018-11-21,2406,2018-10-20,0054,255,2,6,5,5,2406,0,0,0,,0,020,"G ST","EAST 23RD ST",159.00,S,N,A,-,N,,,,,,,,,,Y,4,0,1,2,A,-,08,22107,,N,B,C,A,A,H,-,C,D,0,,,,,Y,,A,01,0,0,1,0,0,0,0,0,0,"- ","- ",,,MERCED,MERCED,-120.47266387939453,37.304241180419922
8732415,2018,2018-11-21,2406,2018-10-11,1505,268,3,4,5,5,2406,0,0,0,,0,031,"G ST","WEST CHILDS AV",528.00,N,N,A,-,N,,,,,,,,,,Y,4,0,2,3,A,-,08,22102,,N,D,C,A,A,H,-,A,D,0,,,,,Y,,A,07,0,0,2,0,0,0,0,0,0,"- ","- ",,,MERCED,MERCED,-120.48114776611328,37.28948974609375
8732419,2018,2018-11-21,2406,2018-10-05,1025,268,3,5,5,5,2406,0,0,0,,0,031,"WEST CHILDS AV","S N ST",13.00,W,N,A,-,N,,,,,,,,,,N,3,0,1,3,A,-,10,21950,A,N,G,B,B,A,H,-,A,A,0,Y,,,,Y,,D,22,0,1,0,0,1,0,0,0,0,"- ","- ",,,MERCED,MERCED,-120.49466705322266,37.288230895996094
8732423,2018,2018-12-13,2406,2018-10-04,2125,235,2,4,5,5,2406,0,0,0,,0,020,"EAST CHILDS AV","MOTEL DR",93.00,S,N,A,-,N,,,,,,,,,,N,4,0,1,2,A,-,07,21658,,N,B,C,A,A,H,-,C,A,0,,,,Y,Y,,G,56,0,0,1,0,0,0,0,0,0,"- ","- ",,,MERCED,MERCED,,
8732450,2018,2018-11-27,2406,2018-11-05,1705,256,1,1,5,5,2406,0,0,0,,0,010,"MCKEE RD","SILVERADO AV",30.00,N,N,A,-,N,,,,,,,,,,Y,4,0,1,1,A,-,01,23152,,N,E,I,A,A,H,-,A,D,0,,,,,Y,Y,D,22,0,0,1,0,0,0,0,0,0,"- ","- ",,,MERCED,MERCED,-120.44429016113281,37.328594207763672
8732994,2018,2019-01-15,2406,2018-10-08,0648,265,1,1,5,5,2406,0,0,0,,0,011,"N HWY 59","WEST OLIVE AV",244.00,N,N,A,-,Y,MER,10,59,-,-,16.170,H,-,S,N,3,0,2,2,A,-,03,22350,,N,C,C,A,A,H,-,B,A,0,,,,,Y,,A,01,0,1,1,0,0,0,0,0,0,"- ","- ",,,MERCED,MERCED,-120.50489807128906,37.319988250732422
8734428,2018,2018-11-13,2401,2018-10-17,0943,715,2401,3,5,3,2401,0,0,0,,0,001,"BUHACH RD","SANTA FE DR",66.00,S,N,A,-,N,,,,,,,,,,Y,4,0,1,1,A,-,12,22451,A,N,H,F,A,A,H,-,A,A,0,,,,,Y,,A,07,0,0,1,0,0,0,0,0,0,"- ","- ",,,MERCED,ATWATER,-120.57668304443359,37.362724304199219
8734432,2018,2018-11-13,2401,2018-10-18,1448,2401,2401,4,5,3,2401,0,0,0,,0,001,"1ST ST","KADOTA AV",0.00,,Y,A,-,N,,,,,,,,,,N,3,0,1,2,A,-,11,21954,A,N,G,B,D,A,H,-,A,D,0,Y,,,,Y,,N,60,0,1,0,0,1,0,0,0,0,"- ","- ",,,MERCED,ATWATER,-120.60211181640625,37.352951049804688
8734457,2018,2018-11-14,2401,2018-10-19,1712,722,2401,5,5,3,2401,0,0,0,,0,003,"WINTON WAY","GROVE AV",0.00,,Y,A,-,N,,,,,,,,,,Y,4,0,1,4,A,-,03,22350,,N,C,C,A,A,H,-,A,D,0,,,,,Y,,A,07,0,0,1,0,0,0,0,0,0,"- ","- ",,,MERCED,ATWATER,-120.61374664306641,37.353488922119141
8736268,2018,2018-11-19,2406,2018-10-17,1726,255,2,3,5,5,2406,0,0,0,,0,020,"G ST","W 18TH ST",0.00,,Y,A,-,N,,,,,,,,,,N,4,0,1,2,A,-,11,21950,B,N,D,B,B,A,H,-,A,A,0,Y,,,,Y,,N,60,0,0,1,0,1,0,0,0,0,"- ","- ",,,MERCED,MERCED,-120.47525787353516,37.299678802490234
8737138,2018,2019-01-07,2401,2018-10-25,2236,724,2401,4,5,3,2401,0,0,0,,0,003,"OLIVE AV","HERMAN ST",0.00,,Y,A,-,N,,,,,,,,,,Y,2,0,3,3,B,-,22,,,N,H,E,A,A,H,-,D,A,0,,,Y,,Y,,C,02,3,0,0,0,0,0,0,0,3,"- ","- ",,,MERCED,ATWATER,-120.61949920654297,37.351238250732422
8738802,2018,2019-01-30,2406,2018-10-25,2040,259,1,4,5,5,2406,0,0,0,,0,111,"RT 59","BUENA VISTA DR",87.00,N,N,A,-,Y,MER,10,59,-,-,16.640,H,-,S,N,4,0,2,4,A,-,03,22350,,F,C,C,A,A,H,-,C,A,0,,,,,Y,,-,,0,0,2,0,0,0,0,0,0,"- ","- ",,,MERCED,MERCED,-120.50470733642578,37.326671600341797
8738806,2018,2019-01-30,2406,2018-10-19,1441,264,CENTR,5,5,5,2406,0,0,0,,0,020,"PARSONS AV","YOSEMITE PKWY",200.00,S,N,A,-,Y,MER,10,140,-,-,36.700,I,6,E,Y,4,0,2,2,A,-,09,21804,A,N,D,C,A,A,H,-,A,D,0,,,,,Y,,A,01,0,0,2,0,0,0,0,0,0,"- ","- ",,,MERCED,MERCED,-120.45161437988281,37.295173645019531
8742321,2018,2018-11-16,2406,2018-10-31,0831,264,NORTH,3,5,5,2406,0,0,0,,0,010,"G ST","MERCY AV",334.00,S,N,A,-,N,,,,,,,,,,N,2,0,1,2,A,-,08,22107,,N,C,G,A,A,H,-,A,D,0,,Y,,,Y,,A,01,1,0,0,0,0,0,1,0,0,"- ","- ",,,MERCED,MERCED,-120.46897888183594,37.337944030761719
8742325,2018,2018-11-16,2406,2018-10-28,0823,256,2,7,5,5,2406,0,0,0,,0,02B,"G ST","MAIN ST",0.00,,Y,A,-,N,,,,,,,,,,N,4,0,1,2,A,-,12,21453,A,N,D,C,A,A,H,-,A,A,0,,,,,Y,,A,01,0,0,1,0,0,0,0,0,0,"- ","- ",,,MERCED,MERCED,-120.475830078125,37.298679351806641
8742329,2018,2018-11-16,2406,2018-10-10,0652,129,SOUTH,3,5,5,2406,0,0,0,,0,030,"WINDER AV","LIM ST",0.00,,Y,A,-,N,,,,,,,,,,N,3,0,1,2,A,-,21,22106,,N,D,G,A,A,H,-,A,D,0,,Y,,,Y,,L,04,0,1,0,0,0,0,1,0,0,"- ","- ",,,MERCED,MERCED,-120.47702789306641,37.277130126953125
8742333,2018,2018-11-16,2406,2018-10-03,1536,129,CENTR,3,5,5,2406,0,0,0,,0,020,"WEST MAIN ST","G ST",16.00,W,N,B,-,N,,,,,,,,,,N,4,0,1,2,A,-,03,22350,,F,C,C,A,B,H,-,A,A,0,,,,,Y,,-,99,0,0,1,0,0,0,0,0,0,"- ","- ",,,MERCED,MERCED,-120.47588348388672,37.298698425292969
8744182,2018,2019-01-08,2403,2018-08-13,1623,Z4,,1,5,2,2403,0,0,0,,0,,"4TH ST","5TH AV",7.00,N,N,A,-,N,,,140,,,,,,,Y,3,0,2,2,A,-,03,22350,,N,C,C,A,A,H,-,A,D,0,,,,,Y,,A,01,0,2,0,0,0,0,0,0,0,"- ","- ",37.2530517578125,-120.99703216552734,MERCED,GUSTINE,-120.99734497070312,37.253807067871094
8744562,2018,2018-12-31,2406,2018-11-08,1206,129,NORTH,4,5,5,2406,0,0,0,,0,010,"G ST","NORTH BEAR CREEK",51.00,N,N,A,-,N,,,,,,,,,,N,4,0,1,4,A,-,03,22350,,N,C,C,A,A,H,-,A,A,0,,,,,Y,,A,01,0,0,1,0,0,0,0,0,0,"- ","- ",,,MERCED,MERCED,-120.46954345703125,37.309551239013672
8744578,2018,2018-12-31,2406,2018-11-06,1349,201,NORTH,2,5,5,2406,0,0,0,,0,010,"EAST YOSEMITE AV","LAKE RD",0.00,,Y,A,-,N,,,,,,,,,,Y,4,0,1,2,A,-,09,21802,A,N,A,C,A,A,H,-,A,A,0,,,,,Y,,D,22,0,0,1,0,0,0,0,0,0,"- ","- ",,,MERCED,MERCED,-120.43295288085938,37.332138061523438
8744586,2018,2019-01-17,2406,2018-11-03,0831,228,1,6,5,5,2406,0,0,0,,0,011,"WEST OLIVE AV","AUSTIN AV",471.00,W,N,A,-,N,,,,,,,,,,Y,3,0,2,2,A,-,21,22106,,N,D,C,A,A,H,-,A,D,0,,,,,Y,Y,A,01,0,1,1,0,0,0,0,0,0,"- ","- ",,,MERCED,MERCED,-120.49661254882812,37.319217681884766
8744611,2018,2018-12-11,2406,2018-10-30,1843,250,,2,5,5,2406,0,0,0,,0,010,"WEST OLIVE AV","M ST",300.00,E,N,A,-,N,,,,,,,,,,Y,4,0,1,3,A,-,03,22350,,N,C,C,A,A,H,-,C,A,0,,,,,Y,,A,01,0,0,1,0,0,0,0,0,0,"- ","- ",,,MERCED,MERCED,-120.4774169921875,37.319229125976562
8744615,2018,2018-12-11,2406,2018-10-31,1201,191,3,3,5,5,2406,0,0,0,,0,031,"WEST 8TH ST","WEST AV",48.00,E,N,A,-,N,,,,,,,,,,N,3,0,1,2,A,-,08,22107,,N,H,G,A,A,H,-,A,D,0,,Y,,,Y,,D,22,0,1,0,0,0,0,1,0,0,"- ","- ",,,MERCED,MERCED,-120.50537872314453,37.298183441162109
8744627,2018,2018-12-11,2406,2018-10-24,1154,267,3,3,5,5,2406,0,0,0,,0,031,"WEST 11TH ST","T ST",0.00,,Y,A,-,N,,,,,,,,,,Y,4,0,1,2,A,-,09,21802,A,N,D,C,A,A,H,-,A,A,0,,,,,Y,,A,01,0,0,1,0,0,0,0,0,0,"- ","- ",,,MERCED,MERCED,-120.49900817871094,37.299549102783203
8744631,2018,2018-12-31,2406,2018-11-02,1553,273,2,5,5,5,2406,0,0,0,,0,020,"G ST","EAST MAIN ST",20.00,N,N,A,-,N,,,,,,,,,,Y,3,0,1,2,A,-,17,21451,A,N,A,C,A,A,H,-,A,A,0,,,,,Y,,D,22,0,1,0,0,0,0,0,0,0,"- ","- ",,,MERCED,MERCED,-120.47579956054688,37.298728942871094
8744635,2018,2018-12-11,2406,2018-10-31,1800,259,2,3,5,5,2406,0,0,0,,0,020,"G ST","EAST 20TH ST",14.00,S,N,A,-,N,,,,,,,,,,N,4,0,1,3,A,-,03,22350,,N,C,C,A,A,H,-,B,D,0,,,,,Y,,D,22,0,0,1,0,0,0,0,0,0,"- ","- ",,,MERCED,MERCED,-120.47412872314453,37.301654815673828
8744709,2018,2018-12-11,2404,2018-09-07,1430,X50,,5,5,3,2404,0,0,0,,0,,"F ST","BARCELONA DRIVE",14.00,W,N,A,-,N,,,,,,,,,,N,3,0,1,2,A,-,03,22350,,N,C,E,A,A,H,-,A,D,0,,,,,Y,,A,01,0,1,0,0,0,0,0,0,0,"- ","- ",37.382301330566406,-120.74127960205078,MERCED,LIVINGSTON,-120.73974609375,37.382308959960938
8745042,2018,2018-12-20,2406,2018-11-01,0740,228,1,4,5,5,2406,0,0,0,,0,010,"G ST","BROOKDALE DR",15.00,S,N,A,-,N,,,,,,,,,,N,3,0,1,2,A,-,10,21950,,N,G,B,D,A,H,-,A,A,0,Y,,,,Y,,A,01,0,1,0,0,1,0,0,0,0,"- ","- ",,,MERCED,MERCED,-120.4693603515625,37.321628570556641
8745046,2018,2018-12-20,2406,2018-11-04,1815,237,2,7,5,5,2406,0,0,0,,0,020,"G ST","EAST 23RD ST",0.00,,Y,A,-,N,,,,,,,,,,N,3,0,1,2,A,-,10,21950,A,N,G,B,B,A,H,-,C,D,0,Y,,,,Y,,A,07,0,1,0,0,1,0,0,0,0,"- ","- ",,,MERCED,MERCED,-120.47245025634766,37.304641723632812
8745054,2018,2018-12-20,2406,2018-11-23,1218,129,SOUTH,5,5,5,2406,0,0,0,,0,,"WEST 8TH ST","Q ST",200.00,E,N,C,-,N,,,,,,,,,,Y,4,0,1,4,A,-,01,23152,A,N,B,E,A,B,H,-,A,D,0,,,,,Y,Y,A,01,0,0,1,0,0,0,0,0,0,"- ","- ",,,MERCED,MERCED,-120.49561309814453,37.294715881347656
8745086,2018,2018-12-20,2406,2018-11-05,0712,265,3,1,5,5,2406,0,0,0,,0,030,"EAST 16TH ST","D ST",531.00,E,N,A,-,N,,,,,,,,,,N,4,0,1,2,A,-,06,21760,B,N,H,G,A,A,H,-,A,A,0,,Y,,,Y,,A,07,0,0,1,0,0,0,1,0,0,"- ","- ",,,MERCED,MERCED,-120.46976470947266,37.294685363769531
8745090,2018,2018-12-20,2406,2018-11-04,2134,250,,7,5,5,2406,0,0,0,,0,,"W NORTH BEAR CREEK DR","G ST",0.00,,Y,A,-,N,,,,,,,,,,N,4,0,2,2,A,-,03,22350,,M,C,C,A,A,H,-,C,A,0,,,,,Y,,A,01,0,0,2,0,0,0,0,0,0,"- ","- ",,,MERCED,MERCED,-120.46943,37.310049999999997
8745093,2018,2018-12-10,2406,2018-10-25,0849,220,2,4,5,5,2406,0,0,0,,0,020,"E YOSEMITE PKWY","EAST 21ST ST",0.00,,Y,A,-,N,,,,,,,,,,N,4,0,1,2,A,-,17,21451,A,N,G,B,B,A,H,-,A,A,0,Y,,,,Y,,A,07,0,0,1,0,1,0,0,0,0,"- ","- ",,,MERCED,MERCED,-120.45363616943359,37.295200347900391
8745094,2018,2018-12-20,2406,2018-11-04,2125,251,3,7,5,5,2406,0,0,0,,0,031,"WEST CHILDS AV","M ST",0.00,,Y,A,-,N,,,,,,,,,,N,3,0,1,2,A,-,03,22350,,N,B,G,A,A,H,-,C,A,0,,Y,,,Y,,L,04,0,1,0,0,0,0,1,0,0,"- ","- ",,,MERCED,MERCED,-120.49272918701172,37.288249969482422
8747775,2018,2018-12-11,2404,2018-08-09,0902,X5,,4,5,3,2404,0,0,0,,0,,"HAMMATT AV","PEACH AV",0.00,,Y,A,-,N,,,,,,,,,,N,3,0,2,3,A,-,09,21801,A,N,A,C,A,A,H,-,A,D,0,,,,,Y,,D,22,0,2,0,0,0,0,0,0,0,"- ","- ",37.375030517578125,-120.71431732177734,MERCED,LIVINGSTON,-120.71433258056641,37.375038146972656
8748483,2018,2018-12-20,2401,2018-11-29,1611,716,2401,4,5,3,2401,0,0,0,,0,001,"1ST ST","JUNIPER AV",0.00,,Y,C,-,N,,,,,,,,,,N,4,0,1,2,A,-,21,22106,,N,C,C,A,B,H,-,A,A,0,,,,,Y,,D,22,0,0,1,0,0,0,0,0,0,"- ","- ",,,MERCED,ATWATER,-120.6026611328125,37.352321624755859
8748487,2018,2018-12-14,2401,2018-11-30,1132,6,2401,5,5,3,2401,0,0,0,,0,001,"SHAFFER RD","FRUITLAND AV",155.00,S,N,B,-,N,,,,,,,,,,Y,4,0,1,2,A,-,07,21658,A,N,B,C,A,A,H,-,A,A,0,,,,,Y,,D,22,0,0,1,0,0,0,0,0,0,"- ","- ",,,MERCED,ATWATER,-120.59577178955078,37.362236022949219
8748635,2018,2018-12-19,2405,2018-08-18,1512,PD18,2,6,5,3,2405,0,0,0,,0,0B2,"I ST","7TH ST",10.00,E,N,A,-,N,,,,,,,,,,Y,4,0,1,2,A,-,08,22107,,N,B,C,A,A,H,-,A,A,0,,,,Y,Y,,F,27,0,0,1,0,0,0,0,0,0,"- ","- ",37.060279846191406,-120.84645843505859,MERCED,"LOS BANOS",-120.84645080566406,37.060256958007812
8748880,2018,2019-01-24,2401,2018-11-06,1820,727,2401,2,5,3,2401,0,0,0,,0,003,"1ST ST","LAUREL AV",0.00,,N,A,-,N,,,,,,,,,,Y,2,0,1,1,A,-,03,22350,,N,E,I,A,A,H,-,C,D,0,,,,,Y,,A,01,1,0,0,0,0,0,0,0,0,"- ","- ",,,MERCED,ATWATER,-120.60160827636719,37.353569030761719
8748881,2018,2019-01-24,2401,2018-11-05,1539,719,2401,1,5,3,2401,0,0,0,,0,003,"BELLEVUE RD","7TH ST",0.00,,Y,A,-,N,,,,,,,,,,N,3,0,1,2,A,-,17,21461,,N,G,B,B,A,H,-,A,A,0,Y,,,,Y,,N,60,0,1,0,0,1,0,0,0,0,"- ","- ",,,MERCED,ATWATER,-120.61093139648438,37.360431671142578
8748885,2018,2019-01-24,2401,2018-11-04,1830,726,2401,7,5,3,2401,0,0,0,,0,003,"E BROADWAY AV","RANCHO GRANDE CIR",0.00,,N,A,-,N,,,,,,,,,,Y,4,0,1,1,A,-,07,21658,A,N,E,I,A,A,H,-,D,D,0,,,,,Y,,A,01,0,0,1,0,0,0,0,0,0,"- ","- ",,,MERCED,ATWATER,-120.58773040771484,37.339649200439453
8749055,2018,2019-01-02,2401,2018-11-17,1823,727,2401,6,5,3,2401,0,0,0,,0,003,"FIR AV","AUSTIN ST",0.00,,Y,A,-,N,,,,,,,,,,Y,4,0,1,3,A,-,07,21658,A,N,C,E,A,A,H,-,A,D,0,,,,,Y,,A,01,0,0,1,0,0,0,0,0,0,"- ","- ",,,MERCED,ATWATER,-120.59413909912109,37.345920562744141
8749059,2018,2019-01-02,2401,2018-11-16,1151,725,2401,5,5,3,2401,0,0,0,,0,003,"JUNIPER AV","SHAFFER RD",80.00,E,N,A,-,N,,,,,,,,,,Y,4,0,1,3,A,-,03,22350,,F,C,C,A,A,H,-,A,A,0,,,,,Y,,A,01,0,0,1,0,0,0,0,0,0,"- ","- ",,,MERCED,ATWATER,-120.59590911865234,37.349830627441406
8749963,2018,2019-01-30,2406,2018-10-28,1949,237,2,7,5,5,2406,0,0,0,,0,020,"YOSEMITE PKWY","EAST 21ST ST",0.00,,Y,A,-,Y,MER,10,140,-,-,36.565,I,5,W,Y,4,0,2,2,A,-,12,21453,A,N,D,C,A,A,H,-,C,A,0,,,,,Y,,A,01,0,0,2,0,0,0,0,0,0,"- ","- ",,,MERCED,MERCED,-120.45404815673828,37.295185089111328
8750853,2018,2019-02-22,2405,2018-08-17,2500,PD27,3,5,5,3,2405,0,0,0,,0,0B3,"WEST I ST","RT 152",200.00,S,N,A,-,Y,MER,10,152,-,-,19.618,I,6,E,Y,4,0,2,2,A,-,03,22350,,N,C,C,A,A,H,-,A,D,0,,,,,Y,,A,01,0,0,2,0,0,0,0,0,0,"- ","- ",37.055370330810547,-120.86604309082031,MERCED,"LOS BANOS",-120.86529541015625,37.056869506835938
8750877,2018,2018-12-17,2405,2018-08-11,0500,PD31,6,6,5,3,2405,0,0,0,,0,B4/2,"OVERLAND AV","ROCKPORT DR",40.00,E,N,A,-,N,,,,,,,,,,Y,2,0,2,2,A,-,01,23153,A,N,C,C,A,A,H,-,C,A,0,,,,,Y,Y,A,01,2,0,0,0,0,0,0,0,0,"- ","- ",37.073760986328125,-120.83499908447266,MERCED,"LOS BANOS",-120.83275604248047,37.073764801025391
8751851,2018,2018-12-11,2404,2018-08-05,0929,X48,,7,5,3,2404,0,0,0,,0,,"CEDAR CT","BIRCH ST",160.00,S,N,A,-,N,,,,,,,,,,Y,4,0,1,2,A,-,01,23152,A,M,C,C,A,A,H,-,A,D,0,,,,,Y,Y,A,07,0,0,1,0,0,0,0,0,0,"- ","- ",37.390388488769531,-120.70111083984375,MERCED,LIVINGSTON,-120.70088958740234,37.390289306640625
8751855,2018,2018-12-11,2404,2018-08-24,1650,X47,,5,5,3,2404,0,0,0,,0,,"ALDRICH AV","FRANCQUETTE ST",0.00,N,N,A,-,N,,,,,,,,,,N,3,0,1,1,A,-,08,22107,,N,E,I,A,A,H,-,A,D,0,,,Y,,Y,,C,02,0,1,0,0,0,0,0,0,1,"- ","- ",37.388431549072266,-120.70272064208984,MERCED,LIVINGSTON,-120.70269999999999,37.38843
8753671,2018,2019-01-04,2406,2018-11-02,1056,273,1,5,5,5,2406,0,0,0,,0,011,"R ST","LOUGHBOROUGH DR",549.00,S,N,A,-,N,,,,,,,,,,Y,3,0,1,3,A,-,03,22350,,N,C,C,A,A,H,-,A,A,0,,,,,Y,,D,22,0,1,0,0,0,0,0,0,0,"- ","- ",,,MERCED,MERCED,-120.48704528808594,37.321914672851562
8753675,2018,2019-01-04,2406,2018-11-15,1143,129,CENTR,4,5,5,2406,0,0,0,,0,021,"PARSONS AV","MERCED AV",0.00,,Y,A,-,N,,,,,,,,,,N,4,0,1,2,A,-,06,21755,,N,D,C,A,A,H,-,A,D,0,,,,Y,Y,,A,01,0,0,1,0,0,0,0,0,0,"- ","- ",,,MERCED,MERCED,-120.45156860351562,37.291511535644531
8753855,2018,2019-01-17,2406,2018-11-26,2110,162,1,1,5,5,2406,0,0,0,,0,010,"BARCLAY WY","M ST",156.00,E,N,A,-,N,,,,,,,,,,N,3,0,1,3,A,-,01,23152,A,M,C,E,A,A,H,-,C,D,0,,,,,Y,Y,A,01,0,1,0,0,0,0,0,0,0,"- ","- ",,,MERCED,MERCED,-120.47679138183594,37.354900360107422
8753859,2018,2018-12-17,2406,2018-11-30,2249,252,2,5,5,5,2406,0,0,0,,0,020,"E CAMPUS PKWY","S COFFEE ST",72.00,W,N,A,-,N,,,,,,,,,,Y,4,0,1,1,A,-,01,23152,A,M,E,I,A,A,H,-,C,A,0,,,,,Y,Y,A,01,0,0,1,0,0,0,0,0,0,"- ","- ",,,MERCED,MERCED,-120.43353271484375,37.275520324707031
8753863,2018,2018-12-17,2406,2018-11-25,1717,162,1,7,5,5,2406,0,0,0,,0,010,"WEST YOSEMITE AV","BEALS AV",116.00,W,N,A,-,N,,,,,,,,,,Y,4,0,1,2,A,-,01,23152,A,N,C,C,A,A,H,-,C,D,0,,,,,Y,Y,A,01,0,0,1,0,0,0,0,0,0,"- ","- ",,,MERCED,MERCED,-120.47528076171875,37.332115173339844