CASE_ID,ACCIDENT_YEAR,PROC_DATE,JURIS,COLLISION_DATE,COLLISION_TIME,OFFICER_ID,REPORTING_DISTRICT,DAY_OF_WEEK,CHP_SHIFT,POPULATION,CNTY_CITY_LOC,SPECIAL_COND,BEAT_TYPE,CHP_BEAT_TYPE,CITY_DIVISION_LAPD,CHP_BEAT_CLASS,BEAT_NUMBER,PRIMARY_RD,SECONDARY_RD,DISTANCE,DIRECTION,INTERSECTION,WEATHER_1,WEATHER_2,STATE_HWY_IND,CALTRANS_COUNTY,CALTRANS_DISTRICT,STATE_ROUTE,ROUTE_SUFFIX,POSTMILE_PREFIX,POSTMILE,LOCATION_TYPE,RAMP_INTERSECTION,SIDE_OF_HWY,TOW_AWAY,COLLISION_SEVERITY,NUMBER_KILLED,NUMBER_INJURED,PARTY_COUNT,PRIMARY_COLL_FACTOR,PCF_CODE_OF_VIOL,PCF_VIOL_CATEGORY,PCF_VIOLATION,PCF_VIOL_SUBSECTION,HIT_AND_RUN,TYPE_OF_COLLISION,MVIW,PED_ACTION,ROAD_SURFACE,ROAD_COND_1,ROAD_COND_2,LIGHTING,CONTROL_DEVICE,CHP_ROAD_TYPE,PEDESTRIAN_ACCIDENT,BICYCLE_ACCIDENT,MOTORCYCLE_ACCIDENT,TRUCK_ACCIDENT,NOT_PRIVATE_PROPERTY,ALCOHOL_INVOLVED,STWD_VEHTYPE_AT_FAULT,CHP_VEHTYPE_AT_FAULT,COUNT_SEVERE_INJ,COUNT_VISIBLE_INJ,COUNT_COMPLAINT_PAIN,COUNT_PED_KILLED,COUNT_PED_INJURED,COUNT_BICYCLIST_KILLED,COUNT_BICYCLIST_INJURED,COUNT_MC_KILLED,COUNT_MC_INJURED,PRIMARY_RAMP,SECONDARY_RAMP,LATITUDE,LONGITUDE,COUNTY,CITY,POINT_X,POINT_Y
8753867,2018,2018-12-17,2406,2018-11-11,1545,256,3,7,5,5,2406,0,0,0,,0,031,"WEST 11TH ST","T ST",0.00,,Y,A,-,N,,,,,,,,,,Y,3,0,2,2,A,-,09,21802,A,N,D,C,A,A,H,-,A,A,0,,,,,Y,,A,01,0,2,0,0,0,0,0,0,0,"- ","- ",,,MERCED,MERCED,-120.49900817871094,37.299549102783203
8753896,2018,2018-12-18,2406,2018-10-29,1827,237,2,1,5,5,2406,0,0,0,,0,020,"PARSONS AV","MERCED AV",1.00,S,N,A,-,N,,,,,,,,,,N,4,0,1,2,A,-,03,22350,,N,G,B,D,A,H,-,C,D,0,Y,,,,Y,,A,07,0,0,1,0,1,0,0,0,0,"- ","- ",,,MERCED,MERCED,-120.45156860351562,37.291507720947266
8753933,2018,2018-12-18,2404,2018-09-09,0446,X46,,7,5,3,2404,0,0,0,,0,,"BRANDY WY","PINTO DR",35.00,E,N,B,-,N,,,,,,,,,,Y,3,0,1,3,A,-,01,23152,A,M,C,E,A,A,H,-,C,D,0,,,,,Y,Y,A,01,0,1,0,0,0,0,0,0,0,"- ","- ",37.373771667480469,-120.70818328857422,MERCED,LIVINGSTON,-120.70804595947266,37.376644134521484
8754323,2018,2018-12-21,2406,2018-11-05,0732,256,2,1,5,5,2406,0,0,0,,0,020,"WEST 25TH ST","CANAL ST",200.00,W,N,A,-,N,,,,,,,,,,Y,3,0,3,4,A,-,07,21658,A,N,C,E,E,A,H,-,A,D,0,Y,,,,Y,,A,01,0,1,2,0,2,0,0,0,0,"- ","- ",,,MERCED,MERCED,-120.47940063476562,37.309635162353516
8754327,2018,2018-12-21,2406,2018-11-08,1620,201,CENTR,4,5,5,2406,0,0,0,,0,021,"R ST","WEST 19TH ST",0.00,,Y,A,-,N,,,,,,,,,,N,4,0,2,2,A,-,04,21703,,N,C,C,A,A,H,-,A,D,0,,,,,Y,,D,22,0,0,2,0,0,0,0,0,0,"- ","- ",,,MERCED,MERCED,-120.49127197265625,37.306758880615234
8754375,2018,2019-01-15,2406,2018-11-13,1832,274,2,2,5,5,2406,0,0,0,,0,020,"G ST","W 18TH ST",60.00,S,N,A,-,N,,,,,,,,,,Y,4,0,2,3,A,-,03,22350,,N,C,C,A,A,H,-,C,A,0,,,,,Y,,D,22,0,0,2,0,0,0,0,0,0,"- ","- ",,,MERCED,MERCED,-120.47534942626953,37.299533843994141
8755981,2018,2019-01-08,2405,2018-08-04,0033,PD42,2,6,5,3,2405,0,0,0,,0,0B2,"E PACHECO BL","J ST",350.00,W,N,A,-,Y,MER,10,152,-,-,20.830,H,-,W,Y,3,0,1,1,A,-,08,22107,,M,E,I,A,A,H,-,C,D,0,,,,,Y,Y,A,01,0,1,0,0,0,0,0,0,0,"- ","- ",37.056900024414062,-120.84487915039062,MERCED,"LOS BANOS",-120.84329986572266,37.056907653808594
8755985,2018,2019-01-31,2405,2018-08-08,1002,PD16,2,3,5,3,2405,0,0,0,,0,0B2,"RT 152","RT 165",385.00,E,N,A,-,Y,MER,10,152,-,-,21.340,H,-,W,Y,3,0,1,2,A,-,01,23152,A,N,C,C,A,A,H,-,A,A,0,,,,Y,Y,Y,A,01,0,1,0,0,0,0,0,0,0,"- ","- ",37.056861877441406,-120.83528900146484,MERCED,"LOS BANOS",-120.83411407470703,37.056938171386719
8755989,2018,2019-01-08,2405,2018-08-17,0000,PD27,2,5,5,3,2405,0,0,0,,0,0B2,"E PACHECO BL","RT 165",30.00,E,N,A,-,Y,MER,10,152,-,-,21.280,H,-,W,N,4,0,2,2,A,-,03,22350,,N,C,C,A,A,H,-,A,A,0,,,,,Y,,A,01,0,0,2,0,0,0,0,0,0,"- ","- ",37.056861877441406,-120.83529663085938,MERCED,"LOS BANOS",-120.83521270751953,37.056922912597656
8756997,2018,2018-12-11,2405,2018-08-29,1146,PD19,2,3,5,3,2405,0,0,0,,0,0B2,"H ST","7TH ST",163.00,W,N,A,-,N,,,,,,,,,,N,3,0,1,2,A,-,09,21804,,N,D,C,A,A,H,-,A,D,0,,,,,Y,,A,01,0,1,0,0,0,0,0,0,0,"- ","- ",37.061241149902344,-120.84580230712891,MERCED,"LOS BANOS",-120.84627532958984,37.061439514160156
8757001,2018,2018-12-11,2405,2018-08-16,1402,PD37,1,4,5,3,2405,0,0,0,,0,0B1,"WEST I ST","IDAHO AV",45.00,E,N,A,-,N,,,,,,,,,,Y,4,0,1,2,A,-,04,21703,,N,C,C,A,A,H,-,A,A,0,,,,,Y,,A,07,0,0,1,0,0,0,0,0,0,"- ","- ",37.063339233398438,-120.86009979248047,MERCED,"LOS BANOS",-120.85993194580078,37.063365936279297
8757014,2018,2018-12-12,2405,2018-08-03,2152,PD14,1,5,5,3,2405,0,0,0,,0,0B1,"6TH ST","K ST",0.00,,Y,A,-,N,,,,,,,,,,Y,3,0,3,2,A,-,01,23152,E,N,D,C,A,A,H,-,C,A,0,,,,,Y,,A,01,0,3,0,0,0,0,0,0,0,"- ","- ",37.05902099609375,-120.85006713867188,MERCED,"LOS BANOS",-120.84925842285156,37.059009552001953
8757018,2018,2018-12-11,2405,2018-08-29,0816,PD19,1,3,5,3,2405,0,0,0,,0,0B1,"H ST","5TH ST",0.00,,Y,A,-,N,,,,,,,,,,Y,4,0,1,2,A,-,03,22350,,N,C,C,A,A,H,-,A,D,0,,,,,Y,,A,01,0,0,1,0,0,0,0,0,0,"- ","- ",37.062538146972656,-120.84867858886719,MERCED,"LOS BANOS",-120.84867095947266,37.062511444091797
8757022,2018,2018-12-11,2405,2018-08-26,1809,PD31,1,7,5,3,2405,0,0,0,,0,0B1,"E PACHECO BL","6TH ST",444.00,E,N,A,-,N,,,,,,,,,,Y,3,0,1,2,A,-,07,21658,A,N,C,C,A,A,H,-,A,A,0,,,,,Y,,A,01,0,1,0,0,0,0,0,0,0,"- ","- ",37.056888580322266,-120.85072326660156,MERCED,"LOS BANOS",-120.84922790527344,37.056926727294922
8757026,2018,2018-12-11,2405,2018-08-31,1500,PD19,1,5,5,3,2405,0,0,0,,0,0B1,"E PACHECO BL","4TH ST",0.00,,Y,A,-,N,,,,,,,,,,N,4,0,1,2,A,-,08,22107,,N,D,C,A,A,H,-,A,A,0,,,,,Y,,A,01,0,0,1,0,0,0,0,0,0,"- ","- ",37.068828582763672,-120.86074066162109,MERCED,"LOS BANOS",-120.85310363769531,37.056919097900391
8757087,2018,2019-01-11,2404,2018-06-10,1955,X42,,7,5,3,2404,0,0,0,,0,,"ROBIN AV","LILAC LN",0.00,,Y,A,-,N,,,,,,,,,,N,3,0,1,2,A,-,09,21802,A,N,D,C,A,A,H,-,A,A,0,,,,,Y,,D,72,0,1,0,0,0,0,0,0,0,"- ","- ",37.378700256347656,-120.74160003662109,MERCED,LIVINGSTON,-120.74160003662109,37.378711700439453
8757091,2018,2018-12-19,2404,2018-07-15,1742,X48,,7,5,3,2404,0,0,0,,0,,"WALNUT AV","HAMMATT AV",0.00,,Y,A,-,N,,,,,,,,,,Y,3,0,3,2,A,-,08,22107,,F,A,C,A,A,H,-,A,A,0,,,,,Y,,D,22,0,3,0,0,0,0,0,0,0,"- ","- ",37.389541625976562,-120.71215057373047,MERCED,LIVINGSTON,-120.71215057373047,37.389560699462891
8757095,2018,2019-03-13,2404,2018-06-01,2301,X48,,5,5,3,2404,0,0,0,,0,,"HAMMATT AV","RT 99",62.00,S,N,A,-,Y,MER,10,99,-,R,28.828,R,4,N,Y,3,0,4,2,A,-,01,23152,A,N,C,C,A,A,H,-,C,A,0,,,,,Y,Y,A,07,0,4,0,0,0,0,0,0,0,"- ",NO,37.386878967285156,-120.72353363037109,MERCED,LIVINGSTON,-120.71022796630859,37.383647918701172
8759002,2018,2018-12-17,2404,2018-07-29,2013,X43,,7,5,3,2404,0,0,0,,0,,"MAIN ST","PEACH AV",437.00,N,N,A,-,N,,,,,,,,,,N,3,0,1,2,A,-,11,21954,A,N,G,B,D,A,H,-,B,D,0,Y,,,,Y,,N,60,0,1,0,0,1,0,0,0,0,"- ","- ",37.375938415527344,-120.72348785400391,MERCED,LIVINGSTON,-120.72344970703125,37.376228332519531
8759006,2018,2018-12-17,2404,2018-07-20,0947,X5,,5,5,3,2404,0,0,0,,0,,"WALNUT AV","DWIGHT WY",528.00,W,N,A,-,N,,,,,,,,,,N,3,0,1,4,A,-,03,22350,,N,C,C,A,A,H,-,A,D,0,,,,,Y,,A,01,0,1,0,0,0,0,0,0,0,"- ","- ",37.389541625976562,-120.70864868164062,MERCED,LIVINGSTON,-120.706787109375,37.389564514160156
8760052,2018,2019-01-08,2405,2018-08-28,1353,PD19,2,2,5,3,2405,0,0,0,,0,0B2,"PACHECO BL","H ST",0.00,,Y,A,-,Y,MER,10,152,-,-,21.058,I,5,W,Y,4,0,1,2,A,-,12,21453,A,N,D,C,A,A,H,-,A,A,0,,,,,Y,,A,08,0,0,1,0,0,0,0,0,0,"- ","- ",37.056911468505859,-120.83892059326172,MERCED,"LOS BANOS",-120.83920288085938,37.056919097900391
8760056,2018,2019-01-08,2405,2018-08-07,2058,PD38,3,2,5,3,2405,0,0,0,,0,0B3,"PACHECO BL","WARD RD",0.00,,Y,A,-,Y,MER,10,152,-,-,22.240,H,-,E,Y,2,0,1,2,A,-,01,23153,A,F,C,C,A,A,H,-,C,A,0,,,,,Y,Y,-,,1,0,0,0,0,0,0,0,0,"- ","- ",37.056079864501953,-120.82212066650391,MERCED,"LOS BANOS",-120.81801605224609,37.056865692138672
8760060,2018,2019-01-08,2405,2018-08-06,1757,PD20,1,1,5,3,2405,0,0,0,,0,0B1,"W PACHECO BL","WEST I ST",0.00,,Y,A,-,Y,MER,10,152,-,-,19.618,I,5,E,N,3,0,2,2,A,-,12,22450,,N,C,C,A,A,H,-,A,A,0,,,,,Y,,D,22,0,1,1,0,0,0,0,0,0,"- ","- ",37.056880950927734,-120.86528778076172,MERCED,"LOS BANOS",-120.86529541015625,37.056869506835938
8760112,2018,2019-01-07,2406,2018-11-10,1718,156,2,6,5,5,2406,0,0,0,,0,020,"WEST 16TH ST","G ST",16.00,W,N,A,-,N,,,,,,,,,,Y,4,0,1,2,A,-,01,23152,A,N,C,C,A,A,H,-,C,A,0,,,,,Y,Y,D,22,0,0,1,0,0,0,0,0,0,"- ","- ",,,MERCED,MERCED,-120.4764404296875,37.297698974609375
8760898,2018,2019-01-16,2406,2018-11-15,0458,262,NORTH,4,5,5,2406,0,0,0,,0,010,"CAMPUS DR","LINE DR",222.00,S,N,A,-,N,,,,,,,,,,Y,2,0,1,1,A,-,08,22107,,N,E,I,A,A,H,-,C,D,0,,,,,Y,,D,22,1,0,0,0,0,0,0,0,0,"- ","- ",,,MERCED,MERCED,-120.47187805175781,37.323467254638672
8760906,2018,2019-02-05,2406,2018-11-19,1615,162,1,1,5,5,2406,0,0,0,,0,011,"WEST OLIVE AV","M ST",38.00,W,N,A,-,N,,,,,,,,,,Y,3,0,2,2,A,-,"- ",,,N,-,C,A,A,H,-,A,-,0,,,,,Y,,D,22,0,2,0,0,0,0,0,0,0,"- ","- ",,,MERCED,MERCED,-120.47858428955078,37.319217681884766
8761603,2018,2019-01-16,2406,2018-11-19,2124,162,1,1,5,5,2406,0,0,0,,0,010,"G ST",BROOKDALE,108.00,S,N,A,-,N,,,,,,,,,,N,2,0,1,2,A,-,11,21954,A,N,G,B,D,A,H,-,C,D,0,Y,,,,Y,,N,60,1,0,0,0,1,0,0,0,0,"- ","- ",,,MERCED,MERCED,-120.46936798095703,37.321372985839844
8761615,2018,2019-01-16,2406,2018-11-11,1441,253,2,7,5,5,2406,0,0,0,,0,020,"WEST 16TH ST","MARTIN LUTHER KING JR WY",0.00,,Y,A,-,N,,,,,,,,,,Y,3,0,4,3,A,-,12,21453,A,N,D,C,A,A,H,-,A,A,0,,,,,Y,,A,01,0,1,3,0,0,0,0,0,0,"- ","- ",,,MERCED,MERCED,-120.48092651367188,37.299320220947266
8761623,2018,2019-01-16,2406,2018-11-18,1951,267,2,7,5,5,2406,0,0,0,,0,021,"WEST 16TH ST","P ST",0.00,,Y,A,-,N,,,,,,,,,,N,2,0,1,2,A,-,11,21955,,N,G,B,D,A,H,-,C,D,0,Y,,,,Y,,N,60,1,0,0,0,1,0,0,0,0,"- ","- ",,,MERCED,MERCED,-120.48996734619141,37.302639007568359
8761627,2018,2019-01-16,2406,2018-11-17,1354,264,NORTH,6,5,5,2406,0,0,0,,0,011,"WEST OLIVE AV","PEPPERWOOD LN",0.00,,Y,A,-,N,,,,,,,,,,Y,4,0,1,2,A,-,08,22107,,N,D,C,A,A,H,-,A,D,0,,,,,Y,,A,01,0,0,1,0,0,0,0,0,0,"- ","- ",,,MERCED,MERCED,-120.48468017578125,37.319328308105469
8762147,2018,2019-02-22,2405,2018-09-11,1629,PD20,2,2,5,3,2405,0,0,0,,0,0B2,"SNOWGOOSE DR","N FALLBROOK DR",0.00,,Y,A,-,N,,,,,,,,,,N,4,0,2,2,A,-,09,21802,,N,D,C,A,A,H,-,A,D,0,,,,,Y,,A,01,0,0,2,0,0,0,0,0,0,"- ","- ",37.064159393310547,-120.81318664550781,MERCED,"LOS BANOS",-120.81315612792969,37.064128875732422
8762151,2018,2019-03-15,2405,2018-09-20,2119,PD42,3,4,5,3,2405,0,0,0,,0,0B3,"STANISLAUS DR","IRVINE DR",4.00,W,N,A,-,N,,,,,,,,,,Y,3,0,1,2,A,-,01,23152,A,N,D,E,A,A,H,-,C,A,0,,,,,Y,Y,D,82,0,1,0,0,0,0,0,0,0,"- ","- ",37.046680450439453,-120.82730102539062,MERCED,"LOS BANOS",-120.82741546630859,37.046501159667969
8762159,2018,2019-02-22,2405,2018-09-18,0734,PD100,3,2,5,3,2405,0,0,0,,0,0B3,"CARDOZA RD","ALBERTA ST",15.00,W,N,A,-,N,,,,,,,,,,N,3,0,1,2,A,-,08,22107,,N,B,E,A,A,H,-,A,D,0,,,,,Y,,A,71,0,1,0,0,0,0,0,0,0,"- ","- ",37.049190521240234,-120.86637878417969,MERCED,"LOS BANOS",-120.86669158935547,37.049400329589844
8766104,2018,2019-01-07,2406,2018-12-06,0930,CRAIN,3,4,5,5,2406,0,0,0,,0,031,"V ST","WEST 13TH ST",56.00,S,N,A,-,N,,,,,,,,,,Y,3,0,5,5,A,-,01,23152,,N,C,C,A,B,H,-,A,A,0,,,,,Y,Y,A,01,0,1,4,0,0,0,0,0,0,"- ","- ",,,MERCED,MERCED,-120.50095367431641,37.302547454833984
8766108,2018,2019-01-07,2406,2018-12-15,1420,270,2,6,5,5,2406,0,0,0,,0,020,"WEST 15TH ST","G ST",20.00,W,N,A,-,N,,,,,,,,,,Y,4,0,2,2,A,-,01,23152,A,F,C,C,A,A,H,-,A,A,0,,,,,Y,Y,-,,0,0,2,0,0,0,0,0,0,"- ","- ",,,MERCED,MERCED,-120.47724151611328,37.296401977539062
8766349,2018,2019-01-07,2406,2018-11-15,1905,ELLIOTT,NORTH,4,5,5,2406,0,0,0,,0,011,"W N BEAR CREEK DR","CREEKSIDE DR",0.00,,Y,A,-,N,,,,,,,,,,N,4,0,1,2,A,-,08,22107,,N,D,G,A,A,H,-,C,D,0,,Y,,,Y,,A,01,0,0,1,0,0,0,1,0,0,"- ","- ",,,MERCED,MERCED,-120.49885999999999,37.312489999999997
8766353,2018,2019-01-07,2406,2018-11-05,0759,144,,1,5,5,2406,0,0,0,,0,1-11,"BUENA VISTA DR","R ST",0.00,,Y,A,-,N,,,,,,,,,,N,3,0,1,2,A,-,11,21950,B,N,H,G,A,A,H,-,A,A,0,,Y,,,Y,,L,04,0,1,0,0,0,0,1,0,0,"- ","- ",,,MERCED,MERCED,-120.48683929443359,37.326370239257812
8768931,2018,2019-01-17,2406,2018-11-27,0515,250,2,2,5,5,2406,0,0,0,,0,020,"EAST CHILDS AV","KIBBY RD",1.00,W,N,A,-,N,,,,,,,,,,Y,3,0,1,2,A,-,16,24002,A,F,B,C,A,A,H,-,B,D,0,,,,,Y,,-,99,0,1,0,0,0,0,0,0,0,"- ","- ",,,MERCED,MERCED,-120.41548156738281,37.287879943847656
8768935,2018,2019-01-29,2406,2018-11-26,1221,129,NORTH,1,5,5,2406,0,0,0,,0,011,"M ST","W NORTH BEAR CREEK",89.00,S,N,B,-,N,,,,,,,,,,Y,4,0,1,4,A,-,03,22350,,N,C,C,A,A,H,-,A,A,0,,,,,Y,,D,22,0,0,1,0,0,0,0,0,0,"- ","- ",,,MERCED,MERCED,-120.478689,37.313201999999997
8769967,2018,2019-01-12,2401,2018-12-07,1441,713,SC2,5,5,3,2401,0,0,0,,0,003,"WINTON WY","BROADWAY AV",0.00,,Y,A,-,N,,,,,,,,,,N,4,0,1,3,A,-,03,22350,,N,C,C,A,A,H,-,A,A,0,,,,,Y,,D,22,0,0,1,0,0,0,0,0,0,"- ","- ",,,MERCED,ATWATER,-120.61244964599609,37.348129272460938
8769971,2018,2019-01-31,2401,2018-12-07,1649,6,2401,5,5,3,2401,0,0,0,,0,001,"1ST ST","BELLEVUE RD",180.00,S,N,A,-,N,,,,,,,,,,N,3,0,1,2,A,-,09,21804,A,N,D,C,A,A,H,-,B,A,0,,,,,Y,,D,22,0,1,0,0,0,0,0,0,0,"- ","- ",,,MERCED,ATWATER,-120.59616088867188,37.360054016113281
8770753,2018,2019-01-28,2406,2018-12-01,1711,211,2,6,5,5,2406,0,0,0,,0,021,"R ST","W 18TH ST",0.00,,Y,B,-,N,,,,,,,,,,N,4,0,1,2,A,-,09,21801,A,N,D,C,A,B,H,-,C,A,0,,,,,Y,,A,08,0,0,1,0,0,0,0,0,0,"- ","- ",,,MERCED,MERCED,-120.49183654785156,37.305789947509766
8770765,2018,2019-01-25,2406,2018-12-07,0722,201,NORTH,5,5,5,2406,0,0,0,,0,011,"WEST OLIVE AV","AUSTIN AV",56.00,W,N,E,-,N,,,,,,,,,,N,4,0,1,3,A,-,03,22350,,N,C,C,A,B,H,-,A,A,0,,,,,Y,,A,01,0,0,1,0,0,0,0,0,0,"- ","- ",,,MERCED,MERCED,-120.49518585205078,37.319229125976562
8770773,2018,2019-01-28,2406,2018-12-27,0115,223,2,4,5,5,2406,0,0,0,,0,021,"26TH ST","G ST",120.00,W,N,A,-,N,,,,,,,,,,Y,3,0,3,2,A,-,12,21453,A,F,D,C,A,A,H,-,C,A,0,,,,,Y,Y,A,01,0,2,1,0,0,0,0,0,0,"- ","- ",,,MERCED,MERCED,-120.47100067138672,37.307769775390625
8772597,2018,2019-01-16,2406,2018-11-17,1048,270,2,6,5,5,2406,0,0,0,,0,020,"WEST 21ST ST","CANAL ST",0.00,,Y,A,-,N,,,,,,,,,,N,4,0,2,2,A,-,12,21453,A,N,D,C,A,A,H,-,A,A,0,,,,,Y,,A,07,0,0,2,0,0,0,0,0,0,"- ","- ",,,MERCED,MERCED,-120.48105621337891,37.305419921875
8772664,2018,2019-01-17,2406,2018-11-27,1705,162,1,2,5,5,2406,0,0,0,,0,011,"WEST OLIVE AV","MEADOWS AV",0.00,,Y,B,C,N,,,,,,,,,,N,4,0,1,2,A,-,10,21950,A,F,G,B,B,B,H,-,C,A,0,Y,,,,Y,,D,22,0,0,1,0,1,0,0,0,0,"- ","- ",,,MERCED,MERCED,-120.49043273925781,37.319259643554688
8773842,2018,2019-01-23,2406,2018-11-25,1012,268,1,7,5,5,2406,0,0,0,,0,011,"G ST","CONE AV",0.00,,Y,B,-,N,,,,,,,,,,Y,4,0,3,2,A,-,12,22450,A,N,D,C,A,A,H,-,A,A,0,,,,,Y,,A,01,0,0,3,0,0,0,0,0,0,"- ","- ",,,MERCED,MERCED,-120.48210144042969,37.284488677978516
8773846,2018,2019-01-23,2406,2018-11-23,1651,129,CENTR,5,5,5,2406,0,0,0,,0,,"G ST","EAST MAIN ST",11.00,,N,C,-,N,,,,,,,,,,Y,4,0,2,2,A,-,09,21801,A,N,D,C,A,B,H,-,C,A,0,,,,,Y,,A,07,0,0,2,0,0,0,0,0,0,"- ","- ",,,MERCED,MERCED,-120.475830078125,37.298679351806641
8773854,2018,2019-01-23,2406,2018-11-29,1203,201,2,4,5,5,2406,0,0,0,,0,020,"MLK JR WAY","W 18TH ST",0.00,,Y,B,-,N,,,,,,,,,,N,3,0,1,2,A,-,09,21800,,N,D,C,A,B,H,-,A,A,0,,,,,Y,,A,01,0,1,0,0,0,0,0,0,0,"- ","- ",,,MERCED,MERCED,-120.47978210449219,37.30133056640625
8774700,2018,2019-01-29,2406,2018-12-24,0450,256,1,1,5,5,2406,0,0,0,,0,010,"OLD LAKE RD","G ST",21.00,W,N,A,-,N,,,,,,,,,,Y,3,0,1,1,A,-,01,23152,,N,E,I,A,A,H,-,D,A,0,,,,,Y,Y,A,01,0,1,0,0,0,0,0,0,0,"- ","- ",,,MERCED,MERCED,-120.46836090087891,37.375701904296875
8777636,2018,2019-01-30,2406,2018-12-27,1303,201,NORTH,4,5,5,2406,0,0,0,,0,011,"WEST OLIVE AV","PEPPERWOOD LN",0.00,,Y,A,-,N,,,,,,,,,,Y,4,0,2,2,A,-,09,21804,A,N,A,C,A,A,H,-,A,D,0,,,,,Y,,D,22,0,0,2,0,0,0,0,0,0,"- ","- ",,,MERCED,MERCED,-120.48468017578125,37.319328308105469
8777852,2018,2019-02-05,2406,2018-12-18,1340,265,2,2,5,5,2406,0,0,0,,0,020,"M ST","RAILROAD TRACKS",51.00,S,N,A,-,N,,,,,,,,,,N,4,0,3,4,A,-,03,22350,,N,C,C,A,A,H,-,A,A,0,,,,,Y,,A,07,0,0,3,0,0,0,0,0,0,"- ","- ",,,MERCED,MERCED,,
8777860,2018,2019-02-05,2406,2018-12-03,1711,256,2,1,5,5,2406,0,0,0,,0,021,"WEST MAIN ST","O ST",0.00,,Y,A,-,N,,,,,,,,,,Y,4,0,1,4,A,-,09,21802,A,N,D,C,A,A,H,-,C,A,0,,,,,Y,,A,01,0,0,1,0,0,0,0,0,0,"- ","- ",,,MERCED,MERCED,-120.48784637451172,37.303089141845703
8777864,2018,2019-02-05,2406,2018-12-03,1738,269,1,1,5,5,2406,0,0,0,,0,010,"M ST","BUENA VISTA DR",0.00,,Y,A,-,N,,,,,,,,,,Y,4,0,2,2,A,-,09,21804,A,N,D,C,A,A,H,-,C,A,0,,,,,Y,,A,01,0,0,2,0,0,0,0,0,0,"- ","- ",,,MERCED,MERCED,-120.47853088378906,37.326999664306641
8777868,2018,2019-02-05,2406,2018-12-04,0739,268,2,2,5,5,2406,0,0,0,,0,020,"EAST 21ST ST","F ST",348.00,E,N,B,-,N,,,,,,,,,,N,4,0,3,2,A,-,03,22350,,N,C,C,A,A,H,-,A,D,0,,,,,Y,,A,07,0,0,3,0,0,0,0,0,0,"- ","- ",,,MERCED,MERCED,-120.47078704833984,37.301658630371094
8777872,2018,2019-02-05,2406,2018-12-04,1428,201,CENTR,2,5,5,2406,0,0,0,,0,020,"G ST","WEST 21ST ST",0.00,,Y,B,-,N,,,,,,,,,,Y,3,0,3,2,A,-,09,21801,A,N,A,C,A,A,H,-,A,A,0,,,,,Y,,A,07,0,2,1,0,0,0,0,0,0,"- ","- ",,,MERCED,MERCED,-120.47355651855469,37.302700042724609
8777876,2018,2019-01-30,2406,2018-12-04,1728,263,2,2,5,5,2406,0,0,0,,0,021,"WEST MAIN ST","O ST",0.00,,Y,A,-,N,,,,,,,,,,Y,4,0,1,2,A,-,12,22450,A,N,D,C,A,A,H,-,C,A,0,,,,,Y,,A,08,0,0,1,0,0,0,0,0,0,"- ","- ",,,MERCED,MERCED,-120.48784637451172,37.303089141845703
8777880,2018,2019-01-30,2406,2018-12-05,0903,129,CENTR,3,5,5,2406,0,0,0,,0,020,"WEST 16TH ST","K ST",4.00,W,N,C,-,N,,,,,,,,,,Y,4,0,1,2,A,-,08,22107,,N,B,C,A,B,H,-,A,D,0,,,Y,,Y,Y,A,01,0,0,1,0,0,0,0,0,1,"- ","- ",,,MERCED,MERCED,-120.48238372802734,37.299884796142578
8779527,2018,2019-01-11,2401,2018-12-07,1219,6,2401,5,5,3,2401,0,0,0,,0,002,"3RD ST","GROVE AV",0.00,,Y,A,-,N,,,,,,,,,,Y,4,0,1,2,A,-,12,22450,A,N,D,C,A,A,H,-,A,A,0,,,,,Y,,A,01,0,0,1,0,0,0,0,0,0,"- ","- ",,,MERCED,ATWATER,-120.606689453125,37.350700378417969
8779814,2018,2019-02-04,2406,2018-11-25,0653,253,1,7,5,5,2406,0,0,0,,0,011,"N HWY 59","BUENA VISTA DR",1320.00,S,N,E,-,Y,MER,10,59,-,-,16.370,H,-,S,Y,3,0,5,2,A,-,05,21650,,N,B,C,A,B,H,-,B,D,0,,,,,Y,,A,01,0,1,4,0,0,0,0,0,0,"- ","- ",,,MERCED,MERCED,-120.50482177734375,37.322784423828125
8779818,2018,2019-02-04,2406,2018-11-22,0530,250,1,4,5,5,2406,0,0,0,,0,011,"WEST OLIVE AV","RT 59",0.00,,Y,C,-,Y,MER,10,59,-,-,16.100,I,5,N,Y,3,0,3,1,A,-,03,22350,,N,E,J,A,B,H,-,C,A,0,,,,,Y,,A,01,0,1,2,0,0,0,0,0,0,"- ","- ",,,MERCED,MERCED,-120.50492858886719,37.319099426269531
8780002,2018,2019-02-26,2405,2018-10-09,1854,PD32,1,2,5,3,2405,0,0,0,,0,0B1,"RT 152","BADGER FLAT RD",1250.00,W,N,A,-,Y,MER,10,152,-,-,18.640,H,-,E,Y,4,0,2,4,A,-,03,22350,,N,C,C,A,A,H,-,C,A,0,,,,,Y,,A,01,0,0,2,0,0,0,0,0,0,"- ","- ",37.056831359863281,-120.87831115722656,MERCED,"LOS BANOS",-120.88264465332031,37.056751251220703
8780023,2018,2019-01-31,2405,2018-09-19,1507,PD38,6,3,5,3,2405,0,0,0,,0,B4/2,"MERCEY SPRINGS RD","SANTA BARBARA ST",0.00,,Y,A,-,Y,MER,10,165,-,-,10.150,I,5,S,N,4,0,1,2,A,-,09,21804,A,N,C,C,A,A,H,-,A,A,0,,,,,Y,,-,,0,0,1,0,0,0,0,0,0,"- ","- ",37.07666015625,-120.83534240722656,MERCED,"LOS BANOS",-120.83504486083984,37.076793670654297
8780041,2018,2019-02-22,2405,2018-09-24,1107,PD16,2,1,5,3,2405,0,0,0,,0,0B2,"MERCY SPRING RD","RT 152",0.00,,Y,A,-,Y,MER,10,152,-,-,21.272,I,5,E,N,3,0,1,2,A,-,09,21453,B,N,H,G,A,A,H,-,A,A,0,,Y,,,Y,,D,22,0,1,0,0,0,0,1,0,0,"- ","- ",37.056861877441406,-120.83528900146484,MERCED,"LOS BANOS",-120.83535766601562,37.056922912597656