CASE_ID,ACCIDENT_YEAR,PROC_DATE,JURIS,COLLISION_DATE,COLLISION_TIME,OFFICER_ID,REPORTING_DISTRICT,DAY_OF_WEEK,CHP_SHIFT,POPULATION,CNTY_CITY_LOC,SPECIAL_COND,BEAT_TYPE,CHP_BEAT_TYPE,CITY_DIVISION_LAPD,CHP_BEAT_CLASS,BEAT_NUMBER,PRIMARY_RD,SECONDARY_RD,DISTANCE,DIRECTION,INTERSECTION,WEATHER_1,WEATHER_2,STATE_HWY_IND,CALTRANS_COUNTY,CALTRANS_DISTRICT,STATE_ROUTE,ROUTE_SUFFIX,POSTMILE_PREFIX,POSTMILE,LOCATION_TYPE,RAMP_INTERSECTION,SIDE_OF_HWY,TOW_AWAY,COLLISION_SEVERITY,NUMBER_KILLED,NUMBER_INJURED,PARTY_COUNT,PRIMARY_COLL_FACTOR,PCF_CODE_OF_VIOL,PCF_VIOL_CATEGORY,PCF_VIOLATION,PCF_VIOL_SUBSECTION,HIT_AND_RUN,TYPE_OF_COLLISION,MVIW,PED_ACTION,ROAD_SURFACE,ROAD_COND_1,ROAD_COND_2,LIGHTING,CONTROL_DEVICE,CHP_ROAD_TYPE,PEDESTRIAN_ACCIDENT,BICYCLE_ACCIDENT,MOTORCYCLE_ACCIDENT,TRUCK_ACCIDENT,NOT_PRIVATE_PROPERTY,ALCOHOL_INVOLVED,STWD_VEHTYPE_AT_FAULT,CHP_VEHTYPE_AT_FAULT,COUNT_SEVERE_INJ,COUNT_VISIBLE_INJ,COUNT_COMPLAINT_PAIN,COUNT_PED_KILLED,COUNT_PED_INJURED,COUNT_BICYCLIST_KILLED,COUNT_BICYCLIST_INJURED,COUNT_MC_KILLED,COUNT_MC_INJURED,PRIMARY_RAMP,SECONDARY_RAMP,LATITUDE,LONGITUDE,COUNTY,CITY,POINT_X,POINT_Y
8945959,2019,2019-10-03,2406,2019-08-30,1901,266,2,5,5,5,2406,0,0,0,,0,020,"I ST","WEST 23RD ST",0.00,,Y,A,-,N,,,,,,,,,,Y,4,0,3,2,A,-,09,21800,,N,D,C,A,A,H,-,A,D,0,,,,,Y,,A,01,0,0,3,0,0,0,0,0,0,"- ","- ",,,MERCED,MERCED,-120.47540283203125,37.305778503417969
8945968,2019,2019-10-01,2406,2019-09-04,0916,281,3,3,5,5,2406,0,0,0,,0,031,"V ST","W 6TH ST",21.00,N,N,A,-,N,,,,,,,,,,Y,4,0,2,3,A,-,03,22350,,N,C,C,A,A,H,-,A,D,0,,,,,Y,,A,01,0,0,2,0,0,0,0,0,0,"- ","- ",,,MERCED,MERCED,-120.50466918945312,37.296051025390625
8946074,2019,2019-10-17,2404,2019-03-01,0758,X5,,5,5,3,2404,0,0,0,,0,,"CAMPBELL BL","N MAIN",31.00,S,N,A,-,N,,,,,,,,,,N,4,0,1,2,A,-,03,22350,,N,C,C,A,A,H,-,A,A,0,,,,,Y,,D,82,0,0,1,0,0,0,0,0,0,"- ","- ",37.388580322265625,-120.72176361083984,MERCED,LIVINGSTON,-120.72165679931641,37.388523101806641
8948876,2019,2020-06-16,2404,2019-04-11,1723,X43,,4,5,3,2404,0,0,0,,0,,"WINTON PKWY","RT 99",81.00,S,N,A,-,Y,MER,10,99,-,R,30.209,R,4,N,N,4,0,1,2,A,-,04,21703,,N,C,C,A,A,H,-,A,D,0,,,,Y,Y,,G,25,0,0,1,0,0,0,0,0,0,"- ",NF,37.388900756835938,-120.72267913818359,MERCED,LIVINGSTON,-120.73397827148438,37.389438629150391
8949283,2019,2019-10-16,2404,2019-04-18,1703,X43,,4,5,3,2404,0,0,0,,0,,"B ST","BRIARWOOD DR",25.00,S,N,A,-,N,,,,,,,,,,N,4,0,1,2,A,-,03,22350,,N,C,C,A,A,H,-,A,D,0,,,,,Y,,A,01,0,0,1,0,0,0,0,0,0,"- ","- ",37.385940551757812,-120.73149108886719,MERCED,LIVINGSTON,-120.73149108886719,37.385940551757812
8949291,2019,2019-10-23,2404,2019-05-04,2050,X48,,6,5,3,2404,0,0,0,,0,,"HAMMATT AV","BURGUNDY DR",0.00,,Y,A,-,N,,,,,,,,,,Y,3,0,1,3,A,-,03,22350,,N,C,C,A,A,H,-,C,D,0,,,,,Y,,A,01,0,1,0,0,0,0,0,0,0,"- ","- ",37.376819610595703,-120.71428680419922,MERCED,LIVINGSTON,-120.71425628662109,37.378139495849609
8949319,2019,2019-10-23,2404,2019-05-31,1425,X43,,5,5,3,2404,0,0,0,,0,,"PEACH AV","MAIN ST",538.00,W,N,A,-,N,,,,,,,,,,N,3,0,3,2,A,-,03,22350,,N,C,C,A,A,H,-,A,D,0,,,,,Y,,D,22,0,2,1,0,0,0,0,0,0,"- ","- ",37.375030517578125,-120.72592926025391,MERCED,LIVINGSTON,-120.72533416748047,37.375030517578125
8949327,2019,2019-10-16,2404,2019-06-12,2200,X42,,3,5,3,2404,0,0,0,,0,,"ROBIN AV","F ST",108.00,N,N,A,-,N,,,,,,,,,,Y,4,0,1,2,A,-,08,22107,,M,B,C,A,A,H,-,C,D,0,,,,,Y,Y,D,72,0,0,1,0,0,0,0,0,0,"- ","- ",37.382289886474609,-120.74149322509766,MERCED,LIVINGSTON,-120.74151611328125,37.382595062255859
8949335,2019,2019-10-16,2404,2019-06-16,1200,X50,,7,5,3,2404,0,0,0,,0,,"PRUSSO ST","SUNRISE CT",16.00,N,N,A,-,N,,,,,,,,,,N,3,0,1,2,A,-,09,21802,A,N,D,C,A,A,H,-,A,D,0,,,,,Y,,A,01,0,1,0,0,0,0,0,0,0,"- ","- ",37.380451202392578,-120.72679138183594,MERCED,LIVINGSTON,-120.72679901123047,37.380485534667969
8949930,2019,2019-10-10,2406,2019-08-30,2137,247,3,5,5,5,2406,0,0,0,,0,030,"G ST","W GERARD AV",0.00,,Y,A,-,N,,,,,,,,,,Y,3,0,3,2,A,-,09,21801,,N,A,C,A,A,H,-,C,A,0,,,,,Y,,D,22,0,1,2,0,0,0,0,0,0,"- ","- ",,,MERCED,MERCED,-120.48211669921875,37.280868530273438
8949974,2019,2020-02-04,2406,2019-08-21,0845,276,1,3,5,5,2406,0,0,0,,0,011,"W NORTH BEAR CREEK DR","N HWY 59",10.00,E,N,A,-,Y,MER,10,59,-,-,15.450,I,6,N,Y,4,0,1,2,A,-,05,21460,A,N,A,D,A,A,H,-,A,A,0,,,,,Y,,A,01,0,0,1,0,0,0,0,0,0,"- ","- ",,,MERCED,MERCED,-120.50520324707031,37.310039520263672
8950003,2019,2019-10-09,2406,2019-08-21,0728,201,1,3,5,5,2406,0,0,0,,0,011,"R ST","BEAR CREEK DR",0.00,,Y,A,-,N,,,,,,,,,,N,4,0,2,3,A,-,09,21453,B,N,G,B,B,A,H,-,A,A,0,Y,,,,Y,,A,01,0,0,2,0,2,0,0,0,0,"- ","- ",,,MERCED,MERCED,-120.48741912841797,37.313709259033203
8950007,2019,2019-10-08,2406,2019-08-30,1421,264,CENTR,5,5,5,2406,0,0,0,,0,020,"G ST","W 18TH ST",0.00,,Y,A,-,N,,,,,,,,,,Y,4,0,1,2,A,-,17,21451,A,F,D,C,A,A,H,-,A,A,0,,,,,Y,,A,01,0,0,1,0,0,0,0,0,0,"- ","- ",,,MERCED,MERCED,-120.47525787353516,37.299678802490234
8950011,2019,2019-10-17,2406,2019-08-27,0445,241,2,2,5,5,2406,0,0,0,,0,021,"14TH ST","V ST",900.00,E,N,A,-,N,,,,,,,,,,N,2,0,1,2,A,-,05,21202,A,N,C,G,A,A,H,-,C,D,0,,Y,,,Y,,L,04,1,0,0,0,0,0,1,0,0,"- ","- ",,,MERCED,MERCED,-120.49756622314453,37.302528381347656
8950015,2019,2019-10-09,2406,2019-08-31,1743,252,3,6,5,5,2406,0,0,0,,0,031,"R ST","WEST 9TH ST",168.00,S,N,A,-,N,,,,,,,,,,N,4,0,1,2,A,-,00,22106,A,N,D,C,A,A,H,-,A,A,0,,,,,Y,,A,01,0,0,1,0,0,0,0,0,0,"- ","- ",,,MERCED,MERCED,-120.49741363525391,37.296039581298828
8950019,2019,2019-10-08,2406,2019-08-28,1005,201,1,3,5,5,2406,0,0,0,,0,010,"E NORTH BEAR CREEK DR","G ST",0.00,E,N,A,-,N,,,,,,,,,,N,3,0,1,2,A,-,09,21803,A,N,B,G,A,A,H,-,A,A,0,,Y,,,Y,,L,04,0,1,0,0,0,0,1,0,0,"- ","- ",,,MERCED,MERCED,-120.46943,37.310049999999997
8950023,2019,2019-10-08,2406,2019-08-26,1932,162,2,1,5,5,2406,0,0,0,,0,021,"WEST 16TH ST","O ST",0.00,,Y,A,-,N,,,,,,,,,,N,3,0,1,2,A,-,05,21650,1,N,D,G,A,A,H,-,A,A,0,,Y,,,Y,,L,04,0,1,0,0,0,0,1,0,0,"- ","- ",,,MERCED,MERCED,-120.48847198486328,37.302089691162109
8950027,2019,2019-10-09,2406,2019-08-23,0815,264,CENTR,5,5,5,2406,0,0,0,,0,021,"WEST 16TH ST","P ST",0.00,,Y,A,-,N,,,,,,,,,,Y,3,0,5,2,A,-,09,21801,A,N,A,C,A,A,H,-,A,D,0,,,,,Y,,A,01,0,2,3,0,0,0,0,0,0,"- ","- ",,,MERCED,MERCED,-120.48996734619141,37.302639007568359
8950031,2019,2019-10-09,2406,2019-08-22,1720,255,1,4,5,5,2406,0,0,0,,0,010,"PARTRIDGE DR","AVOCET CT",73.00,W,N,A,-,N,,,,,,,,,,Y,4,0,1,2,A,-,09,21804,A,N,D,C,A,A,H,-,A,D,0,,,,,Y,,A,01,0,0,1,0,0,0,0,0,0,"- ","- ",,,MERCED,MERCED,-120.45597076416016,37.333724975585938
8950035,2019,2019-10-09,2406,2019-08-22,1432,220,SOUTH,4,5,5,2406,0,0,0,,0,031,"MIMI LN","WEST CHILDS AV",131.00,N,N,A,-,N,,,,,,,,,,N,2,0,1,1,B,-,22,,,N,A,I,A,A,H,-,A,D,0,,,,,Y,,M,96,1,0,0,0,0,0,0,0,0,"- ","- ",,,MERCED,MERCED,-120.49810028076172,37.288536071777344
8950061,2019,2019-10-09,2404,2019-07-04,2158,X48,,4,5,3,2404,0,0,0,,0,,"WALNUT AV","SYCAMORE ST",0.00,,Y,A,-,N,,,,,,,,,,Y,2,0,1,2,A,-,09,21802,A,N,D,C,A,A,H,-,C,A,0,,,,,Y,,A,01,1,0,0,0,0,0,0,0,0,"- ","- ",37.389549255371094,-120.7017822265625,MERCED,LIVINGSTON,-120.70179748535156,37.389568328857422
8950334,2019,2019-12-10,2406,2019-09-10,1215,281,2,2,5,5,2406,0,0,0,,0,021,"WEST 16TH ST","V ST",138.00,E,N,A,-,N,,,,,,,,,,N,2,0,1,2,A,-,08,22107,,F,G,B,F,A,H,-,A,D,0,Y,,,,Y,,A,01,1,0,0,0,1,0,0,0,0,"- ","- ",,,MERCED,MERCED,-120.49858093261719,37.305770874023438
8950338,2019,2019-11-06,2406,2019-09-07,0921,264,SOUTH,6,5,5,2406,0,0,0,,0,030,"WEST CHILDS AV","MARTIN LUTHER KING JR WY",0.00,,Y,A,-,N,,,,,,,,,,N,4,0,1,2,A,-,09,21801,A,N,A,C,A,A,H,-,A,A,0,,,,,Y,,A,07,0,0,1,0,0,0,0,0,0,"- ","- ",,,MERCED,MERCED,-120.4874267578125,37.28826904296875
8950342,2019,2019-11-06,2406,2019-09-30,1451,129,CENTR,1,5,5,2406,0,0,0,,0,020,"G ST","WEST 23RD ST",60.00,S,N,A,-,N,,,,,,,,,,N,4,0,3,2,A,-,03,22350,,F,C,C,A,A,H,-,A,A,0,,,,,Y,,A,01,0,0,3,0,0,0,0,0,0,"- ","- ",,,MERCED,MERCED,-120.4725341796875,37.304489135742188
8950346,2019,2019-11-06,2406,2019-09-04,0135,162,2,3,5,5,2406,0,0,0,,0,020,"EAST 21ST ST","GLEN AV",95.00,E,N,A,-,N,,,,,,,,,,Y,2,0,1,2,A,-,03,22350,,F,C,G,A,A,H,-,C,D,0,,Y,,,Y,,A,01,1,0,0,0,0,0,1,0,0,"- ","- ",,,MERCED,MERCED,-120.46368408203125,37.299041748046875
8950350,2019,2019-11-06,2406,2019-09-29,1752,257,3,7,5,5,2406,0,0,0,,0,030,"MARTIN LUTHER KING JR WY","WEST 11TH ST",0.00,,Y,A,-,N,,,,,,,,,,N,4,0,1,2,A,-,09,21802,A,N,B,G,A,A,H,-,A,D,0,,Y,,,Y,,L,04,0,0,1,0,0,0,1,0,0,"- ","- ",,,MERCED,MERCED,-120.48396301269531,37.294029235839844
8953267,2019,2019-10-25,2406,2019-09-08,1409,284,,7,5,5,2406,0,0,0,,0,"2 20","G ST","MAIN ST",0.00,,Y,A,-,N,,,,,,,,,,Y,4,0,1,2,A,-,09,21801,A,N,D,C,A,A,H,-,A,A,0,,,,,Y,,A,01,0,0,1,0,0,0,0,0,0,"- ","- ",,,MERCED,MERCED,-120.475830078125,37.298679351806641
8953271,2019,2019-10-25,2406,2019-09-11,2131,284,,3,5,5,2406,0,0,0,,0,"1 11","DENVER AV","LOUGHBOROUGH DR",318.00,S,N,A,-,N,,,,,,,,,,Y,4,0,1,2,A,-,01,23152,A,N,B,E,A,A,H,-,C,D,0,,,,,Y,Y,A,01,0,0,1,0,0,0,0,0,0,"- ","- ",,,MERCED,MERCED,-120.49281311035156,37.322505950927734
8954263,2019,2019-10-10,2404,2019-08-24,1422,X52,,6,5,3,2404,0,0,0,,0,,"8TH ST","PARK ST",3.00,S,N,A,-,N,,,,,,,,,,N,3,0,2,2,A,-,12,22450,,N,D,C,A,A,H,-,A,A,0,,,,,Y,,A,07,0,2,0,0,0,0,0,0,0,"- ","- ",37.3785400390625,-120.71652221679688,MERCED,LIVINGSTON,-120.71650695800781,37.378532409667969
8954427,2019,2019-10-14,2404,2019-07-13,1430,X46,,6,5,3,2404,0,0,0,,0,,"N MAIN ST","NUT TREE RD",137.00,N,N,A,-,N,,,,,,,,,,N,3,0,2,2,A,-,07,21658,,N,B,C,A,A,H,-,A,D,0,,,,,Y,,A,01,0,2,0,0,0,0,0,0,0,"- ","- ",37.394508361816406,-120.71845245361328,MERCED,LIVINGSTON,-120.718256,37.394865000000003
8955526,2019,2019-10-21,2406,2019-10-01,1935,262,CENTR,2,5,5,2406,0,0,0,,0,020,"W 21ST","I ST",0.00,,Y,A,-,N,,,,,,,,,,Y,2,0,1,2,A,-,01,23153,A,N,A,C,A,A,H,-,C,D,0,,,Y,,Y,Y,A,01,1,0,0,0,0,0,0,0,1,"- ","- ",,,MERCED,MERCED,-120.4765625,37.303768157958984
8958113,2019,2019-11-13,2401,2019-09-16,1335,753,2401,1,5,3,2401,0,0,0,,0,003,"BELLEVUE RD","SHAFFER RD",50.00,E,N,C,-,N,,,,,,,,,,N,4,0,1,2,A,-,03,22350,,M,B,C,A,B,H,-,A,A,0,,,,,Y,,D,22,0,0,1,0,0,0,0,0,0,"- ","- ",,,MERCED,ATWATER,-120.59580993652344,37.360458374023438
8958141,2019,2019-11-08,2401,2019-09-03,0826,753,2401,2,5,3,2401,0,0,0,,0,003,"BELLEVUE ST","CREST DR",60.00,E,N,A,-,N,,,,,,,,,,Y,4,0,1,4,A,-,03,22350,,N,C,C,A,A,H,-,A,A,0,,,,Y,Y,,D,22,0,0,1,0,0,0,0,0,0,"- ","- ",,,MERCED,ATWATER,-120.58555603027344,37.360492706298828
8958195,2019,2019-10-21,2401,2019-09-18,0713,713,NW1,3,5,3,2401,0,0,0,,0,003,"FRUITLAND AV","VIRGINIA ST",55.00,E,N,A,-,N,,,,,,,,,,N,4,0,1,2,A,-,03,22350,,N,C,C,A,A,H,-,A,D,0,,,,,Y,,A,01,0,0,1,0,0,0,0,0,0,"- ","- ",,,MERCED,ATWATER,-120.61922454833984,37.364109039306641
8958199,2019,2019-10-21,2401,2019-09-26,1409,1,2401,4,5,3,2401,0,0,0,,0,003,"BELLEVUE RD","BUHACH RD",0.00,,Y,A,-,N,,,,,,,,,,N,4,0,2,2,A,-,08,22107,,N,D,C,A,A,C,-,A,A,0,,,,,Y,,A,01,0,0,2,0,0,0,0,0,0,"- ","- ",,,MERCED,ATWATER,-120.57663726806641,37.360511779785156
8958203,2019,2019-10-21,2401,2019-09-29,1430,718,2401,7,5,3,2401,0,0,0,,0,003,"BELLEVUE RD","REDWOOD AV",0.00,,N,A,-,N,,,,,,,,,,N,4,0,1,2,A,-,09,21804,A,N,D,C,A,A,H,-,A,D,0,,,,,Y,,A,01,0,0,1,0,0,0,0,0,0,"- ","- ",,,MERCED,ATWATER,-120.60134124755859,37.360450744628906
8958207,2019,2019-10-21,2401,2019-09-25,1508,2,2401,3,5,3,2401,0,0,0,,0,001,"FRUITLAND AV","WINTON WY",100.00,E,N,A,-,N,,,,,,,,,,N,4,0,1,2,A,-,21,22106,,N,D,C,A,A,H,-,A,D,0,,,,,Y,,A,07,0,0,1,0,0,0,0,0,0,"- ","- ",,,MERCED,ATWATER,-120.61386871337891,37.364109039306641
8958211,2019,2019-10-21,2401,2019-09-21,1316,1,2401,6,5,3,2401,0,0,0,,0,003,"BELLEVUE RD","BROWNELL AV",20.00,E,N,A,-,N,,,,,,,,,,N,4,0,1,2,A,-,07,21658,A,N,B,C,A,A,H,-,A,A,0,,,Y,,Y,,A,07,0,0,1,0,0,0,0,0,1,"- ","- ",,,MERCED,ATWATER,-120.59346771240234,37.360481262207031
8958219,2019,2019-10-21,2401,2019-09-01,0214,724,2401,7,5,3,2401,0,0,0,,0,003,"ATWATER BL","CASTLE ST",229.00,E,N,A,-,N,,,,,,,,,,Y,2,0,1,1,A,-,08,22107,,N,E,I,A,A,H,-,C,D,0,,,,,Y,Y,A,01,1,0,0,0,0,0,0,0,0,"- ","- ",,,MERCED,ATWATER,-120.60147857666016,37.34295654296875
8958227,2019,2019-10-21,2401,2019-09-08,1015,753,2401,7,5,3,2401,0,0,0,,0,003,"WINTON WY","MITCHELL ST",0.00,,Y,A,-,N,,,,,,,,,,Y,4,0,4,2,A,-,03,22350,,N,C,C,A,A,H,-,A,A,0,,,,,Y,,A,01,0,0,4,0,0,0,0,0,0,"- ","- ",,,MERCED,ATWATER,-120.61374664306641,37.351631164550781
8958641,2019,2019-10-29,2406,2019-09-10,1219,129,NORTH,2,5,5,2406,0,0,0,,0,,"M ST","BUENA VISTA DR",0.00,,Y,A,-,N,,,,,,,,,,Y,4,0,1,2,A,-,09,21802,A,N,D,C,A,A,H,-,A,A,0,,,,,Y,,A,07,0,0,1,0,0,0,0,0,0,"- ","- ",,,MERCED,MERCED,-120.47853088378906,37.326999664306641
8958645,2019,2019-10-29,2406,2019-09-14,1950,269,1,6,5,5,2406,0,0,0,,0,011,"SAN JOSE AV","RENSSELAER DR",0.00,,Y,A,-,N,,,,,,,,,,N,3,0,1,2,A,-,11,21955,,F,G,B,D,A,H,-,D,D,0,Y,,,,Y,,N,60,0,1,0,0,1,0,0,0,0,"- ","- ",,,MERCED,MERCED,-120.48297882080078,37.333721160888672
8958661,2019,2019-10-29,2406,2019-09-16,1049,129,NORTH,1,5,5,2406,0,0,0,,0,011,"W NORTH BEAR CREEK DR","CREEKSIDE DR",0.00,,Y,B,-,N,,,,,,,,,,Y,4,0,1,2,A,-,09,21802,A,N,D,C,A,A,H,-,A,A,0,,,,,Y,,A,01,0,0,1,0,0,0,0,0,0,"- ","- ",,,MERCED,MERCED,-120.49885999999999,37.312489999999997
8958663,2019,2019-11-04,2406,2019-09-12,1317,279,2,4,5,5,2406,0,0,0,,0,"2 20","WILLOW AV","23RD ST",12.00,S,N,A,-,N,,,,,,,,,,Y,3,0,1,2,A,-,08,22107,,N,D,C,A,A,H,-,A,D,0,,,,,Y,,D,22,0,1,0,0,0,0,0,0,0,"- ","- ",,,MERCED,MERCED,-120.46128082275391,37.300548553466797
8959466,2019,2019-11-01,2406,2019-10-22,1758,283,2,2,5,5,2406,0,0,0,,0,021,"WEST 22ND ST","W Q ST",34.00,E,N,A,-,N,,,,,,,,,,Y,4,0,1,2,A,-,08,22107,,F,D,C,A,A,H,-,A,A,0,,,,,Y,,A,01,0,0,1,0,0,0,0,0,0,"- ","- ",,,MERCED,MERCED,-120.4879150390625,37.309169769287109
8959528,2019,2019-10-31,2406,2019-09-14,1226,276,1,6,5,5,2406,0,0,0,,0,011,"WEST OLIVE AV","MEADOW AV",588.00,E,N,A,-,N,,,,,,,,,,Y,4,0,2,2,A,-,09,21804,A,N,D,C,A,A,H,-,A,D,0,,,,,Y,,A,07,0,0,2,0,0,0,0,0,0,"- ","- ",,,MERCED,MERCED,-120.48841094970703,37.319271087646484
8959601,2019,2019-11-06,2406,2019-09-11,1634,284,,3,5,5,2406,0,0,0,,0,331,"12TH ST","11TH ST",0.00,,Y,A,-,N,,,,,,,,,,N,3,0,1,3,A,-,09,21802,A,N,D,C,A,A,H,-,A,A,0,,,,,Y,,A,01,0,1,0,0,0,0,0,0,0,"- ","- ",,,MERCED,MERCED,,
8960625,2019,2019-12-04,2406,2019-10-05,2023,020857,,6,5,5,2406,0,0,0,,0,,"G ST","11TH ST",528.00,S,N,A,-,N,,,,,,,,,,N,3,0,1,2,A,-,21,22106,,N,G,B,D,A,H,-,C,D,0,Y,,,,Y,Y,J,48,0,1,0,0,1,0,0,0,0,"- ","- ",37.291088104248047,-120.48029327392578,MERCED,MERCED,-120.48023223876953,37.291069030761719
8960637,2019,2019-12-04,2406,2019-08-24,2224,020365,,6,5,5,2406,0,0,0,,0,,"K ST","21ST ST",0.00,,Y,A,-,N,,,,,,,,,,Y,3,0,7,2,A,-,09,21804,A,N,D,C,A,A,H,-,D,D,0,,,,,Y,,A,01,0,2,5,0,0,0,0,0,0,"- ","- ",37.181900024414062,-120.28469848632812,MERCED,MERCED,-120.47955322265625,37.304878234863281
8962166,2019,2019-10-24,2406,2019-08-15,0755,276,1,4,5,5,2406,0,0,0,,0,011,"YOSEMITE AV","R ST",620.00,W,N,A,-,N,,,,,,,,,,Y,4,0,1,5,A,-,03,22350,,M,C,C,A,A,H,-,A,D,0,,,,,Y,,A,01,0,0,1,0,0,0,0,0,0,"- ","- ",,,MERCED,MERCED,-120.48860931396484,37.332160949707031
8962233,2019,2019-10-22,2406,2019-08-29,1743,247,2,4,5,5,2406,0,0,0,,0,020,"15TH ST","MARTIN LUTHER KING JR WY",0.00,,Y,A,-,N,,,,,,,,,,N,3,0,1,2,A,-,10,21950,,N,G,B,B,A,H,-,A,A,0,Y,,,,Y,,A,01,0,1,0,0,1,0,0,0,0,"- ","- ",,,MERCED,MERCED,-120.48171234130859,37.298080444335938
8962502,2019,2019-10-24,2406,2019-09-08,1605,284,,7,5,5,2406,0,0,0,,0,"2 21","ASHBY RD","COOPER AV",1107.00,E,N,A,-,N,,,,,,,,,,Y,4,0,1,2,A,-,08,22105,,N,D,C,A,A,H,-,A,D,0,,,,,Y,,A,07,0,0,1,0,0,0,0,0,0,"- ","- ",,,MERCED,MERCED,-120.51551818847656,37.313236236572266
8962506,2019,2019-10-24,2406,2019-09-09,2248,284,,1,5,5,2406,0,0,0,,0,"1 11","G ST","EAST BELLEVUE RD",1368.00,N,N,A,-,N,,,,,,,,,,Y,3,0,1,1,A,-,08,22107,,N,F,J,A,A,H,-,C,D,0,,,,,Y,,A,01,0,1,0,0,0,0,0,0,0,"- ","- ",,,MERCED,MERCED,-120.46864318847656,37.364856719970703
8962514,2019,2019-10-24,2406,2019-09-08,1452,284,,7,5,5,2406,0,0,0,,0,"2 21","R ST","18TH ST",0.00,,Y,A,-,N,,,,,,,,,,N,3,0,2,2,A,-,12,21453,A,N,D,C,A,A,H,-,A,A,0,,,,,Y,,A,01,0,1,1,0,0,0,0,0,0,"- ","- ",,,MERCED,MERCED,-120.49183654785156,37.305789947509766
8962518,2019,2019-10-24,2406,2019-09-04,1845,267,1,3,5,5,2406,0,0,0,,0,010,"EAST OLIVE AV","COLLEGE AV",32.00,W,N,A,-,N,,,,,,,,,,N,2,0,1,2,A,-,17,21208,A,N,-,G,A,A,H,-,A,D,0,,Y,,,Y,,L,04,1,0,0,0,0,0,1,0,0,"- ","- ",,,MERCED,MERCED,-120.46642303466797,37.318477630615234
8962522,2019,2019-10-24,2406,2019-09-09,1544,284,,1,5,5,2406,0,0,0,,0,"1 11","R ST","BUENA VISTA DR",0.00,,Y,A,-,N,,,,,,,,,,Y,3,0,1,1,A,-,08,22107,,M,E,I,A,A,H,-,A,A,0,,,,,Y,,A,01,0,1,0,0,0,0,0,0,0,"- ","- ",,,MERCED,MERCED,-120.48683929443359,37.326370239257812
8962526,2019,2019-10-24,2406,2019-09-10,0731,129,NORTH,2,5,5,2406,0,0,0,,0,011,"R ST","W NORTH BEAR CREEK DR",136.00,N,N,A,-,N,,,,,,,,,,N,4,0,1,2,A,-,09,21804,A,N,D,C,A,A,H,-,A,D,0,,,Y,,Y,,A,07,0,0,1,0,0,0,0,0,1,"- ","- ",,,MERCED,MERCED,-120.48730500000001,37.314065999999997
8962530,2019,2019-10-24,2406,2019-09-01,1601,251,2,7,5,5,2406,0,0,0,,0,021,"R ST","WEST 20TH ST",0.00,,Y,A,-,N,,,,,,,,,,Y,3,0,5,2,A,-,07,21658,A,N,A,C,A,A,H,-,A,A,0,,,,,Y,,A,01,0,4,1,0,0,0,0,0,0,"- ","- ",,,MERCED,MERCED,-120.49069976806641,37.3077392578125
8962534,2019,2019-10-24,2406,2019-09-06,0743,281,2,5,5,5,2406,0,0,0,,0,020,"EAST CHILDS AV","MANZANITA AV",15.00,E,N,A,-,N,,,,,,,,,,N,4,0,1,2,A,-,11,21954,A,N,G,B,D,A,H,-,A,A,0,Y,,,,Y,,N,60,0,0,1,0,1,0,0,0,0,"- ","- ",,,MERCED,MERCED,-120.44886016845703,37.287849426269531
8962538,2019,2019-10-30,2406,2019-09-04,1505,281,1,3,5,5,2406,0,0,0,,0,011,"WEST OLIVE AV","PARK AV",606.00,E,N,A,-,N,,,,,,,,,,N,4,0,1,2,A,-,09,21802,A,N,A,G,A,A,H,-,A,A,0,,Y,,,Y,,A,01,0,0,1,0,0,0,1,0,0,"- ","- ",,,MERCED,MERCED,-120.47073364257812,37.318439483642578
8962542,2019,2019-10-24,2406,2019-09-09,0437,260,3,1,5,5,2406,0,0,0,,0,031,"R ST","WEST 13TH ST",132.00,S,N,A,-,N,,,,,,,,,,N,3,0,1,2,A,-,11,21956,A,N,G,B,D,A,H,-,C,A,0,Y,,,,Y,,N,60,0,1,0,0,1,0,0,0,0,"- ","- ",,,MERCED,MERCED,-120.49504089355469,37.300159454345703
8962546,2019,2019-10-24,2406,2019-09-09,1127,129,NORTH,1,5,5,2406,0,0,0,,0,010,"CRAIG DR","G ST",2.00,E,N,A,-,N,,,,,,,,,,N,3,0,1,2,A,-,21,22106,,N,G,B,D,A,H,-,A,D,0,Y,,,,Y,,A,01,0,1,0,0,1,0,0,0,0,"- ","- ",,,MERCED,MERCED,-120.46949005126953,37.313240051269531
8964176,2019,2020-01-13,2406,2019-08-16,0233,268,2,5,5,5,2406,0,0,0,,0,020,"RT 140","SANTA FE AV",405.00,W,N,A,-,Y,MER,10,140,-,-,37.320,H,-,W,Y,3,0,1,1,A,-,07,21658,A,N,E,I,A,A,H,-,D,D,0,,,,,Y,,A,01,0,1,0,0,0,0,0,0,0,"- ","- ",,,MERCED,MERCED,-120.44046783447266,37.295120239257812
8964308,2019,2019-11-15,2401,2019-09-12,1827,727,,4,5,3,2401,0,0,0,,0,003,"BOULDER DR","ALABAASTER CT",0.00,,N,A,-,N,,,,,,,,,,N,2,0,1,3,A,-,09,21801,A,N,A,C,A,A,H,-,A,D,0,,,Y,,Y,,A,01,1,0,0,0,0,0,0,0,1,"- ","- ",,,MERCED,ATWATER,-120.58698272705078,37.358631134033203
8964406,2019,2020-02-03,2406,2019-09-02,2100,284,,1,5,5,2406,0,0,0,,0,331,"RT 140","X ST",0.00,,Y,A,-,Y,MER,10,140,-,-,35.552,I,5,E,N,4,0,1,2,A,-,05,21650,,N,D,G,A,A,H,-,C,A,0,,Y,,,Y,,L,04,0,0,1,0,0,0,1,0,0,"- ","- ",,,MERCED,MERCED,-120.50453186035156,37.302711486816406
8964661,2019,2020-01-21,2406,2019-09-11,1447,284,,3,5,5,2406,0,0,0,,0,111,"RT 59","OLIVE AV",1300.00,N,N,A,-,Y,MER,10,59,-,-,16.350,H,-,S,N,4,0,1,2,A,-,03,22350,,N,C,D,A,A,H,-,A,A,0,,,,,Y,,A,07,0,0,1,0,0,0,0,0,0,"- ","- ",,,MERCED,MERCED,-120.50482940673828,37.322494506835938