CASE_ID,ACCIDENT_YEAR,PROC_DATE,JURIS,COLLISION_DATE,COLLISION_TIME,OFFICER_ID,REPORTING_DISTRICT,DAY_OF_WEEK,CHP_SHIFT,POPULATION,CNTY_CITY_LOC,SPECIAL_COND,BEAT_TYPE,CHP_BEAT_TYPE,CITY_DIVISION_LAPD,CHP_BEAT_CLASS,BEAT_NUMBER,PRIMARY_RD,SECONDARY_RD,DISTANCE,DIRECTION,INTERSECTION,WEATHER_1,WEATHER_2,STATE_HWY_IND,CALTRANS_COUNTY,CALTRANS_DISTRICT,STATE_ROUTE,ROUTE_SUFFIX,POSTMILE_PREFIX,POSTMILE,LOCATION_TYPE,RAMP_INTERSECTION,SIDE_OF_HWY,TOW_AWAY,COLLISION_SEVERITY,NUMBER_KILLED,NUMBER_INJURED,PARTY_COUNT,PRIMARY_COLL_FACTOR,PCF_CODE_OF_VIOL,PCF_VIOL_CATEGORY,PCF_VIOLATION,PCF_VIOL_SUBSECTION,HIT_AND_RUN,TYPE_OF_COLLISION,MVIW,PED_ACTION,ROAD_SURFACE,ROAD_COND_1,ROAD_COND_2,LIGHTING,CONTROL_DEVICE,CHP_ROAD_TYPE,PEDESTRIAN_ACCIDENT,BICYCLE_ACCIDENT,MOTORCYCLE_ACCIDENT,TRUCK_ACCIDENT,NOT_PRIVATE_PROPERTY,ALCOHOL_INVOLVED,STWD_VEHTYPE_AT_FAULT,CHP_VEHTYPE_AT_FAULT,COUNT_SEVERE_INJ,COUNT_VISIBLE_INJ,COUNT_COMPLAINT_PAIN,COUNT_PED_KILLED,COUNT_PED_INJURED,COUNT_BICYCLIST_KILLED,COUNT_BICYCLIST_INJURED,COUNT_MC_KILLED,COUNT_MC_INJURED,PRIMARY_RAMP,SECONDARY_RAMP,LATITUDE,LONGITUDE,COUNTY,CITY,POINT_X,POINT_Y
90045970,2015,2015-11-30,9460,2015-10-27,0900,018903,,2,1,9,2400,0,1,3,,2,001,"SR-99 (SOUTHBOUND)","COLLIER RD",3168.00,S,N,B,-,Y,,,99,,,,,,,Y,3,0,1,2,A,-,03,22350,,N,C,C,A,A,H,-,A,D,0,,,,Y,Y,,G,25,0,1,0,0,0,0,0,0,0,"- ","- ",37.402349999999998,-120.74559000000001,MERCED,UNINCORPORATED,-120.74555736000001,37.402376969999999
90046114,2015,2015-11-06,9460,2015-10-24,1442,019378,,6,2,9,2400,0,1,3,,2,002,"SR-99 (N/B)","E. ATWATER BLVD.",700.00,S,N,A,-,Y,,,99,,,,,,,Y,3,0,3,4,A,-,08,22107,,N,D,C,E,A,H,-,A,D,0,Y,,,,Y,,A,01,0,1,2,0,2,0,0,0,0,"- ","- ",37.340240000000001,-120.59021,MERCED,UNINCORPORATED,-120.59019843,37.340314149999998
90046130,2015,2015-11-06,9460,2015-10-28,0833,017827,,3,1,9,2400,0,1,3,,2,002,"SR-99 (N/B)","E. ATWATER BLVD. O/C",528.00,N,N,B,-,Y,,,99,,,,,,,Y,3,0,2,2,A,-,03,22350,,N,C,C,A,B,H,-,A,D,0,,,,,Y,,A,01,0,1,1,0,0,0,0,0,0,"- ","- ",37.340139999999998,-120.59869,MERCED,UNINCORPORATED,-120.59869126,37.340078349999999
90046134,2015,2015-11-06,9460,2015-10-28,0834,017827,,3,1,9,2400,0,1,3,,2,002,"SR-99 (N/B)","E. ATWATER BLVD. O/C",528.00,N,N,B,-,Y,,,99,,,,,,,Y,4,0,1,2,A,-,03,22350,,N,C,C,A,B,H,-,A,D,0,,,,,Y,,A,01,0,0,1,0,0,0,0,0,0,"- ","- ",37.340130000000002,-120.59868,MERCED,UNINCORPORATED,-120.59868106,37.340078140000003
90046189,2015,2015-11-06,9460,2015-11-01,1330,019640,,7,1,9,2400,0,1,3,,2,001,"SR-99 (N/B)","COLLIER RD",3696.00,S,N,A,-,Y,,,99,,,,,,,Y,4,0,1,1,A,-,08,22107,,F,F,A,A,A,H,-,A,D,0,,,,,Y,,A,01,0,0,1,0,0,0,0,0,0,"- ","- ",37.401090000000003,-120.74387,MERCED,UNINCORPORATED,-120.7439933,37.40098751
90046259,2015,2015-11-06,9460,2015-11-02,0550,018673,,1,3,5,2406,0,1,3,,2,003,"SR-99 (N/B)","MARTIN LUTHER KING JR WAY",200.00,N,N,A,C,Y,,,,,,,,,,Y,4,0,1,1,A,-,03,22350,,N,E,I,A,B,H,-,D,D,0,,,,,Y,,A,01,0,0,1,0,0,0,0,0,0,"- ","- ",37.296860000000002,-120.48038,MERCED,MERCED,-120.48319171,37.296704239999997
90046657,2015,2015-11-09,9460,2015-10-27,1955,019378,,2,2,9,2400,0,2,4,,1,031,"WINTON WAY","GERTRUDE AVE",0.00,,Y,A,-,N,,,,,,,,,,Y,4,0,1,2,A,-,09,21801,A,N,D,C,A,A,H,-,D,D,0,,,,,Y,,A,08,0,0,1,0,0,0,0,0,0,"- ","- ",37.374960000000002,-120.61342,MERCED,UNINCORPORATED,-120.61367989999999,37.374969960000001
90047087,2015,2015-11-09,9460,2015-11-08,2151,020117,,7,2,9,2400,0,3,5,,2,030,"WALNUT AVE","SULTANA DR",35.00,W,N,C,-,Y,,,,,,,,,,Y,2,0,1,1,A,-,01,23152,A,N,E,I,A,B,H,-,D,D,0,,,,,Y,Y,A,01,1,0,0,0,0,0,0,0,0,"- ","- ",37.389479999999999,-120.68911,MERCED,UNINCORPORATED,-120.68643045,37.389520439999998
90047095,2015,2015-11-09,9461,2015-11-02,1925,017029,,1,2,9,2400,0,1,3,,1,103,SR-33,"BAMBAUER RD",1056.00,N,N,B,C,Y,,,33,,,,,,,N,3,0,1,2,A,-,08,22107,,F,B,B,F,B,H,-,D,A,0,Y,,,,Y,Y,A,01,0,1,0,0,1,0,0,0,0,"- ","- ",37.278089999999999,-121.00623,MERCED,UNINCORPORATED,-121.00629723999999,37.278062779999999
90047105,2015,2015-11-09,9460,2015-10-28,0747,014541,,3,1,9,2400,0,3,5,,2,040,"BELLEVUE ROAD","FOX ROAD",0.00,,Y,B,-,N,,,,,,,,,,Y,3,0,3,2,A,-,03,22350,,N,D,C,A,B,H,-,A,A,0,,,,,Y,,A,01,0,2,1,0,0,0,0,0,0,"- ","- ",37.360680000000002,-120.54942,MERCED,UNINCORPORATED,-120.54940992,37.360639929999998
90047129,2015,2015-11-09,9461,2015-11-03,1743,016452,,2,2,9,2400,0,1,1,,2,105,"I-5 N/B",SR-140,26400.00,S,N,A,-,Y,,,,,,,,,,N,4,0,1,2,A,-,03,22350,,N,C,C,A,A,H,-,D,D,0,,,,,Y,,A,01,0,0,1,0,0,0,0,0,0,"- ","- ",,,MERCED,UNINCORPORATED,,
90047161,2015,2015-11-09,9461,2015-11-06,1718,019052,,5,2,9,2400,0,1,3,,1,152,"SR-152 E/B","UPPER COTTONWOOD",4224.00,W,N,A,-,Y,,,,,,,,,,Y,2,0,1,2,A,-,03,22350,,N,C,C,A,A,H,-,D,D,0,,,,,Y,,A,01,1,0,0,0,0,0,0,0,0,"- ","- ",37.087389999999999,-121.19328,MERCED,UNINCORPORATED,,
90047612,2015,2015-11-10,9461,2015-11-01,2140,020385,,7,2,9,2400,0,1,3,,1,265,"SR-165 S/B","WOLFSEN RD",4818.00,S,N,A,-,Y,,,165,,,,,,S,Y,4,0,1,2,A,-,01,23152,A,N,B,C,A,A,H,-,D,D,0,,,,,Y,Y,A,07,0,0,1,0,0,0,0,0,0,"- ","- ",37.134889999999999,-120.83410000000001,MERCED,UNINCORPORATED,-120.83422925000001,37.13496207
90047919,2015,2015-11-10,9460,2015-11-04,0701,019237,,3,1,9,2400,0,3,5,,2,100,"MAGNOLIA AVE","ROBIN AVE",0.00,,Y,A,-,N,,,,,,,,,,Y,4,0,1,2,A,-,09,21802,A,N,D,C,A,A,H,-,A,A,0,,,,Y,Y,,F,26,0,0,1,0,0,0,0,0,0,"- ","- ",37.297269999999997,-120.91773000000001,MERCED,UNINCORPORATED,-120.74177999,37.367729920000002
90048328,2015,2015-11-10,9460,2015-11-02,1740,019604,,1,2,9,2400,0,1,3,,1,143,"CUNNINGHAM RD","CHILDS AVE",500.00,N,N,B,-,N,,,,,,,,,,N,4,0,1,1,C,-,18,,,N,H,H,A,A,H,-,D,D,0,,,,,Y,,-,"- ",0,0,1,0,0,0,0,0,0,"- ","- ",37.291029999999999,-120.25194999999999,MERCED,UNINCORPORATED,-120.25187489,37.288591009999998
90049249,2015,2015-11-12,9461,2015-11-01,0855,019661,,7,1,9,2400,0,1,3,,1,265,"SR-165 S/B","PHILLIPS ROAD",21.00,S,N,A,-,Y,,,165,,,,,,S,Y,4,0,2,2,A,-,21,22106,,N,D,C,A,A,H,-,A,D,0,,,,,Y,,A,07,0,0,2,0,0,0,0,0,0,"- ","- ",37.034840000000003,-120.83598000000001,MERCED,UNINCORPORATED,-120.83596412999999,37.034839650000002
90049516,2015,2015-11-12,9460,2015-11-08,0140,019106,,7,3,9,2400,0,3,5,,2,050,"EAST NORTH BEAR CREEK DRIVE","FORIST LANE",461.00,W,N,A,-,N,,,,,,,,,,Y,3,0,1,1,A,-,01,23152,A,N,E,I,A,A,H,-,D,D,0,,,,,Y,Y,A,07,0,1,0,0,0,0,0,0,0,"- ","- ",37.307679999999998,-120.45783,MERCED,UNINCORPORATED,-120.457964,37.307654999999997
90049603,2015,2015-11-12,9460,2015-10-28,0320,019106,,3,3,3,2401,0,1,3,,2,002,"SR-99 (S/B)","WEST ATWATER BLVD OVERHEAD",70.00,N,N,B,C,Y,,,99,,,,,,,Y,3,0,1,1,A,-,08,22107,,N,E,I,A,B,H,-,D,D,0,,,,Y,Y,,G,25,0,1,0,0,0,0,0,0,0,"- ","- ",37.351399999999998,-120.62447,MERCED,ATWATER,-120.62443972,37.351426789999998
90050228,2015,2015-11-13,9461,2015-11-06,0515,019923,,5,3,9,2400,0,1,1,,2,205,"I-5 N/B",SR-165,6864.00,N,N,A,-,Y,,,5,,,,,,N,Y,4,0,1,2,A,-,08,22107,,N,B,E,A,A,H,-,D,D,0,,,,Y,Y,,G,27,0,0,1,0,0,0,0,0,0,"- ","- ",36.944240000000001,-120.85711999999999,MERCED,UNINCORPORATED,-120.85714437999999,36.94421062
90050276,2015,2015-11-13,9460,2015-11-07,1145,018922,,6,1,9,2400,0,3,5,,2,090,"PEACH AVENUE","SHEESLEY ROAD",108.00,E,N,A,-,N,,,,,,,,,,Y,4,0,1,2,A,-,08,22107,,N,B,C,A,A,H,-,A,D,0,,,,,Y,,A,01,0,0,1,0,0,0,0,0,0,"- ","- ",37.374940000000002,-120.69062,MERCED,UNINCORPORATED,-120.69061859,37.374910229999998
9005040,2019,2020-01-10,2406,2019-11-05,1755,271,1,2,5,5,2406,0,0,0,,0,010,"PARSONS AV","TEAK AV",300.00,N,N,A,-,N,,,,,,,,,,Y,3,0,1,2,A,-,08,22107,,N,D,C,A,A,H,-,C,D,0,,,,,Y,,D,22,0,1,0,0,0,0,0,0,0,"- ","- ",,,MERCED,MERCED,-120.451171875,37.321212768554688
90051329,2015,2015-11-16,9461,2015-11-12,0200,020385,,4,3,9,2400,0,1,1,,2,205,"I-5 N/B","NEES AVE",3168.00,S,N,A,-,Y,,,,,,,,,,Y,3,0,1,2,A,-,08,22107,,N,C,C,A,A,H,-,D,D,0,,,,Y,Y,,A,01,0,1,0,0,0,0,0,0,0,"- ","- ",36.842500000000001,-120.76853,MERCED,UNINCORPORATED,,
90051408,2015,2015-11-16,9460,2015-10-28,0350,019637,,3,3,9,2400,0,1,3,,2,002,"SR-99 (S/B)","WESTSIDE BLVD",150.00,S,N,C,-,Y,,,99,,,,,,,Y,4,0,1,1,A,-,08,22107,,N,F,A,A,B,H,-,D,D,0,,,,Y,Y,,G,25,0,0,1,0,0,0,0,0,0,"- ","- ",37.361069999999998,-120.64774,MERCED,UNINCORPORATED,-120.64770470000001,37.36117333
90051560,2015,2015-11-16,9460,2015-11-07,2015,020012,,6,2,9,2400,0,1,3,,2,003,"ARBOLEDA DR","OLIVE AVE",5280.00,N,N,A,-,N,,,,,,,,,,Y,4,0,1,1,A,-,08,22107,,N,E,I,A,A,H,-,C,D,0,,,,,Y,,A,01,0,0,1,0,0,0,0,0,0,"- ","- ",37.331969999999998,-120.37029,MERCED,UNINCORPORATED,-120.37836239000001,37.332043990000003
90051727,2015,2015-11-16,9460,2015-10-29,1720,015256,,4,2,9,2400,0,3,5,,2,060,"PLAINSBURG ROAD",SR-140,21.00,S,N,A,-,N,,,,,,,,,,N,4,0,1,2,A,-,01,23152,A,N,C,C,A,A,H,-,A,A,0,,,,,Y,Y,A,08,0,0,1,0,0,0,0,0,0,"- ","- ",37.295299999999997,-120.32467,MERCED,UNINCORPORATED,-120.32484887,37.29530235
90052403,2015,2015-11-17,9460,2015-11-10,1540,019604,,2,2,9,2400,0,3,5,,2,090,"SOUTHERN PACIFIC AVE","COMMERCE AVE",215.00,E,N,A,-,N,,,,,,,,,,Y,4,0,1,3,A,-,03,22350,,N,C,C,A,A,H,-,A,D,0,,,,,Y,,A,01,0,0,1,0,0,0,0,0,0,"- ","- ",37.339680000000001,-120.59358,MERCED,UNINCORPORATED,-120.593732,37.339672999999998
90052698,2015,2015-11-17,9460,2015-10-10,1335,018673,,6,1,9,2400,0,3,5,,2,050,"MERCED FALLS RD","LA GRANGE RD",15312.00,E,N,A,-,N,,,,,,,,,,Y,1,1,0,1,A,-,01,23152,F,N,E,I,A,A,H,-,A,D,0,,,,,Y,Y,D,22,0,0,0,0,0,0,0,0,0,"- ","- ",37.517769999999999,-120.37639,MERCED,UNINCORPORATED,-120.37796954,37.518122859999998
90053168,2015,2015-11-18,9460,2015-11-11,1855,019604,,3,2,9,2400,0,2,4,,1,041,"AVENUE TWO","N. GURR RD",50.00,E,N,A,-,N,,,,,,,,,,N,4,0,1,2,A,-,05,21460,A,M,B,C,A,A,H,-,D,D,0,,,,,Y,,-,99,0,0,1,0,0,0,0,0,0,"- ","- ",37.349080000000001,-120.55865,MERCED,UNINCORPORATED,-120.55868,37.348950000000002
90053453,2015,2015-11-18,9460,2015-11-12,1155,015656,,4,1,9,2400,0,3,5,,2,030,"EUCALYPTUS AVE.","CRESSEY WAY",0.00,,Y,A,-,N,,,,,,,,,,Y,4,0,1,2,A,-,12,22450,A,N,D,D,A,A,H,-,A,A,0,,,,,Y,,A,01,0,0,1,0,0,0,0,0,0,"- ","- ",37.403869999999998,-120.66785,MERCED,UNINCORPORATED,-120.66786986,37.403909970000001
90053705,2015,2015-11-18,9460,2015-11-14,0710,018806,,6,1,9,2400,0,1,3,,1,591,SR-59,"MISSION AVENUE",620.00,N,N,A,-,Y,,,,,,,,,,Y,3,0,1,1,A,-,08,22107,,N,E,I,A,A,H,-,A,D,0,,,,,Y,,D,22,0,1,0,0,0,0,0,0,0,"- ","- ",37.163170000000001,-120.29156999999999,MERCED,UNINCORPORATED,-120.48780114,37.27544211
90054013,2015,2015-11-19,9461,2015-11-14,0732,018928,,6,1,9,2400,0,1,3,,2,453,"SR-152 W/B","FLANAGAN RD",12.00,W,N,A,-,Y,,,152,,,,,,W,Y,4,0,1,2,A,-,03,22350,,N,C,C,A,A,H,-,A,D,0,,,,,Y,,A,01,0,0,1,0,0,0,0,0,0,"- ","- ",37.069560000000003,-120.52885999999999,MERCED,UNINCORPORATED,-120.52886482,37.069578229999998
9005483,2019,2020-02-13,2406,2019-12-18,1803,260,1,3,5,5,2406,0,0,0,,0,010,"RAMBLER RD","M ST",30.00,E,N,A,-,N,,,,,,,,,,N,4,0,1,2,A,-,03,22350,,F,C,C,A,A,H,-,C,A,0,,,,,Y,,A,01,0,0,1,0,0,0,0,0,0,"- ","- ",,,MERCED,MERCED,-120.47840881347656,37.315322875976562
90056066,2015,2015-11-20,9460,2015-11-13,1808,018903,,5,2,9,2400,0,3,5,,2,020,"STEPHENS ST","ACACIA STREET",70.00,E,N,A,-,N,,,,,,,,,,N,3,0,1,2,A,-,11,21954,A,N,G,B,D,A,H,-,D,D,0,Y,,,,Y,,N,60,0,1,0,0,1,0,0,0,0,"- ","- ",37.430810000000001,-120.77703,MERCED,UNINCORPORATED,-120.77683823,37.430687489999997
90056073,2015,2015-11-20,9460,2015-11-13,1726,019640,,5,2,9,2400,0,3,5,,2,010,"CLAUSEN RD","GOLF LINK RD",1584.00,W,N,A,-,N,,,,,,,,,,N,4,0,1,2,A,-,08,22107,,N,H,G,A,A,H,-,D,D,0,,Y,,,Y,,L,04,0,0,1,0,0,0,1,0,0,"- ","- ",37.45617,-120.83582,MERCED,UNINCORPORATED,-120.8362965,37.456236429999997
9005701,2019,2020-02-11,2401,2019-11-13,0725,7,2401,3,5,3,2401,0,0,0,,0,003,"EAST BELLEVUE RD","BNSF RXR TRACKS",339.00,W,N,A,-,N,,,,,,,,,,Y,4,0,1,3,D,-,00,,,N,C,C,A,A,H,-,A,D,0,,,,,Y,,-,"- ",0,0,1,0,0,0,0,0,0,"- ","- ",,,MERCED,ATWATER,,
9005714,2019,2020-02-12,2401,2019-12-09,1142,716,2401,1,5,3,2401,0,0,0,,0,002,"BELLEVUE RD","ALABAMA AV",0.00,,Y,A,B,N,,,,,,,,,,N,4,0,1,2,A,-,10,21950,A,N,G,B,D,A,H,-,A,A,0,Y,,,,Y,,D,22,0,0,1,0,1,0,0,0,0,"- ","- ",,,MERCED,ATWATER,-120.59794616699219,37.360458374023438
9005741,2019,2020-02-11,2401,2019-11-28,1509,756,2401,4,5,3,2401,0,0,0,,0,003,"ATWATER BL","PACKERS ST",112.00,W,N,C,-,N,,,,,,,,,,Y,3,0,1,1,A,-,03,22350,,N,D,I,A,B,H,-,A,D,0,,,,,Y,Y,D,22,0,1,0,0,0,0,0,0,0,"- ","- ",,,MERCED,ATWATER,-120.60555267333984,37.344440460205078
90057919,2015,2015-11-23,9461,2015-11-14,1350,019052,,6,1,9,2400,0,1,3,,1,152,SR-152,SR-33,1320.00,E,N,A,-,Y,,,152,,,,,,,Y,4,0,1,1,A,-,08,22107,,N,F,A,A,A,H,-,A,D,0,,,,,Y,,A,01,0,0,1,0,0,0,0,0,0,"- ","- ",37.056919999999998,-121.01123,MERCED,UNINCORPORATED,-121.01122991,37.056992479999998
90057952,2015,2015-11-23,9461,2015-11-20,0415,020351,,5,3,9,2400,0,1,1,,2,205,"I-5 N/B","CANYON RD",2112.00,N,N,A,-,Y,,,5,,,,,,N,Y,4,0,1,1,A,-,08,22107,,N,F,A,A,A,H,-,D,D,0,,,,,Y,,A,01,0,0,1,0,0,0,0,0,0,"- ","- ",36.917490000000001,-120.82763,MERCED,UNINCORPORATED,-120.82723858999999,36.917970920000002
90058372,2015,2015-11-24,9460,2015-11-15,0245,019637,,7,3,9,2400,0,1,3,,2,002,"SR-99 N/B","SULTANA DR",2340.00,N,N,E,-,Y,,,99,,,,,,N,Y,4,0,1,1,A,-,01,23152,A,N,F,A,A,A,H,-,D,D,0,,,,,Y,Y,A,01,0,0,1,0,0,0,0,0,0,"- ","- ",37.375169999999997,-120.68998000000001,MERCED,UNINCORPORATED,-120.68981992000001,37.375754749999999
90058395,2015,2015-11-24,9460,2015-09-28,0535,018922,,1,3,9,2400,0,3,5,,2,010,"TEGNER ROAD","WILLIAMS AVENUE",0.00,,Y,B,-,N,,,,,,,,,,Y,4,0,1,2,A,-,12,22450,A,N,D,C,A,A,H,-,D,A,0,,,,,Y,,D,22,0,0,1,0,0,0,0,0,0,"- ","- ",37.390030000000003,-120.88678,MERCED,UNINCORPORATED,-120.88676993,37.390019889999998
90058908,2015,2015-11-24,9460,2015-11-19,1825,019640,,4,2,9,2400,0,1,3,,2,002,"SR-99 (N/B)","16TH ST",1056.00,N,N,A,-,Y,,,99,,,,,,,N,4,0,1,2,A,-,03,22350,,N,C,C,A,A,H,-,D,D,0,,,,,Y,,A,01,0,0,1,0,0,0,0,0,0,"- ","- ",37.313510000000001,-120.52007,MERCED,UNINCORPORATED,-120.52005964,37.313571119999999
90059398,2015,2015-11-25,9460,2015-11-20,1750,018422,,5,2,9,2400,0,3,5,,2,100,"MAGNOLIA AVE.","ROBIN AVE.",0.00,,Y,A,-,N,,,,,,,,,,Y,3,0,2,2,A,-,12,22450,,N,D,C,A,A,H,-,D,A,0,,,,,Y,,D,22,0,2,0,0,0,0,0,0,0,"- ","- ",37.367579999999997,-120.7418,MERCED,UNINCORPORATED,-120.74177999,37.367729920000002
90059440,2015,2015-11-25,9461,2015-11-16,2050,014933,,1,2,9,2400,0,3,5,,2,050,"LEXINGTON AVE.","CHRISTIAN AVE.",2112.00,N,N,A,-,N,,,,,,,,,,Y,3,0,2,2,A,-,09,21801,A,N,D,C,A,A,H,-,D,D,0,,,,,Y,,A,01,0,1,1,0,0,0,0,0,0,"- ","- ",36.979640000000003,-120.65378,MERCED,UNINCORPORATED,-120.65378,36.980469790000001
90059449,2015,2015-11-25,9460,2015-11-19,1714,015759,,4,2,9,2400,0,2,4,,1,042,"SANTA FE DRIVE","CALIFORNIA STREET",265.00,E,N,A,-,N,,,,,,,,,,N,4,0,1,2,A,-,03,22350,,N,C,C,A,A,H,-,D,D,0,,,,,Y,,A,01,0,0,1,0,0,0,0,0,0,"- ","- ",37.225769999999997,-120.36302999999999,MERCED,UNINCORPORATED,-120.60829594,37.382537480000003
90059489,2015,2015-11-25,9461,2015-11-23,0940,018910,,1,1,9,2400,0,1,3,,1,152,"SR-152 WESTBOUND","ROMERO VISITOR CENTER",165.00,W,N,A,-,Y,,,152,,,,,,W,Y,4,0,1,2,A,-,07,21658,A,N,C,C,A,A,H,-,A,D,0,,,,,Y,,A,01,0,0,1,0,0,0,0,0,0,"- ","- ",37.084060000000001,-121.10250000000001,MERCED,UNINCORPORATED,-121.10248964,37.084099590000001
9006000,2019,2020-02-10,2401,2019-12-12,1203,2,2401,4,5,3,2401,0,0,0,,0,003,"COMMERCE AV","COMMERCE AV 1000 BLOCK",0.00,,-,A,-,N,,,,,,,,,,N,4,0,1,2,A,-,12,22450,A,N,B,C,A,A,H,-,A,A,0,,,,,Y,,A,07,0,0,1,0,0,0,0,0,0,"- ","- ",,,MERCED,ATWATER,,
90060400,2015,2015-11-27,9460,2015-11-21,1055,019806,,6,1,9,2400,0,3,5,,2,020,"BRADBURY RD","LEE RD",12.00,S,N,A,-,N,,,,,,,,,,Y,4,0,3,1,A,-,03,22350,,N,E,I,A,A,H,-,A,D,0,,,,,Y,,D,22,0,0,3,0,0,0,0,0,0,"- ","- ",37.447870000000002,-120.64901999999999,MERCED,UNINCORPORATED,-120.64913856,37.447848139999998
90061136,2015,2015-11-30,9461,2015-11-20,1700,016452,,5,2,9,2400,0,1,3,,1,503,SR-33,"CYPRESS AVE",1056.00,S,N,A,-,Y,,,33,,,,,,,Y,4,0,1,3,A,-,03,22350,,N,C,C,A,A,H,-,A,D,0,,,,,Y,,A,01,0,0,1,0,0,0,0,0,0,"- ","- ",37.023569999999999,-120.63558999999999,MERCED,UNINCORPORATED,-120.63559205999999,37.023569999999999
90061823,2015,2015-11-30,9461,2015-11-29,1125,019661,,7,1,9,2400,0,1,3,,1,152,"SR-152 E/B",I-5,2640.00,W,N,A,-,Y,,,152,,,,,,E,Y,4,0,1,6,A,-,03,22350,,N,C,C,A,A,H,-,A,D,0,,,,,Y,,A,01,0,0,1,0,0,0,0,0,0,"- ","- ",37.056600000000003,-120.97905,MERCED,UNINCORPORATED,-120.97904975,37.056654799999997
90062138,2015,2015-11-30,9460,2015-11-22,0704,019806,,7,1,9,2400,0,1,3,,1,141,"STATE ROUTE 140","ROSA RD",35.00,E,N,E,-,Y,,,140,,,,,,,N,4,0,1,1,C,-,18,,,N,H,H,A,A,H,-,A,D,0,,,,,Y,,-,"- ",0,0,1,0,0,0,0,0,0,"- ","- ",37.313249999999996,-120.86020000000001,MERCED,UNINCORPORATED,-120.8602001,37.313218540000001
90062407,2015,2015-12-01,9461,2015-11-20,2145,020385,,5,2,9,2400,0,3,5,,2,050,"BLOSSOM AVE","REYNOLDS AVENUE",590.00,W,N,A,-,N,,,,,,,,,,Y,4,0,1,2,A,-,08,22107,,N,B,C,A,A,H,-,D,D,0,,,,,Y,,-,"- ",0,0,1,0,0,0,0,0,0,"- ","- ",36.986179999999997,-120.64672,MERCED,UNINCORPORATED,-120.64674954,36.986148110000002
90062425,2015,2015-12-01,9460,2015-11-25,2315,019237,,3,3,9,2400,0,1,3,,2,001,"OLD LAKE ROAD","GOLF ROAD",50.00,E,N,A,-,N,,,,,,,,,,N,2,0,1,1,A,-,03,22350,,N,F,A,A,A,H,-,D,A,0,,,Y,,Y,,C,02,1,0,0,0,0,0,0,0,1,"- ","- ",37.298720000000003,-120.27261,MERCED,UNINCORPORATED,-120.45008798000001,37.37575047
90062433,2015,2015-12-01,9460,2015-11-04,1633,018422,,3,2,9,2400,0,1,3,,2,001,"SR-99 (N/B)","SULTANA DRIVE",1584.00,S,N,A,-,Y,,,99,,,,,,,Y,4,0,1,2,A,-,07,21658,A,N,B,C,A,A,H,-,A,D,0,,,,,Y,,-,"- ",0,0,1,0,0,0,0,0,0,"- ","- ",37.37086,-120.67652,MERCED,UNINCORPORATED,-120.67655949,37.370782439999999
90062495,2015,2015-12-01,9460,2015-09-10,0207,019005,,4,3,9,2400,0,3,5,,2,070,"MINTURN RD.","LE GRAND RD",39.00,S,N,A,-,N,,,,,,,,,,Y,1,1,1,2,A,-,01,23152,A,N,C,C,A,A,H,-,D,A,0,,,,Y,Y,Y,A,01,1,0,0,0,0,0,0,0,0,"- ","- ",37.220399999999998,-120.271,MERCED,UNINCORPORATED,-120.27087992,37.228282919999998
90063115,2015,2015-12-01,9460,2015-11-24,1330,015656,,2,1,9,2400,0,1,3,,1,165,SR-165,"AUGUST AVE",150.00,S,N,C,-,Y,,,165,,,,,,,N,4,0,1,3,A,-,04,21703,,N,C,C,A,B,H,-,A,D,0,,,,,Y,,A,01,0,0,1,0,0,0,0,0,0,"- ","- ",37.418140000000001,-120.85004000000001,MERCED,UNINCORPORATED,-120.84999419,37.418139689999997
90063493,2015,2015-12-02,9461,2015-11-26,1436,017911,,4,2,9,2400,0,3,5,,2,010,"CANAL SCHOOL RD",SR-33,528.00,E,N,A,-,N,,,,,,,,,,Y,4,0,2,1,A,-,08,22107,,N,E,I,A,A,H,-,A,D,0,,,,,Y,,A,01,0,0,2,0,0,0,0,0,0,"- ","- ",37.285469999999997,-121.00827,MERCED,UNINCORPORATED,-121.00832690999999,37.285043950000002
90063600,2015,2015-12-02,9461,2015-11-29,0730,019724,,7,1,9,2400,0,2,4,,1,115,"HENRY MILLER RD","CHEROKEE RD",2640.00,E,N,A,-,N,,,,,,,,,,Y,2,0,1,1,A,-,08,22107,,N,F,A,A,A,H,-,A,D,0,,,,,Y,,A,01,1,0,0,0,0,0,0,0,0,"- ","- ",37.1004,-120.96648999999999,MERCED,UNINCORPORATED,-120.96818835000001,37.10036839
90063652,2015,2015-12-02,9461,2015-12-01,0530,020543,,2,3,9,2400,0,1,3,,1,153,SR-152,"VOLTA RD",4000.00,W,N,A,-,Y,,,152,,,,,,,Y,3,0,1,1,A,-,08,22107,,N,F,A,A,A,H,-,E,D,0,,,,,Y,,A,01,0,1,0,0,0,0,0,0,0,"- ","- ",37.056759999999997,-120.93738999999999,MERCED,UNINCORPORATED,-120.93739251,37.056708810000003
90063890,2015,2015-12-02,9460,2015-11-24,0757,014541,,2,1,9,2400,0,1,3,,1,590,"STATE ROUTE 59","TURLOCK ROAD",6336.00,N,N,B,-,Y,,,59,,,,,,,Y,3,0,1,1,A,-,01,23152,E,N,E,I,A,A,H,-,A,D,0,,,,,Y,,D,22,0,1,0,0,0,0,0,0,0,"- ","- ",37.499319999999997,-120.48081000000001,MERCED,UNINCORPORATED,-120.48081576,37.499379789999999
9006403,2019,2020-02-28,2405,2019-10-29,1720,16,,2,5,3,2405,0,0,0,,0,0B1,"OVERLAND RD","NANTES RD",0.00,,Y,A,-,N,,,,,,,,,,Y,4,0,3,2,A,-,09,21801,A,N,A,C,A,A,H,-,A,A,0,,,,,Y,,A,01,0,0,3,0,0,0,0,0,0,"- ","- ",37.073719024658203,-120.85360717773438,MERCED,"LOS BANOS",-120.85365295410156,37.07373046875