CASE_ID,ACCIDENT_YEAR,PROC_DATE,JURIS,COLLISION_DATE,COLLISION_TIME,OFFICER_ID,REPORTING_DISTRICT,DAY_OF_WEEK,CHP_SHIFT,POPULATION,CNTY_CITY_LOC,SPECIAL_COND,BEAT_TYPE,CHP_BEAT_TYPE,CITY_DIVISION_LAPD,CHP_BEAT_CLASS,BEAT_NUMBER,PRIMARY_RD,SECONDARY_RD,DISTANCE,DIRECTION,INTERSECTION,WEATHER_1,WEATHER_2,STATE_HWY_IND,CALTRANS_COUNTY,CALTRANS_DISTRICT,STATE_ROUTE,ROUTE_SUFFIX,POSTMILE_PREFIX,POSTMILE,LOCATION_TYPE,RAMP_INTERSECTION,SIDE_OF_HWY,TOW_AWAY,COLLISION_SEVERITY,NUMBER_KILLED,NUMBER_INJURED,PARTY_COUNT,PRIMARY_COLL_FACTOR,PCF_CODE_OF_VIOL,PCF_VIOL_CATEGORY,PCF_VIOLATION,PCF_VIOL_SUBSECTION,HIT_AND_RUN,TYPE_OF_COLLISION,MVIW,PED_ACTION,ROAD_SURFACE,ROAD_COND_1,ROAD_COND_2,LIGHTING,CONTROL_DEVICE,CHP_ROAD_TYPE,PEDESTRIAN_ACCIDENT,BICYCLE_ACCIDENT,MOTORCYCLE_ACCIDENT,TRUCK_ACCIDENT,NOT_PRIVATE_PROPERTY,ALCOHOL_INVOLVED,STWD_VEHTYPE_AT_FAULT,CHP_VEHTYPE_AT_FAULT,COUNT_SEVERE_INJ,COUNT_VISIBLE_INJ,COUNT_COMPLAINT_PAIN,COUNT_PED_KILLED,COUNT_PED_INJURED,COUNT_BICYCLIST_KILLED,COUNT_BICYCLIST_INJURED,COUNT_MC_KILLED,COUNT_MC_INJURED,PRIMARY_RAMP,SECONDARY_RAMP,LATITUDE,LONGITUDE,COUNTY,CITY,POINT_X,POINT_Y
90391667,2017,2017-02-13,9460,2017-02-08,2137,020099,,3,2,9,2400,0,1,3,,1,165,SR-165,"1ST ST",200.00,S,N,B,C,Y,,,,,,,,,,Y,4,0,2,3,A,-,01,23152,A,N,C,C,A,B,H,-,C,D,0,,,,Y,Y,Y,A,01,0,0,2,0,0,0,0,0,0,"- ","- ",37.407879999999999,-120.80500000000001,MERCED,UNINCORPORATED,,
90391974,2017,2017-02-13,9460,2017-02-04,1645,020008,,6,2,9,2400,0,1,3,,1,142,SR-140,"THORNTON RD",528.00,E,N,A,-,Y,,,140,,,,,,,Y,3,0,1,2,A,-,21,22106,,N,D,C,A,A,H,-,A,D,0,,,,,Y,,A,01,0,1,0,0,0,0,0,0,0,"- ","- ",37.302720000000001,-120.52093000000001,MERCED,UNINCORPORATED,-120.52092991000001,37.302753039999999
90392667,2017,2017-02-14,9461,2017-02-11,0145,020543,,6,3,9,2400,0,1,1,,2,105,"I-5 S/B","COTTONWOOD RD",1050.00,N,N,A,-,Y,,,5,,,,,,S,Y,3,0,1,2,A,-,03,22350,,N,C,C,A,A,H,-,D,D,0,,,,,Y,,A,01,0,1,0,0,0,0,0,0,0,"- ","- ",37.19059,-121.07209,MERCED,UNINCORPORATED,-121.07208688999999,37.190592000000002
90392716,2017,2017-02-14,9461,2017-02-11,1845,019052,,6,2,9,2400,0,1,3,,1,152,"SR-152 E/B","ROMERO'S VISTOR CENTER",0.00,,Y,A,-,Y,,,152,,,,,,E,Y,4,0,1,1,C,-,18,,,N,H,H,A,A,H,-,C,D,0,,,,,Y,,-,"- ",0,0,1,0,0,0,0,0,0,"- ","- ",37.0837,-121.10169999999999,MERCED,UNINCORPORATED,-121.10170309999999,37.083687189999999
90392818,2017,2017-02-14,9460,2017-02-10,1024,020012,,5,1,9,2400,0,1,3,,2,002,"SR-99 (N/B)","W. 16TH ST.",3696.00,N,N,B,C,Y,,,99,,,,,,,Y,4,0,1,1,A,-,08,22107,,N,E,I,A,B,H,-,A,D,0,,,,,Y,,A,01,0,0,1,0,0,0,0,0,0,"- ","- ",37.314349999999997,-120.52254000000001,MERCED,UNINCORPORATED,-120.52255722,37.314302439999999
90395265,2017,2017-02-17,9460,2017-02-11,1354,018673,,6,1,9,2400,0,1,3,,1,165,SR-165,"JOHNSON AVE",138.00,S,N,A,-,Y,,,,,,,,,,N,2,0,1,2,A,-,05,21460,C,N,D,C,A,A,H,-,A,D,0,,,Y,,Y,,C,02,1,0,0,0,0,0,0,0,1,"- ","- ",37.255809999999997,-120.50592,MERCED,UNINCORPORATED,-120.84974,37.432851030000002
90395707,2016,2017-02-17,9460,2016-12-23,1644,020707,,5,2,9,2400,0,1,3,,2,001,"SR-99 (S/B)","PLAINSBURG RD",820.00,N,N,B,C,Y,,,,,,,,,,Y,1,1,1,2,A,-,03,22350,,N,D,C,A,B,H,-,D,D,0,,,,,Y,,A,01,1,0,0,0,0,0,0,0,0,"- ","- ",37.190559999999998,-120.33385,MERCED,UNINCORPORATED,-120.33390446,37.190674870000002
90396259,2017,2017-02-20,9460,2017-02-07,2040,020707,,2,2,9,2400,0,3,5,,2,020,"STEPHENS ST","SOUTH AVE",10.00,N,N,A,-,N,,,,,,,,,,Y,3,0,2,2,A,-,01,23152,A,F,A,C,A,B,H,-,C,A,0,,,,,Y,Y,A,01,0,1,1,0,0,0,0,0,0,"- ","- ",37.425699999999999,-120.77388999999999,MERCED,UNINCORPORATED,-120.77390642,37.42581698
90396270,2017,2017-02-20,9460,2017-02-07,2041,020707,,2,2,9,2400,0,3,5,,2,020,"STEPHENS ST","SHELL ST",60.00,N,N,A,-,N,,,,,,,,,,Y,3,0,1,2,A,-,01,23152,A,N,C,E,A,B,H,-,C,A,0,,,,,Y,Y,A,01,0,1,0,0,0,0,0,0,0,"- ","- ",37.428570000000001,-120.77455999999999,MERCED,UNINCORPORATED,-120.77465193,37.428733010000002
90396289,2017,2017-02-20,9460,2017-01-29,0600,019665,,7,1,9,2400,0,1,3,,2,002,"SR-99 (S/B)","SULTANA DR",2640.00,N,N,B,-,Y,,,99,,,,,,,Y,4,0,1,2,A,-,03,22350,,M,C,C,A,A,H,-,C,D,0,,,,,Y,,A,01,0,0,1,0,0,0,0,0,0,"- ","- ",37.375579999999999,-120.68992,MERCED,UNINCORPORATED,-120.68994017999999,37.375485689999998
90396291,2017,2017-02-20,9460,2017-02-03,1717,020112,,5,2,5,2406,0,1,3,,2,003,"SR-99 NORTHBOUND","W. 16TH STREET O/C",528.00,S,N,A,-,Y,,,99,,,,,,N,Y,4,0,1,3,A,-,03,22350,,N,C,C,A,A,H,-,A,D,0,,,,,Y,,A,01,0,0,1,0,0,0,0,0,0,"- ","- ",37.30829,-120.51023000000001,MERCED,MERCED,-120.51017933999999,37.30833664
90396585,2017,2017-02-21,9460,2017-02-14,1120,015759,,2,1,9,2400,0,1,3,,1,165,SR-165,"OSLO ROAD",552.00,S,N,A,-,Y,,,,,,,,,,Y,4,0,2,3,A,-,03,22350,,N,C,C,A,A,H,-,A,D,0,,,,,Y,,A,01,0,0,2,0,0,0,0,0,0,"- ","- ",37.253509999999999,-120.50595,MERCED,UNINCORPORATED,-120.84984498999999,37.42625425
90396771,2017,2017-02-21,9460,2017-02-16,0830,018422,,4,1,9,2400,0,3,5,,2,020,"EL CAPITAN WAY","PEPPER ST.",1056.00,E,N,B,-,N,,,,,,,,,,Y,3,0,2,1,A,-,08,22107,,N,F,A,A,B,H,-,A,D,0,,,,,Y,,A,01,0,1,1,0,0,0,0,0,0,"- ","- ",37.433599999999998,-120.7182,MERCED,UNINCORPORATED,-120.71833364,37.43370668
9039682,2020,2020-09-25,2405,2020-01-23,1803,PD29,6,4,5,3,2405,0,0,0,,0,0B4,"MERCY SPRINGS RD","OVERLAND AV",250.00,N,N,A,-,Y,MER,10,165,-,-,9.980,H,-,N,Y,4,0,2,2,A,-,09,21804,A,N,D,C,A,A,H,-,C,A,0,,,,,Y,,A,01,0,0,2,0,0,0,0,0,0,"- ","- ",37.073699951171875,-120.83499908447266,MERCED,"LOS BANOS",-120.8350830078125,37.074268341064453
90396889,2017,2017-02-21,9460,2017-02-17,0750,015759,,5,1,9,2400,0,3,5,,2,100,"ATWATER-JORDAN ROAD","LINCOLN BLVD.",1056.00,W,N,C,-,N,,,,,,,,,,Y,4,0,1,2,A,-,09,21801,A,N,D,C,A,B,H,-,A,D,0,,,,,Y,,A,01,0,0,1,0,0,0,0,0,0,"- ","- ",37.195340000000002,-120.43401,MERCED,UNINCORPORATED,-120.72746122,37.331474489999998
90396927,2017,2017-02-21,9461,2017-02-15,0040,018354,,3,3,9,2400,0,1,3,,1,265,SR-165,"DELTA MENDOTA CANAL",297.00,S,N,C,G,Y,,,165,,,,,,,Y,3,0,2,1,A,-,08,22107,,N,F,A,A,B,H,-,D,D,0,,,,,Y,,A,01,0,2,0,0,0,0,0,0,0,"- ","- ",36.977809999999998,-120.83741000000001,MERCED,UNINCORPORATED,-120.83740204999999,36.977810089999998
90397469,2017,2017-02-21,9460,2017-02-18,0843,019806,,6,1,9,2400,0,1,3,,1,165,"SR-165 (LANDER AVE)","JOHNSON AVE",1584.00,S,N,B,-,Y,,,165,,,,,,,Y,3,0,1,1,A,-,08,22107,,N,E,I,A,A,H,-,A,D,0,,,,,Y,,A,01,0,1,0,0,0,0,0,0,0,"- ","- ",37.429349999999999,-120.84967,MERCED,UNINCORPORATED,-120.84979747,37.429351750000002
90397647,2017,2017-02-22,9460,2017-02-11,0610,020012,,6,1,9,2400,0,3,5,,2,060,"E. SOUTH BEAR CREEK DR.","CAMERON LN",775.00,W,N,B,-,N,,,,,,,,,,Y,4,0,1,1,A,-,08,22107,,N,E,I,A,A,H,-,D,D,0,,,,,Y,,A,01,0,0,1,0,0,0,0,0,0,"- ","- ",37.308680000000003,-120.45531,MERCED,UNINCORPORATED,-120.45994899999999,37.307329000000003
90397800,2017,2017-02-22,9461,2017-02-03,2125,020903,,5,2,9,2400,0,2,4,,1,115,"HENRY MILLER RD","WILSON RD",196.00,W,N,B,-,N,,,,,,,,,,Y,1,1,3,2,A,-,08,22107,,N,A,C,A,A,H,-,D,D,0,,,,,Y,,A,01,0,3,0,0,0,0,0,0,0,"- ","- ",37.100099999999998,-121.87134,MERCED,UNINCORPORATED,-120.87187053,37.099939999999997
90397810,2017,2017-02-22,9461,2017-02-17,1850,020903,,5,2,9,2400,0,1,3,,1,152,"SR-152 E/B","DINOSAUR POINT ROAD",6336.00,E,N,B,-,Y,,,152,,,,,,E,Y,4,0,1,4,A,-,08,22107,,M,B,C,A,B,H,-,D,D,0,,,,,Y,,A,07,0,0,1,0,0,0,0,0,0,"- ","- ",37.077010000000001,-121.20465,MERCED,UNINCORPORATED,-121.20465123,37.07718929
90397894,2017,2017-02-22,9460,2017-02-20,1122,014541,,1,1,9,2400,0,3,5,,2,090,"BUHACH ROAD","STATE ROUTE 140",30.00,N,N,B,-,Y,,,,,,,,,,Y,3,0,2,2,A,-,08,22107,,N,A,C,A,B,H,-,A,D,0,,,,,Y,,A,01,0,1,1,0,0,0,0,0,0,"- ","- ",37.302419999999998,-120.57768,MERCED,UNINCORPORATED,-120.57770935000001,37.302392380000001
90398022,2017,2017-02-22,9460,2017-01-27,1245,018806,,5,1,9,2400,0,1,3,,2,001,"SR-99 (N/B)","WINTON PARKWAY",1584.00,S,N,A,-,Y,,,,,,,,,,Y,3,0,3,2,A,-,03,22350,,N,C,C,A,A,H,-,A,D,0,,,,,Y,,A,01,0,1,2,0,0,0,0,0,0,"- ","- ",37.388860000000001,-120.73063999999999,MERCED,UNINCORPORATED,-120.73161597000001,37.388593409999999
90398173,2017,2017-02-22,9461,2017-02-09,1145,017329,,4,1,9,2400,0,3,5,,2,040,"SANDY MUSH ROAD","NICKEL ROAD",45.00,W,N,B,-,N,,,,,,,,,,Y,3,0,3,1,A,-,03,22350,,N,E,I,A,B,H,-,A,A,0,,,,,Y,,A,07,0,1,2,0,0,0,0,0,0,"- ","- ",37.186010000000003,-120.68298,MERCED,UNINCORPORATED,-120.68272,37.186059999999998
90398174,2017,2017-02-22,9460,2017-02-20,1100,018422,,1,1,9,2400,0,1,3,,2,002,"SR-99 (S/B)","WESTSIDE BLVD.",2640.00,N,N,B,C,Y,,,99,,,,,,,Y,3,0,1,1,A,-,03,22350,,N,E,I,A,B,H,-,A,D,0,,,,,Y,,A,01,0,1,0,0,0,0,0,0,0,"- ","- ",37.36336,-120.65597,MERCED,UNINCORPORATED,-120.65594738999999,37.363443650000001
90398266,2017,2017-02-22,9461,2017-02-20,1152,018586,,1,1,9,2400,0,1,3,,1,152,"SR-152 E/B","BASALT RD",5280.00,W,N,C,-,Y,,,152,,,,,,E,Y,3,0,3,1,A,-,07,21658,A,N,E,I,A,B,H,-,A,D,0,,,,,Y,,A,01,0,3,0,0,0,0,0,0,0,"- ","- ",37.067599999999999,-121.06904,MERCED,UNINCORPORATED,-121.06905411,37.067575699999999
90398286,2017,2017-02-22,9460,2017-02-21,0944,015759,,2,1,9,2400,0,1,3,,2,002,"SR-99 (N/B)","WESTSIDE BLVD. O/C",1584.00,S,N,B,C,Y,,,,,,,,,,Y,4,0,1,1,A,-,03,22350,,N,E,I,A,B,H,-,A,D,0,,,,,Y,,A,01,0,0,1,0,0,0,0,0,0,"- ","- ",37.213349999999998,-120.38372,MERCED,UNINCORPORATED,-120.64374388,37.359096880000003
90398322,2017,2017-02-22,9460,2017-02-13,1310,018903,,1,1,5,2406,0,3,5,,2,040,"OAKDALE ROAD","AMSTERDAM RD",2640.00,E,N,A,-,N,,,,,,,,,,Y,4,0,1,1,A,-,08,22107,,N,F,A,A,A,H,-,A,D,0,,,,Y,Y,,F,26,0,0,1,0,0,0,0,0,0,"- ","- ",37.426549999999999,-120.53325,MERCED,MERCED,-120.53381053,37.42675492
90398610,2017,2017-02-23,9460,2017-02-18,1645,020707,,6,2,9,2400,0,3,5,,2,030,"LIBERTY AVE","VINE AVE",0.00,,Y,A,-,N,,,,,,,,,,Y,3,0,1,2,A,-,01,23152,A,N,E,I,A,A,H,-,A,A,0,,,,,Y,Y,A,01,0,1,0,0,0,0,0,0,0,"- ","- ",37.37471,-120.63216,MERCED,UNINCORPORATED,-120.63190993000001,37.374849939999997
90398636,2017,2017-02-23,9460,2017-01-26,2349,020365,,4,3,9,2400,0,3,5,,2,030,"BEACHWOOD DR","CABOT AVE",559.00,N,N,A,-,N,,,,,,,,,,Y,3,0,1,2,A,-,08,22107,,M,C,E,A,A,H,-,C,D,0,,,,,Y,,A,01,0,1,0,0,0,0,0,0,0,"- ","- ",37.319119999999998,-120.52811,MERCED,UNINCORPORATED,-120.52814682,37.319114810000002
90399468,2017,2017-02-24,9460,2017-02-05,1625,020112,,7,2,9,2400,0,1,3,,2,003,"SR-99 S/B TO E. MISSION AVENUE","E. MISSION AVENUE OFF-RAMP",20.00,N,N,B,-,Y,,,99,,,,R,,S,Y,4,0,2,2,A,-,01,23152,A,N,C,C,A,A,H,-,A,D,0,,,,,Y,Y,D,22,0,0,2,0,0,0,0,0,0,"- ","- ",37.274509999999999,-120.43968,MERCED,UNINCORPORATED,-120.43968,37.274509999999999
90400291,2017,2017-02-27,9460,2017-02-03,1410,019500,,5,2,9,2400,0,1,3,,1,165,SR-165,"AMERICAN AVE",0.00,,N,A,-,Y,,,,,,,,,,N,4,0,1,2,A,-,05,21460,C,N,A,C,A,A,H,-,A,D,0,,,,,Y,,A,07,0,0,1,0,0,0,0,0,0,"- ","- ",37.244030000000002,-120.51018999999999,MERCED,UNINCORPORATED,-120.85004992,37.411519920000003
90400305,2017,2017-02-27,9460,2017-02-19,0030,020592,,7,3,9,2400,0,3,5,,2,030,"VINE AVE","ALMOND AVE",0.00,,Y,A,-,N,,,,,,,,,,Y,3,0,1,1,A,-,01,23152,A,M,E,I,A,A,H,-,D,A,0,,,,,Y,Y,A,01,0,1,0,0,0,0,0,0,0,"- ","- ",37.38205,-120.63191,MERCED,UNINCORPORATED,-120.63269996,37.382099889999999
90400322,2017,2017-02-27,9460,2017-02-21,2126,020707,,2,2,9,2400,0,1,3,,2,002,"SR-99 N/B TO FRANKLIN RD.","ASHBY RD",230.00,W,N,A,-,Y,,,99,,,,R,,N,Y,3,0,1,1,A,-,08,22107,,N,E,I,A,A,H,-,C,D,0,,,,,Y,,A,01,0,1,0,0,0,0,0,0,0,"- ","- ",37.321510000000004,-120.54098,MERCED,UNINCORPORATED,-120.54098,37.321510000000004
90400563,2017,2017-02-27,9460,2017-02-18,1750,020008,,6,2,9,2400,0,3,5,,2,020,"GRIFFITH AVE","GOLDEN STATE BLVD",0.00,,Y,A,-,N,,,,,,,,,,Y,3,0,2,2,A,-,12,22450,A,N,D,C,A,A,H,-,B,A,0,,,,,Y,,A,07,0,1,1,0,0,0,0,0,0,"- ","- ",37.463050000000003,-120.81165,MERCED,UNINCORPORATED,-120.81184986,37.46291995
90400869,2016,2017-02-27,9461,2016-12-09,1715,019838,,5,2,9,2400,0,1,3,,1,152,"SR-152 E/B","ROMERO VISITOR CENTER",5280.00,E,N,A,-,N,,,152,,,,,,E,Y,1,1,1,2,A,-,07,21658,A,N,B,C,A,A,H,-,D,D,0,,,,,Y,,-,"- ",1,0,0,0,0,0,0,0,0,"- ","- ",37.078539999999997,-121.08754999999999,MERCED,UNINCORPORATED,-121.08761479,37.078429130000004
90401419,2017,2017-02-28,9460,2017-02-25,0600,020012,,6,1,9,2400,0,3,5,,2,100,"AUGUST AVE","MERCED AVE",528.00,E,N,B,-,N,,,,,,,,,,Y,4,0,1,2,A,-,05,21460,A,N,B,C,A,A,H,-,D,D,0,,,,,Y,,A,07,0,0,1,0,0,0,0,0,0,"- ","- ",37.414630000000002,-120.79432,MERCED,UNINCORPORATED,-120.79361294,37.419630099999999
90401732,2017,2017-02-28,9460,2017-02-25,1412,015653,,6,2,9,2400,0,1,3,,1,590,SR-59,"LEWIS ST",55.00,N,N,A,-,Y,,,,,,,,,,Y,3,0,1,1,A,-,08,22107,,N,F,A,A,A,H,-,A,D,0,,,Y,,Y,,C,02,0,1,0,0,0,0,0,0,1,"- ","- ",37.518799999999999,-120.43438999999999,MERCED,UNINCORPORATED,-120.43707000000001,37.519767160000001
90403435,2017,2017-03-01,9461,2017-02-18,2320,020543,,6,3,9,2400,0,1,3,,1,152,"SR-152 E/B","UPPER COTTONWOOD RD",6336.00,E,N,A,-,Y,,,152,,,,,,E,Y,3,0,1,1,A,-,08,22107,,N,F,A,A,A,H,-,D,D,0,,,,,Y,,A,01,0,1,0,0,0,0,0,0,0,"- ","- ",37.086300000000001,-121.17594,MERCED,UNINCORPORATED,-121.17597772000001,37.086435639999998
90403782,2017,2017-03-01,9460,2017-02-10,0620,019005,,5,1,9,2400,0,3,5,,2,040,"LOONEY RD","MONTE VISTA AVE",1056.00,S,N,B,-,N,,,,,,,,,,Y,4,0,1,2,A,-,03,22350,,N,C,C,A,B,H,-,D,D,0,,,,,Y,,D,22,0,0,1,0,0,0,0,0,0,"- ","- ",37.516950000000001,-120.63041,MERCED,UNINCORPORATED,-120.63038,37.517640360000001
90403796,2017,2017-03-01,9460,2017-02-28,1115,014541,,2,1,9,2400,0,3,5,,2,040,"GERARD AVENUE","WINTON WAY",0.00,,Y,A,-,N,,,,,,,,,,Y,4,0,2,2,A,-,09,21802,A,N,D,C,A,A,H,-,A,A,0,,,,,Y,,A,01,0,0,2,0,0,0,0,0,0,"- ","- ",37.388060000000003,-120.61358,MERCED,UNINCORPORATED,-120.61347992,37.388119930000002
90404003,2017,2017-03-01,9461,2017-02-25,1510,019838,,6,2,9,2400,0,1,1,,2,105,"I-5 N/B",SR-152,18.00,N,N,A,-,Y,,,5,,,,,,N,Y,4,0,1,1,A,-,03,22350,,N,F,A,A,A,H,-,A,D,0,,,,,Y,,A,01,0,0,1,0,0,0,0,0,0,"- ","- ",37.057699999999997,-120.9695,MERCED,UNINCORPORATED,-120.97003337,37.057188189999998
90404752,2017,2017-03-02,9461,2017-02-03,1820,019838,,5,2,9,2400,0,1,3,,1,152,"SR-152 E/B","DINOSAUR POINT",5808.00,E,N,B,-,N,,,152,,,,,,E,Y,2,0,5,3,C,-,18,,,N,E,J,A,A,H,-,D,D,0,,,,,Y,,-,"- ",2,0,3,0,0,0,0,0,0,"- ","- ",37.077100000000002,-121.2058,MERCED,UNINCORPORATED,-121.20579964,37.077098120000002
90405137,2017,2017-03-03,9461,2017-02-24,0940,019637,,5,1,9,2400,0,1,3,,1,103,SR-33,"HENRY MILLER AVENUE",0.00,,Y,A,-,Y,,,33,,,,,,,Y,2,0,4,2,A,-,09,21801,A,N,D,C,A,A,H,-,A,D,0,,,,,Y,,A,07,2,2,0,0,0,0,0,0,0,"- ","- ",37.100659999999998,-121.01584,MERCED,UNINCORPORATED,-121.01584381000001,37.100660040000001
90405356,2017,2017-03-03,9461,2017-02-26,0840,019637,,7,1,9,2400,0,1,3,,1,152,"SR-152 W/B","SANTA CLARA COUNTY LINE",1056.00,E,N,A,-,Y,,,152,,,,,,W,Y,4,0,1,1,A,-,08,22107,,N,E,I,A,A,H,-,A,D,0,,,,,Y,,A,07,0,0,1,0,0,0,0,0,0,"- ","- ",37.074150000000003,-121.21008999999999,MERCED,UNINCORPORATED,-121.20999595000001,37.074102979999999
90405414,2017,2017-03-03,9460,2017-03-02,1855,018922,,4,2,9,2400,0,3,5,,2,050,"YOSEMITE AVENUE","ARBOLEDA DRIVE",2640.00,W,N,A,-,N,,,,,,,,,,Y,4,0,1,1,A,-,08,22107,,N,E,I,A,A,H,-,D,D,0,,,,,Y,,A,01,0,0,1,0,0,0,0,0,0,"- ","- ",37.332090000000001,-120.39466,MERCED,UNINCORPORATED,-120.38745964,37.332140039999999
90406005,2017,2017-03-06,9460,2017-02-24,0246,019661,,5,3,9,2400,0,3,5,,2,030,"SHOEMAKER AVENUE","LOBO AVENUE",67.00,S,N,A,-,N,,,,,,,,,,Y,3,0,1,2,A,-,01,23152,A,N,C,E,A,A,H,-,C,D,0,,,,,Y,Y,A,01,0,1,0,0,0,0,0,0,0,"- ","- ",37.324150000000003,-120.52574,MERCED,UNINCORPORATED,-120.52573267,37.324346040000002
90406019,2017,2017-03-06,9461,2017-02-23,1755,020903,,4,2,9,2400,0,1,3,,1,152,"SR-152 E/B","DINOSAUR POINT ROAD",2640.00,E,N,B,-,Y,,,152,,,,,,E,Y,2,0,2,2,A,-,08,22107,,N,E,I,A,A,H,-,C,D,0,,,,,Y,,A,01,1,0,1,0,0,0,0,0,0,"- ","- ",37.07714,-121.20493,MERCED,UNINCORPORATED,-121.20493172,37.077184539999998
90406034,2017,2017-03-06,9461,2017-03-03,1320,019838,,5,1,9,2400,0,1,3,,1,153,"SR-152 E/B","BILLY WRIGHT RD",130.00,W,N,A,-,N,,,152,,,,,,E,Y,2,0,4,2,A,-,03,22350,,N,C,C,A,A,H,-,A,D,0,,,,,Y,,A,07,1,0,3,0,0,0,0,0,0,"- ","- ",37.056600000000003,-120.95480000000001,MERCED,UNINCORPORATED,-120.95480014,37.056585140000003
90407219,2017,2017-03-07,9460,2017-03-06,0045,020099,,1,3,9,2400,0,1,3,,2,003,"SR-99 N/B","MISSION AVE",528.00,N,N,A,-,Y,,,99,,,,,,N,Y,4,0,2,1,A,-,08,22107,,N,E,I,A,A,H,-,D,D,0,,,,,Y,,A,01,0,0,2,0,0,0,0,0,0,"- ","- ",37.274900000000002,-120.43734000000001,MERCED,UNINCORPORATED,-120.43734775,37.274889969999997
90407475,2017,2017-03-07,9460,2017-03-01,1650,018603,,3,2,9,2400,0,3,5,,2,010,"MCCULLAGH ROAD","THIRD AVE",0.00,,Y,A,-,N,,,,,,,,,,Y,4,0,2,2,A,-,09,21802,A,N,D,C,A,A,H,-,A,A,0,,,,,Y,,D,22,0,0,2,0,0,0,0,0,0,"- ","- ",37.327750000000002,-120.87857,MERCED,UNINCORPORATED,-120.87837989000001,37.327830059999997
90408293,2017,2017-03-08,9460,2017-03-02,0545,018549,,4,3,9,2400,0,1,3,,1,142,SR-140,"APPLEGATE RD",0.00,,Y,A,-,Y,,,140,,,,,,,N,4,0,1,2,A,-,12,22450,A,N,D,C,A,A,H,-,A,A,0,,,,,Y,,A,01,0,0,1,0,0,0,0,0,0,"- ","- ",37.302489999999999,-120.61484,MERCED,UNINCORPORATED,-120.61484082,37.302102990000002
90408626,2017,2017-03-08,9460,2017-03-03,1840,020008,,5,2,9,2400,0,3,5,,2,090,"N BUHACH RD","SOUTHERN PACIFIC AVE",285.00,S,N,A,-,N,,,,,,,,,,N,3,0,1,2,A,-,11,21950,B,N,G,B,D,A,H,-,C,D,0,Y,,,,Y,,N,60,0,1,0,0,1,0,0,0,0,"- ","- ",37.331380000000003,-120.57729999999999,MERCED,UNINCORPORATED,-120.577277,37.331477
90409075,2017,2017-03-09,9461,2017-03-07,0140,020351,,2,3,9,2400,0,1,1,,2,105,"I-5 S/B","WHITWORTH RD",3696.00,S,N,A,-,Y,,,5,,,,,,S,Y,3,0,2,1,A,-,08,22107,,N,F,A,A,A,H,-,D,D,0,,,,,Y,,A,07,0,2,0,0,0,0,0,0,0,"- ","- ",37.121760000000002,-121.02694,MERCED,UNINCORPORATED,-121.02704838,37.121688370000001
90409878,2017,2017-03-10,9460,2017-03-01,1825,019918,,3,2,9,2400,0,3,5,,2,020,"HILLSIDE DR","SCHENDEL AVE",89.00,S,N,A,-,N,,,,,,,,,,N,4,0,1,2,A,-,11,21954,A,F,G,B,D,A,H,-,B,D,0,Y,,,,Y,,N,60,0,0,1,0,1,0,0,0,0,"- ","- ",37.429209999999998,-120.77669,MERCED,UNINCORPORATED,-120.77681435,37.429291880000001
90409940,2017,2017-03-10,9460,2017-03-01,1835,019918,,3,2,9,2400,0,3,5,,2,020,"SHANKS RD","SCHENDEL AVE",0.00,,Y,A,-,N,,,,,,,,,,N,4,0,1,2,A,-,10,21950,A,F,G,B,B,A,H,-,B,A,0,Y,,,,Y,,A,01,0,0,1,0,1,0,0,0,0,"- ","- ",37.426900000000003,-120.78612,MERCED,UNINCORPORATED,-120.78616998,37.426789980000002
90410152,2017,2017-03-10,9460,2017-03-04,1010,019106,,6,1,9,2400,0,1,3,,1,591,SR-59,"VASSAR AVE",605.00,N,N,A,-,Y,,,59,,,,,,,N,4,0,2,2,A,-,03,22350,,N,C,C,A,A,H,-,A,D,0,,,,,Y,,A,01,0,0,2,0,0,0,0,0,0,"- ","- ",37.267629999999997,-120.48781,MERCED,UNINCORPORATED,-120.48788698,37.267630130000001
90410206,2017,2017-03-10,9460,2017-03-09,0019,018623,,4,3,5,2406,0,1,3,,2,003,"SR-99 N/B","MARTIN LUTHER KING JR WAY",100.00,S,N,A,-,Y,,,99,,,,,,N,Y,4,0,2,1,A,-,08,22107,,N,E,I,A,A,H,-,C,D,0,,,,,Y,,A,07,0,0,2,0,0,0,0,0,0,"- ","- ",37.297310000000003,-120.48244,MERCED,MERCED,-120.48266852,37.296687689999999
90410221,2017,2017-03-10,9460,2017-03-04,2040,019918,,6,2,9,2400,0,1,3,,2,001,"SR-99 N/B","SHANKS ROAD",1584.00,N,N,A,-,Y,,,99,,,,,,N,Y,4,0,1,2,A,-,08,22107,,N,A,A,A,A,H,-,D,D,0,,,,,Y,,A,01,0,0,1,0,0,0,0,0,0,"- ","- ",37.439120000000003,-120.78543999999999,MERCED,UNINCORPORATED,-120.7854413,37.439118729999997
90411158,2017,2017-03-13,9460,2017-03-07,1400,018922,,2,2,9,2400,0,3,5,,2,040,"WINTON WAY","MYRTLE AVENUE",0.00,,Y,A,-,N,,,,,,,,,,Y,4,0,2,2,A,-,12,22450,A,N,D,C,A,A,H,-,A,A,0,,,,,Y,,D,22,0,0,2,0,0,0,0,0,0,"- ","- ",37.393120000000003,-120.61332,MERCED,UNINCORPORATED,-120.61339995,37.393039899999998