CASE_ID,ACCIDENT_YEAR,PROC_DATE,JURIS,COLLISION_DATE,COLLISION_TIME,OFFICER_ID,REPORTING_DISTRICT,DAY_OF_WEEK,CHP_SHIFT,POPULATION,CNTY_CITY_LOC,SPECIAL_COND,BEAT_TYPE,CHP_BEAT_TYPE,CITY_DIVISION_LAPD,CHP_BEAT_CLASS,BEAT_NUMBER,PRIMARY_RD,SECONDARY_RD,DISTANCE,DIRECTION,INTERSECTION,WEATHER_1,WEATHER_2,STATE_HWY_IND,CALTRANS_COUNTY,CALTRANS_DISTRICT,STATE_ROUTE,ROUTE_SUFFIX,POSTMILE_PREFIX,POSTMILE,LOCATION_TYPE,RAMP_INTERSECTION,SIDE_OF_HWY,TOW_AWAY,COLLISION_SEVERITY,NUMBER_KILLED,NUMBER_INJURED,PARTY_COUNT,PRIMARY_COLL_FACTOR,PCF_CODE_OF_VIOL,PCF_VIOL_CATEGORY,PCF_VIOLATION,PCF_VIOL_SUBSECTION,HIT_AND_RUN,TYPE_OF_COLLISION,MVIW,PED_ACTION,ROAD_SURFACE,ROAD_COND_1,ROAD_COND_2,LIGHTING,CONTROL_DEVICE,CHP_ROAD_TYPE,PEDESTRIAN_ACCIDENT,BICYCLE_ACCIDENT,MOTORCYCLE_ACCIDENT,TRUCK_ACCIDENT,NOT_PRIVATE_PROPERTY,ALCOHOL_INVOLVED,STWD_VEHTYPE_AT_FAULT,CHP_VEHTYPE_AT_FAULT,COUNT_SEVERE_INJ,COUNT_VISIBLE_INJ,COUNT_COMPLAINT_PAIN,COUNT_PED_KILLED,COUNT_PED_INJURED,COUNT_BICYCLIST_KILLED,COUNT_BICYCLIST_INJURED,COUNT_MC_KILLED,COUNT_MC_INJURED,PRIMARY_RAMP,SECONDARY_RAMP,LATITUDE,LONGITUDE,COUNTY,CITY,POINT_X,POINT_Y
91066802,2019,2019-09-04,9460,2019-08-26,0600,018422,,1,1,9,2400,0,3,5,,2,010,"KELLEY RD.","RIVER ROAD",1056.00,N,N,A,-,N,,,,,,,,,,Y,4,0,1,1,A,-,08,22107,,N,E,J,A,A,H,-,B,D,0,,,,,Y,,A,01,0,0,1,0,0,0,0,0,0,"- ","- ",37.353099822998047,-120.96083068847656,MERCED,UNINCORPORATED,-120.96084594726562,37.353050231933594
91067620,2019,2019-09-04,9460,2019-08-26,1500,019500,,1,2,9,2400,0,1,3,,2,001,"SR-99 (S/B)","WINTON PKY",500.00,S,N,A,-,Y,,,,,,,,,,Y,3,0,1,2,A,-,08,22107,,N,E,I,A,A,H,-,A,D,0,,,,,Y,,A,07,0,1,0,0,0,0,0,0,0,"- ","- ",37.388671875,-120.73239898681641,MERCED,UNINCORPORATED,-120.73513793945312,37.389530181884766
9106765,2020,2020-09-25,2406,2020-05-10,2033,237,3,7,5,5,2406,0,0,0,,0,030,"MARTIN LUTHER KING JR WY","WEST 12TH ST",0.00,,Y,A,-,Y,MER,10,59,-,-,14.650,I,5,S,N,3,0,1,2,A,-,10,21950,A,N,G,B,B,A,H,-,C,D,0,Y,,,,Y,,A,07,0,1,0,0,1,0,0,0,0,"- ","- ",,,MERCED,MERCED,-120.48339080810547,37.295032501220703
91068050,2019,2019-10-04,9461,2019-08-30,0422,021387,,5,3,9,2400,0,1,3,,1,152,"SR-152 E/B","UPPER COTTONWOOD",4224.00,E,N,A,-,Y,,,152,,,,,,E,Y,2,0,3,1,A,-,08,22107,,N,E,I,A,A,H,-,D,D,0,,,,,Y,,A,07,2,1,0,0,0,0,0,0,0,"- ","- ",37.086368560791016,-121.16522979736328,MERCED,UNINCORPORATED,-121.16522979736328,37.086429595947266
91068057,2019,2019-09-05,9460,2019-08-27,1805,018603,,2,2,9,2400,0,3,5,,2,010,"GRIFFITH AVE","AMERICAN AVE.",0.00,,Y,A,-,N,,,,,,,,,,Y,2,0,2,2,A,-,09,21801,A,N,A,C,A,A,H,-,A,D,0,,,Y,,Y,,A,01,1,0,1,0,0,0,0,0,1,"- ","- ",37.411289215087891,-120.81349945068359,MERCED,UNINCORPORATED,-120.81342315673828,37.411289215087891
91068113,2019,2019-10-04,9461,2019-08-31,1605,021056,,6,2,9,2400,0,2,4,,1,110,"INGOMAR GRADE N/B","COTTONWOOD RD",3168.00,S,N,A,-,N,,,,,,,,,,Y,2,0,1,1,A,-,01,23152,A,N,E,I,A,A,H,-,A,D,0,,,,,Y,Y,D,22,1,0,0,0,0,0,0,0,0,"- ","- ",37.177711486816406,-120.96823120117188,MERCED,UNINCORPORATED,,
91068255,2019,2019-09-05,9461,2019-09-02,0240,021854,,1,3,9,2400,0,1,3,,1,103,"SR-33 N/B","BUNKER RD",2112.00,S,N,A,-,Y,,,33,,,,,,N,Y,4,0,1,1,A,-,08,22107,,N,E,I,A,A,H,-,D,D,0,,,,,Y,,D,22,0,0,1,0,0,0,0,0,0,"- ","- ",37.16741943359375,-121.013427734375,MERCED,UNINCORPORATED,-121.01351928710938,37.167423248291016
91068393,2019,2019-09-20,9461,2019-08-27,1615,017029,,2,2,9,2400,0,1,1,,2,206,"I-5 N/B",SR-165,6.00,N,N,B,-,Y,,,5,,,,,,N,Y,2,0,1,1,A,-,03,22350,,N,E,J,A,A,H,-,A,A,0,,,,,Y,,A,01,1,0,0,0,0,0,0,0,0,"- ","- ",36.930919647216797,-120.83975219726562,MERCED,UNINCORPORATED,-120.84027099609375,36.930290222167969
91068665,2019,2019-09-05,9460,2019-08-28,2100,018778,,3,2,9,2400,0,3,5,,2,040,"SANTA FE DRIVE","OLIVE AVE",0.00,,Y,A,-,N,,,,,,,,,,N,3,0,1,2,A,-,09,21801,A,F,F,A,A,A,H,-,A,D,0,,,Y,,Y,,-,99,0,1,0,0,0,0,0,0,1,"- ","- ",37.396881103515625,-120.63134765625,MERCED,UNINCORPORATED,-120.63134002685547,37.396900177001953
91068702,2019,2019-09-05,9460,2019-08-30,1100,019005,,5,1,9,2400,0,3,5,,2,030,"BEACHWOOD DR","DAN WARD RD",95.00,S,N,A,-,N,,,,,,,,,,N,4,0,1,2,A,-,09,21801,A,N,D,C,A,A,H,-,A,D,0,,,,,Y,,E,22,0,0,1,0,0,0,0,0,0,"- ","- ",37.331459045410156,-120.52796173095703,MERCED,UNINCORPORATED,-120.52798461914062,37.33148193359375
91069144,2019,2019-09-06,9461,2019-08-28,0721,017080,,3,1,9,2400,0,1,1,,2,105,"I-5 N/B","BUTTS ROAD",3696.00,N,N,A,-,Y,,,5,,,,,,N,Y,3,0,1,1,A,-,08,22107,,N,F,A,A,A,H,-,A,D,0,,,,,Y,,A,01,0,1,0,0,0,0,0,0,0,"- ","- ",37.167568206787109,-121.05690765380859,MERCED,UNINCORPORATED,-121.05669403076172,37.167709350585938
91069207,2019,2019-09-06,9461,2019-09-02,0230,021188,,1,3,9,2400,0,1,1,,2,205,"I-5 N/B (WEST SIDE FREEWAY)","VOLTA ROAD",3696.00,N,N,A,-,Y,,,5,,,,,,N,Y,3,0,1,1,A,-,08,22107,,N,F,I,A,A,H,-,D,D,0,,,,,Y,,A,07,0,1,0,0,0,0,0,0,0,"- ","- ",37.023128509521484,-120.93698883056641,MERCED,UNINCORPORATED,-120.93701934814453,37.023105621337891
91069538,2019,2019-09-06,9461,2019-08-31,1255,020486,,6,1,9,2400,0,1,3,,1,103,"STATE HIGHWAY 33","PLAZA DRIVE",200.00,S,N,A,-,Y,,,33,,,,,,,N,3,0,3,2,A,-,09,21801,A,N,D,C,A,A,H,-,A,D,0,,,,,Y,,A,07,0,1,2,0,0,0,0,0,0,"- ","- ",37.110721588134766,-121.01576995849609,MERCED,UNINCORPORATED,-121.0157470703125,37.110721588134766
91069552,2019,2019-09-06,9460,2019-08-29,1500,019665,,4,2,9,2400,0,2,4,,1,041,"SANTA FE DRIVE","FRANKLIN ROAD",40.00,W,N,A,-,N,,,,,,,,,,N,4,0,1,2,A,-,03,22350,,M,C,C,A,A,H,-,A,A,0,,,,,Y,,A,07,0,0,1,0,0,0,0,0,0,"- ","- ",37.339790344238281,-120.53987884521484,MERCED,UNINCORPORATED,-120.54048156738281,37.340377807617188
91069586,2019,2019-09-06,9460,2019-08-26,0633,019005,,1,1,9,2400,0,1,3,,1,140,SR-140,SR-165,0.00,,Y,A,-,Y,,,140,,,,,,,Y,4,0,1,2,A,-,09,21800,A,N,D,C,A,A,H,-,A,D,0,,,,,Y,,A,07,0,0,1,0,0,0,0,0,0,"- ","- ",37.313240051269531,-120.85141754150391,MERCED,UNINCORPORATED,-120.85141754150391,37.313163757324219
91069594,2019,2019-09-06,9460,2019-08-31,1100,019005,,6,1,9,2400,0,1,3,,2,002,"SR-99 N/B","WESTSIDE BLVD",3168.00,S,N,A,-,Y,,,99,,,,,,N,N,4,0,1,2,A,-,07,21658,A,N,B,C,A,A,H,-,A,D,0,,,,,Y,,A,01,0,0,1,0,0,0,0,0,0,"- ","- ",37.356941223144531,-120.63874053955078,MERCED,UNINCORPORATED,-120.63871002197266,37.357017517089844
91069628,2019,2019-09-06,9460,2019-09-04,0747,015305,,3,1,5,2406,0,1,3,,2,003,"STATE ROUTE 99 (S/B) TO STATE ROUTE 140","STATE ROUTE 140",530.00,N,N,A,-,Y,,,99,,,,R,,,N,3,0,1,2,A,-,03,22350,,N,C,C,A,A,H,-,A,D,0,,,,,Y,,A,01,0,1,0,0,0,0,0,0,0,"- ","- ",37.295330047607422,-120.47013092041016,MERCED,MERCED,-120.47013092041016,37.295330047607422
91070464,2019,2019-09-30,9460,2019-08-30,1708,018778,,5,2,9,2400,0,3,5,,2,020,"BLOSS AVE","HINTON AVE",0.00,,Y,A,-,N,,,,,,,,,,Y,3,0,1,2,A,-,12,22450,A,N,A,C,A,A,H,-,A,A,0,,,,,Y,,D,22,0,1,0,0,0,0,0,0,0,"- ","- ",37.405029296875,-120.77763366699219,MERCED,UNINCORPORATED,-120.77764129638672,37.405010223388672
91070700,2019,2019-09-09,9460,2019-09-04,1600,018603,,3,2,9,2400,0,3,5,,2,050,"LAKE RD","YOSEMITE AVE",1056.00,N,N,A,-,N,,,,,,,,,,Y,4,0,3,3,A,-,03,22350,,N,C,C,A,A,H,-,A,D,0,,,,,Y,,D,22,0,0,3,0,0,0,0,0,0,"- ","- ",37.337940216064453,-120.43283843994141,MERCED,UNINCORPORATED,-120.43290710449219,37.335041046142578
91070712,2019,2019-09-09,9460,2019-08-29,0728,019005,,4,1,9,2400,0,3,5,,2,080,"GRANT RD",SR-59,1295.00,W,N,A,-,Y,,,,,,,,,,Y,3,0,1,2,A,-,01,23152,A,N,B,E,A,A,H,-,A,D,0,,,,,Y,Y,A,01,0,1,0,0,0,0,0,0,0,"- ","- ",37.120330810546875,-120.49678802490234,MERCED,UNINCORPORATED,-120.49667358398438,37.120357513427734
91071158,2019,2019-09-10,9461,2019-08-31,1752,019052,,6,2,9,2400,0,1,1,,2,205,"I-5 N/B","CANYON RD",2640.00,S,N,A,-,Y,,,5,,,,,,N,Y,4,0,4,3,A,-,03,22350,,N,C,C,A,A,H,-,A,D,0,,,,,Y,,A,01,0,0,4,0,0,0,0,0,0,"- ","- ",36.986698150634766,-120.9031982421875,MERCED,UNINCORPORATED,-120.90319061279297,36.986705780029297
91071177,2019,2019-09-10,9461,2019-09-02,1735,021387,,1,2,9,2400,0,1,1,,2,222,"S/B JOHN ERECA REST AREA","NEES AVE",4752.00,N,N,A,-,N,,,,,,,,,,Y,2,0,2,1,A,-,03,22350,,N,E,I,A,A,H,-,A,D,0,,,,,Y,,A,01,1,1,0,0,0,0,0,0,0,"- ","- ",36.861968994140625,-120.78253936767578,MERCED,UNINCORPORATED,,
91071246,2019,2019-09-10,9461,2019-09-04,0510,021378,,3,3,9,2400,0,1,1,,2,205,"I-5 N/B","ETCHEVERRY RD",300.00,S,N,A,-,Y,,,5,,,,,,N,Y,4,0,3,1,A,-,08,22107,,N,F,I,A,A,H,-,A,D,0,,,,,Y,,A,01,0,0,3,0,0,0,0,0,0,"- ","- ",37.028049468994141,-120.941650390625,MERCED,UNINCORPORATED,-120.94174194335938,37.027961730957031
91071355,2019,2019-09-10,9461,2019-09-07,1426,019052,,6,2,9,2400,0,1,3,,1,503,SR-33,"AZUSA AVE",0.00,,Y,B,-,Y,,,33,,,,,,,Y,3,0,1,2,A,-,09,21802,A,N,D,C,A,A,H,-,A,D,0,,,,,Y,,D,22,0,1,0,0,0,0,0,0,0,"- ","- ",37.04840087890625,-120.635498046875,MERCED,UNINCORPORATED,-120.63555145263672,37.04840087890625
91071403,2019,2019-09-10,9461,2019-09-06,1743,021387,,5,2,9,2400,0,3,5,,2,010,"HUNT RD","COTTONWOOD RD",4752.00,N,N,A,-,N,,,,,,,,,,Y,3,0,1,2,A,-,06,21751,,N,F,I,A,A,H,-,A,D,0,,,,,Y,,A,01,0,1,0,0,0,0,0,0,0,"- ","- ",37.200801849365234,-120.99430084228516,MERCED,UNINCORPORATED,-120.99421691894531,37.200710296630859
91071419,2019,2019-09-10,9461,2019-09-07,1320,017329,,6,1,9,2400,0,1,1,,2,206,"I-5 S/B","LAGUNA SECA CREEK",5808.00,S,N,A,-,Y,,,5,,,,,,S,Y,3,0,1,2,A,-,03,22350,,N,C,C,A,A,H,-,A,D,0,,,,,Y,,A,07,0,1,0,0,0,0,0,0,0,"- ","- ",36.876930236816406,-120.79228210449219,MERCED,UNINCORPORATED,-120.79243469238281,36.876819610595703
91071618,2019,2019-09-10,9461,2019-09-07,1235,017329,,6,1,9,2400,0,1,1,,2,206,"I-5 S/B","LAGUNA SECA CREEK",7920.00,S,N,A,-,Y,,,5,,,,,,S,Y,3,0,1,1,A,-,08,22107,,N,E,I,A,A,H,-,A,D,0,,,,,Y,,A,01,0,1,0,0,0,0,0,0,0,"- ","- ",36.865718841552734,-120.78485107421875,MERCED,UNINCORPORATED,-120.78480529785156,36.865749359130859
91071768,2019,2019-09-10,9460,2019-08-29,1545,019838,,4,2,9,2400,0,3,5,,2,040,"CAMPBELL AVE","LIBERTY AVE",150.00,W,N,A,-,N,,,,,,,,,,Y,2,0,1,2,A,-,05,21460,A,N,A,C,A,A,H,-,A,D,0,,,Y,,Y,,C,02,1,0,0,0,0,0,0,0,1,"- ","- ",37.375,-120.67900085449219,MERCED,UNINCORPORATED,-120.67910003662109,37.375179290771484
91071784,2019,2019-09-10,9460,2019-03-20,2048,019806,,3,2,9,2400,0,1,3,,2,002,"SR-99 S/B","ATWATER-MERCED EXPRESSWAY",3696.00,S,N,A,-,Y,,,99,,,,,,S,Y,1,1,0,3,A,-,11,21954,A,N,G,B,E,A,H,-,D,D,0,Y,,,,Y,Y,N,60,0,0,0,1,0,0,0,0,0,"- ","- ",37.326618194580078,-120.55680084228516,MERCED,UNINCORPORATED,-120.55680084228516,37.326606750488281
91072160,2019,2019-09-11,9460,2019-08-30,1920,021407,,5,2,9,2400,0,2,4,,1,041,"SANTA FE DRIVE","BEACHWOOD DRIVE",3168.00,E,N,A,-,N,,,,,,,,,,Y,3,0,1,1,A,-,08,22107,,N,F,A,A,A,H,-,B,D,0,,,,,Y,,A,01,0,1,0,0,0,0,0,0,0,"- ","- ",37.322700500488281,-120.51239776611328,MERCED,UNINCORPORATED,-120.51903533935547,37.326934814453125
91072318,2019,2019-09-11,9460,2019-09-02,1445,019838,,1,2,9,2400,0,3,5,,2,090,"BUHACH RD","CARDIFF LANE",38.00,S,N,A,-,N,,,,,,,,,,Y,3,0,1,2,A,-,03,22350,,N,C,C,A,A,H,-,A,D,0,,,,,Y,,A,07,0,1,0,0,0,0,0,0,0,"- ","- ",37.314098358154297,-120.57769775390625,MERCED,UNINCORPORATED,-120.57765197753906,37.314304351806641
91072361,2019,2019-09-11,9461,2019-08-31,2010,021056,,6,2,9,2400,0,1,1,,2,105,"I-5 S/B",SR-152,11088.00,N,N,A,-,Y,,,5,,,,,,S,Y,3,0,2,2,A,-,01,23152,A,N,E,I,A,A,H,-,E,D,0,,,,,Y,Y,D,22,0,1,1,0,0,0,0,0,0,"- ","- ",37.081180572509766,-120.99362945556641,MERCED,UNINCORPORATED,-120.99369049072266,37.081119537353516
91072462,2019,2019-09-11,9460,2019-09-05,1620,018292,,4,2,9,2400,0,1,3,,1,165,"STATE ROUTE 165","BRADBURY RD.",275.00,S,N,A,-,Y,,,165,,,,,,,N,4,0,1,2,A,-,03,22350,,N,C,C,A,A,H,-,A,D,0,,,,,Y,,A,08,0,0,1,0,0,0,0,0,0,"- ","- ",37.448398590087891,-120.8489990234375,MERCED,UNINCORPORATED,-120.84913635253906,37.448402404785156
91074934,2019,2019-09-16,9460,2019-09-06,0550,018422,,5,3,3,2401,0,1,3,,2,002,"SR-99 (S/B)","APPLEGATE RD.",3696.00,S,N,A,-,Y,,,99,,,,,,,Y,3,0,1,1,A,-,08,22107,,N,F,A,A,A,H,-,D,D,0,,,,,Y,,A,07,0,1,0,0,0,0,0,0,0,"- ","- ",37.339939117431641,-120.60012817382812,MERCED,ATWATER,-120.60012054443359,37.340003967285156
91075559,2019,2019-09-16,9460,2019-09-06,2115,018778,,5,2,9,2400,0,1,3,,2,001,"SR-99 S/B TO WINTON PARKWAY","WINTON PARKWAY",100.00,N,N,A,-,Y,,,99,,,,R,,S,N,4,0,4,2,A,-,03,22350,,N,C,C,A,A,H,-,D,A,0,,,,,Y,,A,01,0,0,4,0,0,0,0,0,0,"- ","- ",37.389621734619141,-120.737060546875,MERCED,UNINCORPORATED,-120.737060546875,37.389621734619141
91075674,2019,2019-09-16,9461,2019-09-15,1225,017329,,7,1,9,2400,0,1,1,,2,205,"I-5 S/B","CANYON ROAD",250.00,N,N,A,-,Y,,,5,,,,,,S,Y,3,0,3,2,A,-,03,22350,,N,C,C,A,A,H,-,A,D,0,,,,Y,Y,,A,08,0,2,1,0,0,0,0,0,0,"- ","- ",36.992359161376953,-120.9085693359375,MERCED,UNINCORPORATED,-120.90863800048828,36.992298126220703
91076354,2019,2019-09-17,9460,2019-09-09,1550,018922,,1,2,9,2400,0,3,5,,2,050,"DUNN ROAD","GARDNER ROAD",528.00,E,N,A,-,N,,,,,,,,,,Y,2,0,1,1,A,-,01,23152,A,N,F,A,A,A,H,-,A,D,0,,,Y,,Y,Y,C,02,1,0,0,0,0,0,0,0,1,"- ","- ",37.339378356933594,-120.44875335693359,MERCED,UNINCORPORATED,-120.44905090332031,37.339397430419922
91076407,2019,2019-09-17,9460,2019-09-10,1215,014541,,2,1,9,2400,0,1,3,,2,002,"W. 16TH STREET","STATE ROUTE 99",415.00,W,N,A,-,N,,,,,,,,,,Y,4,0,2,2,A,-,03,22350,,N,C,C,A,A,D,-,A,D,0,,,,,Y,,A,01,0,0,2,0,0,0,0,0,0,"- ","- ",37.310810089111328,-120.51377868652344,MERCED,UNINCORPORATED,-120.51356506347656,37.310741424560547
91076522,2019,2020-04-07,9461,2019-08-04,2115,021056,,7,2,9,2400,0,3,5,,2,040,"ARROYA AVENUE NORTHBOUND","LINDEN ROAD",0.00,,Y,A,-,N,,,,,,,,,,Y,1,1,1,1,A,-,08,22107,,N,F,A,A,A,H,-,D,D,0,,,Y,,Y,,C,02,1,0,0,0,0,0,0,1,1,"- ","- ",37.033180236816406,-120.67182159423828,MERCED,UNINCORPORATED,-120.67179107666016,37.032768249511719
91076689,2019,2019-09-17,9460,2019-09-13,1500,018603,,5,2,9,2400,0,3,5,,2,020,"SCHENDEL RD.","PHELAN ST.",75.00,S,N,A,-,N,,,,,,,,,,N,4,0,1,2,A,-,03,22350,,N,C,C,A,A,H,-,A,D,0,,,,,Y,,A,08,0,0,1,0,0,0,0,0,0,"- ","- ",37.428050994873047,-120.77895355224609,MERCED,UNINCORPORATED,-120.77962493896484,37.427574157714844
91076724,2019,2019-09-17,9461,2019-09-06,1343,019052,,5,1,9,2400,0,1,3,,2,453,"SR-152 W/B","LODI RD",2640.00,E,N,A,-,Y,,,152,,,,,,W,Y,2,0,2,2,A,-,03,22350,,N,A,C,A,A,H,-,A,D,0,,,,Y,Y,,F,26,1,1,0,0,0,0,0,0,0,"- ","- ",37.05059814453125,-120.57990264892578,MERCED,UNINCORPORATED,-120.57989501953125,37.050559997558594
91076766,2019,2019-09-17,9460,2019-09-13,1350,019838,,5,1,9,2400,0,1,3,,2,002,"SR-99 N/B","FRANKLIN RD",2112.00,S,N,A,-,Y,,,99,,,,,,N,Y,4,0,1,2,A,-,03,22350,,N,C,C,A,A,H,-,A,D,0,,,,,Y,,A,08,0,0,1,0,0,0,0,0,0,"- ","- ",37.318901062011719,-120.53520202636719,MERCED,UNINCORPORATED,-120.53520202636719,37.318897247314453
91077232,2019,2019-09-18,9460,2019-09-12,0040,018951,,4,3,9,2400,0,1,3,,1,142,"STATE ROUTE 140","HULL ROAD",60.00,E,N,A,-,Y,,,140,,,,,,,Y,4,0,3,1,C,-,18,,,N,H,H,A,A,H,-,D,D,0,,,,,Y,,-,"- ",0,0,3,0,0,0,0,0,0,"- ","- ",37.302108764648438,-120.62368774414062,MERCED,UNINCORPORATED,-120.62368774414062,37.302093505859375
91077593,2019,2019-09-18,9461,2019-09-09,0830,017080,,1,1,9,2400,0,3,5,,2,010,"BADGER FLAT ROAD","INGOMAR GRADE",1056.00,N,N,A,-,N,,,,,,,,,,N,3,0,1,1,A,-,08,22107,,N,F,A,A,A,H,-,A,A,0,,,,Y,Y,,F,27,0,1,0,0,0,0,0,0,0,"- ","- ",37.078468322753906,-120.87773895263672,MERCED,UNINCORPORATED,-120.87731170654297,37.07781982421875
91077803,2019,2019-09-18,9460,2019-09-06,1040,018806,,5,1,9,2400,0,3,5,,2,080,"CHILDS AVENUE","BRANTLEY ST",375.00,E,N,A,-,N,,,,,,,,,,Y,4,0,1,3,A,-,09,21804,A,N,D,C,A,A,H,-,A,D,0,,,,Y,Y,,A,07,0,0,1,0,0,0,0,0,0,"- ","- ",37.287879943847656,-120.46163177490234,MERCED,UNINCORPORATED,-120.46166229248047,37.287918090820312
91078200,2019,2019-09-19,9460,2019-09-12,1359,018778,,4,1,9,2400,0,3,5,,2,070,"LE GRAND RD","PLAINSBURG RD",3000.00,W,N,A,-,N,,,,,,,,,,Y,4,0,1,2,A,-,03,22350,,N,C,C,A,A,H,-,A,D,0,,,,Y,Y,,A,01,0,0,1,0,0,0,0,0,0,"- ","- ",37.229228973388672,-120.33734130859375,MERCED,UNINCORPORATED,-120.33522796630859,37.229259490966797
91078370,2019,2019-09-19,9460,2019-09-16,0948,016206,,1,1,9,2400,0,3,5,,2,010,"1ST STREET","BIRCH STREET",20.00,E,N,B,-,N,,,,,,,,,,Y,3,0,1,2,A,-,01,23152,A,N,A,E,A,A,H,-,A,D,0,,,,,Y,Y,A,01,0,1,0,0,0,0,0,0,0,"- ","- ",37.407939910888672,-120.85247802734375,MERCED,UNINCORPORATED,-120.8525390625,37.407909393310547
91078613,2019,2019-09-19,9460,2019-09-12,0750,018806,,4,1,3,2401,0,1,3,,2,002,"SR-99 (S/B)","EAST ATWATER BLVD",20.00,N,N,A,-,Y,,,99,,,,,,,N,4,0,1,2,A,-,03,22350,,N,C,C,A,A,H,-,A,D,0,,,,,Y,,J,48,0,0,1,0,0,0,0,0,0,"- ","- ",37.340190887451172,-120.59359741210938,MERCED,ATWATER,-120.59360504150391,37.340213775634766
91079410,2019,2019-09-20,9460,2019-09-13,0317,021320,,5,3,9,2400,0,1,3,,2,002,"SR-99 (N/B)","COLLIER RD",90.00,S,N,A,-,Y,,,99,,,,,,,Y,2,0,1,1,A,-,08,22107,,N,E,I,A,A,H,-,D,D,0,,,,Y,Y,,F,26,1,0,0,0,0,0,0,0,0,"- ","- ",37.408718109130859,-120.75173950195312,MERCED,UNINCORPORATED,-120.75171661376953,37.408748626708984
91079459,2019,2019-09-20,9460,2019-09-12,1430,018292,,4,2,9,2400,0,1,3,,1,165,"BLOSS AVE.",SR-165,359.00,E,N,A,-,Y,,,,,,,,,,N,3,0,1,2,A,-,09,21804,A,N,D,C,A,A,H,-,A,D,0,,,Y,,Y,,A,01,0,1,0,0,0,0,0,0,1,"- ","- ",37.404239654541016,-120.84803771972656,MERCED,UNINCORPORATED,-120.84891510009766,37.404258728027344
91079720,2019,2019-09-20,9460,2019-09-17,0820,014541,,2,1,9,2400,0,3,5,,2,050,"E. OLIVE AVENUE","LEEDS ROAD",1056.00,E,N,A,-,N,,,,,,,,,,Y,3,0,1,1,A,-,08,22107,,N,E,I,A,A,H,-,A,D,0,,,,,Y,,A,01,0,1,0,0,0,0,0,0,0,"- ","- ",37.318111419677734,-120.42472076416016,MERCED,UNINCORPORATED,-120.42500305175781,37.318218231201172
91079823,2019,2019-09-20,9461,2019-09-13,1720,020351,,5,2,9,2400,0,2,4,,1,115,"HENRY MILLER RD","VOLTA RD",1056.00,W,N,A,-,N,,,,,,,,,,Y,4,0,1,2,A,-,08,22107,,N,B,C,A,A,H,-,B,D,0,,,,Y,Y,,A,01,0,0,1,0,0,0,0,0,0,"- ","- ",37.100151062011719,-120.92910766601562,MERCED,UNINCORPORATED,-120.92893218994141,37.100128173828125
91079829,2019,2019-09-20,9461,2019-09-15,1920,021280,,7,2,9,2400,0,1,3,,1,103,SR-33,"HENRY MILLER RD.",0.00,,Y,A,-,N,,,33,,,,,,,Y,4,0,5,4,A,-,09,21802,A,N,D,C,A,A,H,-,B,A,0,,,,Y,Y,,G,25,0,0,5,0,0,0,0,0,0,"- ","- ",37.100700378417969,-121.01587677001953,MERCED,UNINCORPORATED,-121.01584625244141,37.100700378417969
91080185,2019,2019-09-23,9460,2019-09-13,1757,019838,,5,2,9,2400,0,3,5,,2,030,"GURR RD","AVENUE ONE",0.00,,Y,A,-,N,,,,,,,,,,N,4,0,1,2,A,-,03,22350,,F,C,C,A,A,H,-,A,D,0,,,Y,,Y,,-,99,0,0,1,0,0,0,0,0,1,"- ","- ",37.342399597167969,-120.55870056152344,MERCED,UNINCORPORATED,-120.55873870849609,37.342411041259766
91080193,2019,2019-09-23,9460,2019-09-15,0646,019005,,7,1,9,2400,0,1,3,,2,001,"SR-99 N/B","SOUTH AVE",3168.00,S,N,A,-,Y,,,99,,,,,,N,Y,4,0,1,2,A,-,07,21658,A,N,B,C,A,A,H,-,A,D,0,,,,Y,Y,,A,01,0,0,1,0,0,0,0,0,0,"- ","- ",37.419490814208984,-120.76238250732422,MERCED,UNINCORPORATED,-120.76239776611328,37.419471740722656
91080195,2019,2019-09-23,9460,2019-09-16,0210,020365,,1,3,9,2400,0,3,5,,2,080,"W. SANDY MUSH ROAD","LONE TREE RD",4224.00,W,N,A,-,N,,,,,,,,,,Y,3,0,2,1,A,-,08,22107,,N,E,I,A,A,H,-,D,D,0,,,,,Y,,A,01,0,2,0,0,0,0,0,0,0,"- ","- ",37.185810089111328,-120.59616851806641,MERCED,UNINCORPORATED,-120.59693908691406,37.185916900634766
91080822,2019,2019-09-23,9460,2019-09-20,0533,016206,,5,3,9,2400,0,3,5,,2,050,"DUNN RD","HATCH RD",0.00,,Y,A,-,N,,,,,,,,,,Y,4,0,1,2,A,-,12,22450,A,N,D,C,A,A,H,-,D,A,0,,,,,Y,,A,01,0,0,1,0,0,0,0,0,0,"- ","- ",37.339401245117188,-120.44178771972656,MERCED,UNINCORPORATED,-120.44180297851562,37.339420318603516