CASE_ID,ACCIDENT_YEAR,PROC_DATE,JURIS,COLLISION_DATE,COLLISION_TIME,OFFICER_ID,REPORTING_DISTRICT,DAY_OF_WEEK,CHP_SHIFT,POPULATION,CNTY_CITY_LOC,SPECIAL_COND,BEAT_TYPE,CHP_BEAT_TYPE,CITY_DIVISION_LAPD,CHP_BEAT_CLASS,BEAT_NUMBER,PRIMARY_RD,SECONDARY_RD,DISTANCE,DIRECTION,INTERSECTION,WEATHER_1,WEATHER_2,STATE_HWY_IND,CALTRANS_COUNTY,CALTRANS_DISTRICT,STATE_ROUTE,ROUTE_SUFFIX,POSTMILE_PREFIX,POSTMILE,LOCATION_TYPE,RAMP_INTERSECTION,SIDE_OF_HWY,TOW_AWAY,COLLISION_SEVERITY,NUMBER_KILLED,NUMBER_INJURED,PARTY_COUNT,PRIMARY_COLL_FACTOR,PCF_CODE_OF_VIOL,PCF_VIOL_CATEGORY,PCF_VIOLATION,PCF_VIOL_SUBSECTION,HIT_AND_RUN,TYPE_OF_COLLISION,MVIW,PED_ACTION,ROAD_SURFACE,ROAD_COND_1,ROAD_COND_2,LIGHTING,CONTROL_DEVICE,CHP_ROAD_TYPE,PEDESTRIAN_ACCIDENT,BICYCLE_ACCIDENT,MOTORCYCLE_ACCIDENT,TRUCK_ACCIDENT,NOT_PRIVATE_PROPERTY,ALCOHOL_INVOLVED,STWD_VEHTYPE_AT_FAULT,CHP_VEHTYPE_AT_FAULT,COUNT_SEVERE_INJ,COUNT_VISIBLE_INJ,COUNT_COMPLAINT_PAIN,COUNT_PED_KILLED,COUNT_PED_INJURED,COUNT_BICYCLIST_KILLED,COUNT_BICYCLIST_INJURED,COUNT_MC_KILLED,COUNT_MC_INJURED,PRIMARY_RAMP,SECONDARY_RAMP,LATITUDE,LONGITUDE,COUNTY,CITY,POINT_X,POINT_Y
91145529,2019,2019-12-17,9461,2019-12-13,0905,017329,,5,1,9,2400,0,1,3,,1,103,"SR-33 S/B","SR-33 S/B TO I-5 N/B",50.00,S,N,B,-,Y,,,33,,,,,,S,N,4,0,1,2,A,-,03,22350,,N,C,C,A,A,H,-,A,A,0,,,,,Y,,D,22,0,0,1,0,0,0,0,0,0,"- ","- ",37.108600616455078,-121.01573181152344,MERCED,UNINCORPORATED,-121.01577758789062,37.108600616455078
91145631,2019,2019-12-17,9461,2019-12-15,1550,021280,,7,2,9,2400,0,3,5,,2,020,"31426 GONZAGA RD. SANTA NELLA, CA 95322","JASPER SEARS RD.",400.00,W,N,A,-,N,,,,,,,,,,N,3,0,1,1,B,-,22,,,N,E,A,A,B,H,-,A,D,0,,,Y,,Y,,C,06,0,1,0,0,0,0,0,0,1,"- ","- ",37.052780151367188,-121.02703857421875,MERCED,UNINCORPORATED,,
91145666,2019,2019-12-17,9461,2019-12-09,1650,021056,,1,2,9,2400,0,3,5,,2,010,"BADGER FLAT RD N/B","INGOMAR GRADE",528.00,N,N,A,-,N,,,,,,,,,,Y,4,0,2,1,A,-,01,23152,A,N,E,I,A,A,H,-,A,D,0,,,,,Y,Y,D,22,0,0,2,0,0,0,0,0,0,"- ","- ",37.077728271484375,-120.87677764892578,MERCED,UNINCORPORATED,-120.87638092041016,37.076797485351562
9114589,2020,2020-09-09,2406,2020-06-06,1422,277,2,6,5,5,2406,0,0,0,,0,020,"H ST","WEST 23RD ST",0.00,,Y,A,-,N,,,,,,,,,,Y,3,0,2,4,A,-,03,22350,,N,D,C,A,A,H,-,A,D,0,,,,Y,Y,,A,01,0,1,1,0,0,0,0,0,0,"- ","- ",,,MERCED,MERCED,-120.47390747070312,37.305221557617188
91146070,2019,2019-12-18,9460,2019-12-10,1558,019005,,2,2,9,2400,0,3,5,,2,030,"WALNUT AVENUE","CYPRESS AVE",0.00,,Y,B,-,N,,,,,,,,,,Y,4,0,2,2,A,-,09,21801,A,N,A,C,A,A,H,-,A,D,0,,,,,Y,,A,01,0,0,2,0,0,0,0,0,0,"- ","- ",37.389358520507812,-120.62254333496094,MERCED,UNINCORPORATED,-120.62255859375,37.389389038085938
9114621,2020,2020-09-14,2406,2020-06-16,1746,279,2,2,5,5,2406,0,0,0,,0,020,"WEST 16TH ST","MARTIN LUTHER KING JR WY",20.00,E,N,A,-,N,,,,,,,,,,Y,3,0,1,2,A,-,12,21453,A,N,D,C,A,A,H,-,A,A,0,,,,,Y,,-,"- ",0,1,0,0,0,0,0,0,0,"- ","- ",,,MERCED,MERCED,-120.48086547851562,37.299297332763672
91147028,2019,2019-12-19,9460,2019-12-12,0545,015305,,4,3,9,2400,0,2,4,,1,042,"WINTON WAY","SANTA FE DRIVE",0.00,,Y,A,-,N,,,,,,,,,,Y,3,0,2,2,A,-,01,23152,A,F,D,C,A,A,H,-,C,A,0,,,,,Y,Y,A,01,0,2,0,0,0,0,0,0,0,"- ","- ",37.385810852050781,-120.61348724365234,MERCED,UNINCORPORATED,-120.61347961425781,37.385791778564453
91147081,2019,2019-12-19,9460,2019-12-15,1127,018673,,7,1,9,2400,0,3,5,,2,060,"ARGUELLO DR","RODONDO CT",16.00,E,N,A,-,N,,,,,,,,,,N,4,0,1,2,A,-,08,22107,,N,D,E,A,A,H,-,A,D,0,,,,,Y,,A,01,0,0,1,0,0,0,0,0,0,"- ","- ",37.283058166503906,-120.32328033447266,MERCED,UNINCORPORATED,-120.3233642578125,37.283100128173828
9114917,2020,2020-09-04,2406,2020-06-11,1214,201,2,4,5,5,2406,0,0,0,,0,020,"CANAL ST","W 18TH ST",200.00,N,N,A,-,N,,,,,,,,,,N,4,0,1,2,D,-,00,,,N,D,G,A,A,H,-,A,D,0,,Y,,,Y,,-,"- ",0,0,1,0,0,0,1,0,0,"- ","- ",,,MERCED,MERCED,-120.48248291015625,37.302936553955078
9114918,2020,2020-09-04,2406,2020-06-11,1544,129,NORTH,4,5,5,2406,0,0,0,,0,010,"EAST YOSEMITE AV","PARSONS AV",3.00,W,N,A,-,N,,,,,,,,,,N,4,0,1,2,A,-,08,22107,,N,C,G,A,A,H,-,A,A,0,,Y,,,Y,,L,04,0,0,1,0,0,0,1,0,0,"- ","- ",,,MERCED,MERCED,-120.45097351074219,37.332141876220703
91150393,2019,2019-12-23,9461,2019-12-15,0400,018910,,7,3,9,2400,0,1,1,,2,205,"INTERSTATE 5 NORTHBOUND","ARBURUA ROAD",3696.00,N,N,B,-,Y,,,5,,,,,,N,Y,2,0,2,1,A,-,08,22107,,N,F,A,A,A,H,-,D,D,0,,,,,Y,,A,01,1,1,0,0,0,0,0,0,0,"- ","- ",36.972599029541016,-120.89089965820312,MERCED,UNINCORPORATED,-120.89090728759766,36.97259521484375
91150406,2019,2019-12-23,9461,2019-12-16,0440,020385,,1,3,9,2400,0,1,3,,2,453,"SR-152 E/B","COYOTE DR",1478.00,W,N,A,-,Y,,,,,,,,,,Y,3,0,1,1,A,-,08,22107,,N,E,I,A,A,H,-,D,D,0,,,,,Y,,A,01,0,1,0,0,0,0,0,0,0,"- ","- ",37.076499938964844,-120.51483154296875,MERCED,UNINCORPORATED,-120.51459503173828,37.074634552001953
91150421,2019,2019-12-23,9461,2019-12-17,1507,021280,,2,2,9,2400,0,1,1,,2,206,"I-5 S/B",SR-165,4224.00,S,N,A,-,Y,,,5,,,,,,S,Y,4,0,1,2,A,-,03,22350,,N,C,C,A,A,H,-,A,D,0,,,,Y,Y,,G,25,0,0,1,0,0,0,0,0,0,"- ","- ",36.919139862060547,-120.82926177978516,MERCED,UNINCORPORATED,-120.82926177978516,36.919136047363281
91150472,2019,2019-12-23,9461,2019-12-19,0625,017329,,4,1,9,2400,0,1,3,,1,152,"SR-152 E/B","MERCED/SANTA CLARA COUNTY LINE",5280.00,E,N,B,-,Y,,,152,,,,,,E,N,4,0,1,1,A,-,08,22107,,N,E,I,A,B,H,-,D,D,0,,,,,Y,,A,07,0,0,1,0,0,0,0,0,0,"- ","- ",37.07659912109375,-121.20736694335938,MERCED,UNINCORPORATED,-121.20738983154297,37.076633453369141
91150649,2019,2019-12-23,9461,2019-12-20,0115,018910,,5,3,9,2400,0,1,3,,1,153,"STATE ROUTE 152 EASTBOUND","COLLEGE ENTRANCE",10.00,W,N,B,-,Y,,,152,,,,,,E,Y,3,0,1,1,A,-,01,23152,A,N,E,I,A,A,H,-,D,A,0,,,,,Y,Y,D,22,0,1,0,0,0,0,0,0,0,"- ","- ",37.056568145751953,-120.89424896240234,MERCED,UNINCORPORATED,-120.89424896240234,37.056655883789062
91151821,2019,2019-12-31,9461,2019-11-11,2500,021854,,1,4,9,2400,0,1,1,,2,205,"INTERSTATE-5 SOUTHBOUND","STATE ROUTE-165",4224.00,N,N,A,-,Y,,,5,,,,,,S,Y,1,1,0,2,A,-,08,22107,,F,G,B,E,A,H,-,D,D,0,Y,,,,Y,,-,99,0,0,0,1,0,0,0,0,0,"- ","- ",36.940158843994141,-120.85272979736328,MERCED,UNINCORPORATED,-120.85272979736328,36.940158843994141
9115208,2020,2020-09-02,2406,2020-06-08,1606,144,,1,5,5,2406,0,0,0,,0,331,"T ST","WEST 8TH ST",3.00,S,N,A,-,N,,,,,,,,,,Y,4,0,2,2,A,-,12,22450,A,N,D,C,A,A,H,-,A,A,0,,,,,Y,,A,01,0,0,2,0,0,0,0,0,0,"- ","- ",,,MERCED,MERCED,-120.50074768066406,37.296573638916016
9115212,2020,2020-09-02,2406,2020-06-10,1941,283,1,3,5,5,2406,0,0,0,,0,010,"PARK AV","G ST",4.00,W,N,A,-,N,,,,,,,,,,N,3,0,1,2,A,-,10,21950,A,N,G,B,B,A,H,-,A,D,0,Y,,,,Y,,D,22,0,1,0,0,1,0,0,0,0,"- ","- ",,,MERCED,MERCED,-120.46953582763672,37.311859130859375
9115216,2020,2020-09-02,2406,2020-06-11,1442,201,2,4,5,5,2406,0,0,0,,0,020,"G ST","W 15TH  ST",0.00,,Y,A,-,N,,,,,,,,,,N,4,0,1,2,A,-,09,21801,A,N,D,C,A,A,H,-,A,D,0,,,,,Y,,D,22,0,0,1,0,0,0,0,0,0,"- ","- ",,,MERCED,MERCED,-120.47718048095703,37.296379089355469
9115286,2020,2020-08-31,2406,2020-06-10,1336,271,2,3,5,5,2406,0,0,0,,0,021,"WEST 16TH ST","R ST",150.00,E,N,A,-,N,,,,,,,,,,Y,4,0,2,2,A,-,05,21460,A,N,D,C,A,A,H,-,A,D,0,,,,,Y,,A,07,0,0,2,0,0,0,0,0,0,"- ","- ",,,MERCED,MERCED,-120.49253082275391,37.303573608398438
9115287,2020,2020-08-31,2406,2020-06-08,1940,237,20,1,5,5,2406,0,0,0,,0,002,"H ST","16TH ST",0.00,,Y,A,-,N,,,,,,,,,,N,3,0,1,2,A,-,06,21760,C,N,B,G,A,A,H,-,A,A,0,,Y,,,Y,,-,99,0,1,0,0,0,0,1,0,0,"- ","- ",,,MERCED,MERCED,-120.47788238525391,37.298210144042969
9115288,2020,2020-08-31,2406,2020-06-08,1335,129,CENTR,1,5,5,2406,0,0,0,,0,021,"WEST 23RD ST","U ST",0.00,,Y,A,-,N,,,,,,,,,,Y,4,0,1,2,A,-,09,21802,A,N,D,C,A,A,H,-,A,A,0,,,,,Y,,A,07,0,0,1,0,0,0,0,0,0,"- ","- ",,,MERCED,MERCED,-120.49346160888672,37.312381744384766
9115289,2020,2020-08-31,2406,2020-06-04,2122,276,1,4,5,5,2406,0,0,0,,0,010,"M ST","WEST OLIVE AV",0.00,,Y,A,-,N,,,,,,,,,,N,3,0,1,2,A,-,10,21950,A,N,D,G,A,A,H,-,C,A,0,,Y,,,Y,,A,07,0,1,0,0,0,0,1,0,0,"- ","- ",,,MERCED,MERCED,-120.47844696044922,37.319221496582031
9115290,2020,2020-08-31,2406,2020-06-03,1637,129,SOUTH,3,5,5,2406,0,0,0,,0,031,"WEST 10TH ST","V ST",0.00,,Y,A,-,N,,,,,,,,,,Y,4,0,2,2,A,-,09,21802,A,N,D,C,A,A,H,-,A,A,0,,,,,Y,,A,01,0,0,2,0,0,0,0,0,0,"- ","- ",,,MERCED,MERCED,-120.50258636474609,37.299659729003906
9115291,2020,2020-08-31,2406,2020-06-01,1946,260,3,1,5,5,2406,0,0,0,,0,031,"WEST 11TH ST","CANAL ST",0.00,,Y,A,-,N,,,,,,,,,,Y,4,0,1,2,A,-,12,22450,A,N,D,C,A,A,H,-,A,A,0,,,,,Y,,A,01,0,0,1,0,0,0,0,0,0,"- ","- ",,,MERCED,MERCED,-120.48695373535156,37.295131683349609
91153870,2019,2019-12-27,9460,2019-12-17,2120,018951,,2,2,9,2400,0,1,3,,2,002,"PARSONS AVENUE","NORTH BEAR CREEK DRIVE",0.00,,Y,A,-,N,,,,,,,,,,Y,2,0,1,1,A,-,03,22350,,N,E,I,A,A,H,-,C,D,0,,,,,Y,,A,01,1,0,0,0,0,0,0,0,0,"- ","- ",37.309829711914062,-120.45137786865234,MERCED,UNINCORPORATED,-120.45140075683594,37.310009002685547
91153900,2019,2019-12-27,9461,2019-12-19,0705,021188,,4,1,9,2400,0,3,5,,2,010,"HUNT ROAD","SULLIVAN ROAD",20.00,S,N,E,-,N,,,,,,,,,,Y,3,0,1,2,A,-,03,22350,,N,C,C,A,B,H,-,A,D,0,,,,,Y,,A,01,0,1,0,0,0,0,0,0,0,"- ","- ",37.245639801025391,-120.99437713623047,MERCED,UNINCORPORATED,-120.99437713623047,37.245704650878906
91153929,2019,2019-12-27,9460,2019-12-19,0225,020822,,4,3,9,2400,0,3,5,,2,040,"MYRTLE AVE","PERIDOT AVE",137.00,W,N,A,-,N,,,,,,,,,,Y,3,0,1,1,A,-,01,23152,A,N,E,I,A,A,H,-,C,D,0,,,,,Y,Y,A,01,0,1,0,0,0,0,0,0,0,"- ","- ",37.393081665039062,-120.60772705078125,MERCED,UNINCORPORATED,-120.60741424560547,37.393039703369141
91154318,2019,2020-01-06,9461,2019-12-19,1800,021056,,4,2,9,2400,0,2,4,,1,115,"HENRY MILLER AVE W/B","MONROE AVE",528.00,W,N,A,-,N,,,,,,,,,,Y,4,0,3,3,A,-,03,22350,,N,B,C,A,A,H,-,D,D,0,,,,,Y,,A,07,0,0,3,0,0,0,0,0,0,"- ","- ",37.099990844726562,-120.88371276855469,MERCED,UNINCORPORATED,-120.88205718994141,37.099971771240234
91154392,2019,2019-12-27,9461,2019-12-21,0920,017329,,6,1,9,2400,0,1,1,,2,206,"I-5 S/B","LAGUNA SECA CREEK",4224.00,N,N,B,-,Y,,,5,,,,,,S,N,4,0,1,2,A,-,03,22350,,N,C,C,A,A,H,-,A,D,0,,,,,Y,,A,01,0,0,1,0,0,0,0,0,0,"- ","- ",36.901420593261719,-120.81166839599609,MERCED,UNINCORPORATED,-120.81167602539062,36.901412963867188
91155243,2019,2019-12-30,9460,2019-12-22,2346,021320,,7,3,9,2400,0,1,3,,2,002,"SR-99 S/B","WESTSIDE BLVD",1584.00,S,N,C,-,Y,,,99,,,,,,S,Y,4,0,1,2,A,-,03,22350,,N,C,C,A,B,H,-,D,D,0,,,,,Y,,A,07,0,0,1,0,0,0,0,0,0,"- ","- ",37.359291076660156,-120.64421081542969,MERCED,UNINCORPORATED,-120.64419555664062,37.359317779541016
91155325,2019,2019-12-30,9460,2019-12-24,1250,019500,,2,1,9,2400,0,3,5,,2,030,"BEACHWOOD DR","LOBO AVE",0.00,,Y,A,-,N,,,,,,,,,,N,4,0,1,2,D,-,00,,,N,D,C,A,A,H,-,A,A,0,,,,,Y,,-,"- ",0,0,1,0,0,0,0,0,0,"- ","- ",37.324478149414062,-120.52809143066406,MERCED,UNINCORPORATED,-120.528076171875,37.324508666992188
91155639,2019,2019-12-30,9460,2019-12-20,1750,017827,,5,2,9,2400,0,1,3,,1,591,SR-59,"MISSION AVE",0.00,,Y,A,-,Y,,,59,,,,,,,Y,3,0,1,2,A,-,12,22450,A,N,D,C,A,A,H,-,D,A,0,,,,,Y,,A,07,0,1,0,0,0,0,0,0,0,"- ","- ",37.273910522460938,-120.48789978027344,MERCED,UNINCORPORATED,-120.48783874511719,37.273906707763672
91155797,2019,2019-12-30,9460,2019-12-23,2005,019806,,1,2,9,2400,0,1,3,,2,001,"SR-99 S/B","SOUTH AVE",4224.00,S,N,B,-,Y,,,99,,,,,,S,Y,2,0,3,3,A,-,03,22350,,N,C,C,A,A,H,-,D,D,0,,,,,Y,,A,07,1,1,1,0,0,0,0,0,0,"- ","- ",37.417129516601562,-120.76033020019531,MERCED,UNINCORPORATED,-120.76032257080078,37.417133331298828
9115592,2020,2020-07-14,2406,2020-06-10,1649,201,11,3,5,5,2406,0,0,0,,0,000,"G ST","BEAR CREEK DR",171.00,N,N,A,-,N,,,,,,,,,,N,3,0,1,2,A,-,05,21650,1,N,D,G,A,A,H,-,A,D,0,,Y,,,Y,,L,04,0,1,0,0,0,0,1,0,0,"- ","- ",,,MERCED,MERCED,-120.46945953369141,37.309871673583984
91156156,2019,2019-12-31,9460,2019-12-22,2328,020967,,7,3,9,2400,0,3,5,,2,020,"AUGUST AVE","SHANKS RD",528.00,W,N,B,C,N,,,,,,,,,,Y,4,0,1,1,A,-,08,22107,,N,E,I,A,B,H,-,D,D,0,,,,,Y,,A,01,0,0,1,0,0,0,0,0,0,"- ","- ",37.419551849365234,-120.78816223144531,MERCED,UNINCORPORATED,-120.78815460205078,37.419570922851562
91156214,2019,2019-12-31,9460,2019-12-23,2034,019005,,1,2,9,2400,0,1,3,,2,003,"SR-99 N/B","SOUTH AVENUE",528.00,S,N,B,-,Y,,,99,,,,,,N,Y,4,0,1,2,A,-,09,21801,A,N,C,C,A,A,H,-,D,D,0,,,,,Y,,A,01,0,0,1,0,0,0,0,0,0,"- ","- ",37.425411224365234,-120.77059173583984,MERCED,UNINCORPORATED,-120.77056884765625,37.425434112548828
91157351,2019,2020-01-02,9461,2019-12-23,1100,014933,,1,1,9,2400,0,1,3,,1,452,"SR-152 E/B","COZZI RD.",0.00,,Y,B,-,Y,,,152,,,,,,E,Y,2,0,1,2,A,-,09,21802,A,N,D,C,A,A,H,-,A,A,0,,,,Y,Y,,F,26,1,0,0,0,0,0,0,0,0,"- ","- ",37.054130554199219,-120.68985748291016,MERCED,UNINCORPORATED,-120.68985748291016,37.054180145263672
91157474,2019,2020-01-06,9461,2019-12-24,0745,017329,,2,1,9,2400,0,1,1,,2,105,"I-5 S/B","BUTTS ROAD",189.00,S,N,A,-,Y,,,5,,,,,,S,Y,3,0,1,2,A,-,08,22107,,N,B,C,A,A,H,-,A,D,0,,,,Y,Y,,A,01,0,1,0,0,0,0,0,0,0,"- ","- ",37.157291412353516,-121.05020904541016,MERCED,UNINCORPORATED,-121.05027008056641,37.157249450683594
91158127,2019,2020-01-02,9460,2019-12-21,1730,019838,,6,2,9,2400,0,3,5,,2,030,"WALNUT AVE","CENTRAL AVE",0.00,,Y,A,-,N,,,,,,,,,,Y,2,0,4,2,A,-,01,23152,A,N,D,C,A,A,H,-,D,D,0,,,,,Y,Y,D,22,3,1,0,0,0,0,0,0,0,"- ","- ",37.389400482177734,-120.64990234375,MERCED,UNINCORPORATED,-120.64990234375,37.389350891113281
91158944,2019,2020-01-03,9460,2019-12-29,1940,019918,,7,2,9,2400,0,3,5,,2,040,"OAKDALE RD","BUHACH RD",195.00,W,N,B,C,N,,,,,,,,,,Y,3,0,1,1,A,-,08,22107,,N,E,I,A,B,H,-,D,D,0,,,,,Y,,A,01,0,1,0,0,0,0,0,0,0,"- ","- ",37.439849853515625,-120.57691955566406,MERCED,UNINCORPORATED,-120.57650756835938,37.439853668212891
91159004,2019,2020-01-03,9460,2019-12-31,1509,019918,,2,2,9,2400,0,1,3,,1,165,SR-165,"AUGUST AVE",40.00,N,N,A,-,Y,,,165,,,,,,,Y,4,0,1,2,A,-,03,22350,,N,C,C,A,A,H,-,A,D,0,,,Y,,Y,,C,02,0,0,1,0,0,0,0,0,1,"- ","- ",37.419040679931641,-120.84999847412109,MERCED,UNINCORPORATED,-120.84998321533203,37.419040679931641
91159084,2019,2020-11-12,9460,2019-10-24,0525,016476,,4,3,9,2400,0,3,5,,2,020,"SANTA FE DRIVE","LINWOOD RD.",4224.00,N,N,A,-,N,,,,,,,,,,Y,1,2,2,2,A,-,01,23152,F,N,A,C,A,A,H,-,D,D,0,,,,,Y,,A,01,1,0,1,0,0,0,0,0,0,"- ","- ",37.484901428222656,-120.75446319580078,MERCED,UNINCORPORATED,-120.75466918945312,37.485023498535156
91160851,2019,2020-02-06,9461,2019-12-31,1035,014933,,2,1,9,2400,0,1,3,,2,453,"SR-152 E/B",SR-59,180.00,W,N,B,-,Y,,,152,,,,,,E,Y,3,0,2,2,A,-,03,22350,,N,C,C,A,A,H,-,A,D,0,,,,,Y,,A,08,0,2,0,0,0,0,0,0,0,"- ","- ",37.083000183105469,-120.49346160888672,MERCED,UNINCORPORATED,-120.49345397949219,37.082962036132812
91160998,2019,2020-01-14,9460,2019-12-27,2119,017827,,5,2,5,2406,0,1,3,,2,003,"SR-99 N/B FROM V ST.","V ST.",705.00,N,N,A,-,Y,,,99,,,,R,,N,Y,2,0,1,2,A,-,01,23152,A,N,C,C,A,A,H,-,C,D,0,,,,Y,Y,Y,A,07,1,0,0,0,0,0,0,0,0,"- ","- ",37.304309844970703,-120.50309753417969,MERCED,MERCED,-120.50309753417969,37.304309844970703
91161491,2019,2020-01-08,9460,2019-12-19,1820,019286,,4,2,9,2400,0,3,5,,2,020,"TRINA LANE","KENNETH WAY",3.00,W,N,A,-,N,,,,,,,,,,N,4,0,1,2,A,-,10,21950,A,N,G,B,B,A,H,-,C,D,0,Y,,,,Y,,A,01,0,0,1,0,1,0,0,0,0,"- ","- ",37.434761047363281,-120.79332733154297,MERCED,UNINCORPORATED,-120.79322052001953,37.434761047363281
91161685,2020,2020-01-08,9460,2020-01-01,0252,020967,,3,3,9,2400,0,3,5,,2,030,"OLIVE AVE","WESTSIDE BLVD",125.00,S,N,A,-,N,,,,,,,,,,Y,4,0,1,1,A,-,01,23152,A,N,F,A,A,A,H,-,D,D,0,,,,,Y,Y,A,07,0,0,1,0,0,0,0,0,0,"- ","- ",37.360279083251953,-120.64380645751953,MERCED,UNINCORPORATED,-120.64376068115234,37.360401153564453
91161689,2020,2020-01-08,9461,2020-01-06,1120,020351,,1,1,9,2400,0,1,3,,1,103,"STATE ROUTE 33","COTTONWOOD RD",645.00,N,N,A,-,Y,,,33,,,,,,,Y,2,0,2,2,A,-,08,22107,,N,B,C,A,A,H,-,A,D,0,,,,,Y,,A,01,1,1,0,0,0,0,0,0,0,"- ","- ",37.189548492431641,-121.01258850097656,MERCED,UNINCORPORATED,-121.01262664794922,37.189552307128906
91161704,2020,2020-01-08,9461,2020-01-06,1454,021280,,1,2,9,2400,0,1,3,,1,152,"SR-152 E/B","DINOSAUR POINT RD.",3696.00,E,N,A,-,Y,,,152,,,,,,E,Y,4,0,1,1,A,-,08,22107,,N,E,I,A,A,H,-,A,D,0,,,,,Y,,E,22,0,0,1,0,0,0,0,0,0,"- ","- ",37.074249267578125,-121.20963287353516,MERCED,UNINCORPORATED,-121.20964813232422,37.074260711669922
91161764,2020,2020-01-08,9460,2020-01-01,2500,017167,,3,4,9,2400,0,3,5,,2,030,"ASHBY RD","FRANKLIN RD",1056.00,W,N,A,-,N,,,,,,,,,,Y,4,0,1,1,A,-,03,22350,,M,E,I,A,A,H,-,A,D,0,,,,,Y,,A,01,0,0,1,0,0,0,0,0,0,"- ","- ",37.323078155517578,-120.54570770263672,MERCED,UNINCORPORATED,-120.54570770263672,37.3231201171875
91161851,2020,2020-01-08,9460,2020-01-06,2300,020857,,1,3,9,2400,0,2,4,,1,101,"WESTSIDE BLVD",SR-165,10.00,W,N,E,-,N,,,,,,,,,,Y,4,0,1,1,A,-,12,22450,A,N,E,I,A,B,H,-,D,A,0,,,,,Y,,A,01,0,0,1,0,0,0,0,0,0,"- ","- ",37.360450744628906,-120.84877777099609,MERCED,UNINCORPORATED,-120.84963989257812,37.360691070556641
91161867,2020,2020-01-08,9460,2020-01-03,1725,021407,,5,2,9,2400,0,1,3,,2,001,"SR-99 S/B","COLLIER RD",2640.00,N,N,A,-,Y,,,99,,,,,,S,N,4,0,1,2,A,-,03,22350,,N,C,C,A,A,H,-,C,D,0,,,,,Y,,A,07,0,0,1,0,0,0,0,0,0,"- ","- ",37.414379119873047,-120.75717926025391,MERCED,UNINCORPORATED,-120.75719451904297,37.414363861083984
91162117,2020,2020-01-09,9460,2020-01-03,0300,018951,,5,3,9,2400,0,1,3,,1,590,"STATE ROUTE 59","BELCHER AVENUE",18.00,N,N,A,-,Y,,,59,,,,,,,Y,3,0,1,1,A,-,01,23152,A,N,E,I,A,A,H,-,D,D,0,,,,,Y,Y,A,01,0,1,0,0,0,0,0,0,0,"- ","- ",37.339218139648438,-120.50422668457031,MERCED,UNINCORPORATED,-120.50434112548828,37.339237213134766
91162726,2020,2020-01-09,9461,2020-01-04,1445,021056,,6,2,9,2400,0,2,4,,1,115,"HENRY MILLER AVE W/B","VOLTA RD",2112.00,E,N,A,-,N,,,,,,,,,,Y,3,0,3,2,A,-,03,22350,,N,C,C,A,A,H,-,A,D,0,,,,,Y,,A,01,0,1,2,0,0,0,0,0,0,"- ","- ",37.100090026855469,-120.91851043701172,MERCED,UNINCORPORATED,-120.91806793212891,37.100078582763672
91163079,2020,2020-01-10,9460,2020-01-01,0322,021320,,3,3,9,2400,0,3,5,,2,010,"GOLF LINK RD","FOWLER ROAD",27.00,S,N,A,-,N,,,,,,,,,,Y,3,0,1,1,A,-,01,23152,A,N,E,I,A,A,H,-,C,D,0,,,,,Y,Y,D,22,0,1,0,0,0,0,0,0,0,"- ","- ",37.440238952636719,-120.83122253417969,MERCED,UNINCORPORATED,-120.83115386962891,37.440277099609375
91163302,2020,2020-01-14,9461,2020-01-08,1250,020351,,3,1,9,2400,0,1,3,,1,103,"STATE ROUTE 33","BUNKER RD",1160.00,N,N,A,-,Y,,,33,,,,,,,Y,4,0,2,3,A,-,03,22350,,N,C,C,A,A,H,-,A,D,0,,,,,Y,,A,01,0,0,2,0,0,0,0,0,0,"- ","- ",37.176559448242188,-121.01313018798828,MERCED,UNINCORPORATED,-121.01311492919922,37.176559448242188
91163419,2020,2020-01-14,9461,2020-01-09,0655,020351,,4,1,9,2400,0,1,3,,1,152,"STATE ROUTE 152 EASTBOUND","DINOSAUR POINT ROAD",5280.00,E,N,C,-,Y,,,152,,,,,,E,Y,4,0,1,1,A,-,08,22107,,N,E,I,A,B,H,-,D,D,0,,,,,Y,,A,01,0,0,1,0,0,0,0,0,0,"- ","- ",37.076831817626953,-121.20703887939453,MERCED,UNINCORPORATED,-121.20702362060547,37.076797485351562
91164123,2020,2020-01-13,9460,2020-01-02,1810,018778,,4,2,9,2400,0,3,5,,2,080,"CHILDS AVE","BRANTLEY ST",559.00,W,N,A,-,N,,,,,,,,,,Y,3,0,5,2,A,-,05,21460,A,N,A,C,A,A,H,-,D,D,0,,,,,Y,,A,01,0,1,4,0,0,0,0,0,0,"- ","- ",37.287910461425781,-120.46517944335938,MERCED,UNINCORPORATED,-120.46487426757812,37.287933349609375