CASE_ID,ACCIDENT_YEAR,PROC_DATE,JURIS,COLLISION_DATE,COLLISION_TIME,OFFICER_ID,REPORTING_DISTRICT,DAY_OF_WEEK,CHP_SHIFT,POPULATION,CNTY_CITY_LOC,SPECIAL_COND,BEAT_TYPE,CHP_BEAT_TYPE,CITY_DIVISION_LAPD,CHP_BEAT_CLASS,BEAT_NUMBER,PRIMARY_RD,SECONDARY_RD,DISTANCE,DIRECTION,INTERSECTION,WEATHER_1,WEATHER_2,STATE_HWY_IND,CALTRANS_COUNTY,CALTRANS_DISTRICT,STATE_ROUTE,ROUTE_SUFFIX,POSTMILE_PREFIX,POSTMILE,LOCATION_TYPE,RAMP_INTERSECTION,SIDE_OF_HWY,TOW_AWAY,COLLISION_SEVERITY,NUMBER_KILLED,NUMBER_INJURED,PARTY_COUNT,PRIMARY_COLL_FACTOR,PCF_CODE_OF_VIOL,PCF_VIOL_CATEGORY,PCF_VIOLATION,PCF_VIOL_SUBSECTION,HIT_AND_RUN,TYPE_OF_COLLISION,MVIW,PED_ACTION,ROAD_SURFACE,ROAD_COND_1,ROAD_COND_2,LIGHTING,CONTROL_DEVICE,CHP_ROAD_TYPE,PEDESTRIAN_ACCIDENT,BICYCLE_ACCIDENT,MOTORCYCLE_ACCIDENT,TRUCK_ACCIDENT,NOT_PRIVATE_PROPERTY,ALCOHOL_INVOLVED,STWD_VEHTYPE_AT_FAULT,CHP_VEHTYPE_AT_FAULT,COUNT_SEVERE_INJ,COUNT_VISIBLE_INJ,COUNT_COMPLAINT_PAIN,COUNT_PED_KILLED,COUNT_PED_INJURED,COUNT_BICYCLIST_KILLED,COUNT_BICYCLIST_INJURED,COUNT_MC_KILLED,COUNT_MC_INJURED,PRIMARY_RAMP,SECONDARY_RAMP,LATITUDE,LONGITUDE,COUNTY,CITY,POINT_X,POINT_Y
91164603,2020,2020-01-13,9460,2020-01-08,1537,021320,,3,2,9,2400,0,3,5,,2,030,"W DICKENSON FERRY ROAD","GURR RD",3168.00,E,N,A,-,N,,,,,,,,,,Y,4,0,1,1,A,-,08,22107,,N,F,A,A,A,H,-,A,D,0,,,,,Y,,A,01,0,0,1,0,0,0,0,0,0,"- ","- ",37.273208618164062,-120.54840850830078,MERCED,UNINCORPORATED,-120.54940795898438,37.273159027099609
91165512,2019,2020-01-14,9460,2019-11-17,0640,017343,,7,1,9,2400,0,1,3,,1,590,SR-59,"W. BELLEVUE RD.",1056.00,N,N,A,-,Y,,,59,,,,,,,N,1,1,0,2,A,-,11,21954,A,N,G,B,E,A,H,-,A,D,0,Y,,,,Y,,N,60,0,0,0,1,0,0,0,0,0,"- ","- ",37.364608764648438,-120.50331115722656,MERCED,UNINCORPORATED,-120.50331115722656,37.364608764648438
91165518,2019,2020-01-14,9460,2019-10-24,2500,021150,,4,4,9,2400,0,1,3,,1,165,SR-165,"WESTSIDE BLVD",1056.00,S,N,A,-,N,,,165,,,,,,,Y,1,1,0,1,A,-,01,23152,A,N,E,I,A,A,H,-,D,D,0,,,Y,,Y,Y,C,02,0,0,0,0,0,0,0,1,0,"- ","- ",37.358310699462891,-120.85012054443359,MERCED,UNINCORPORATED,-120.85033416748047,37.358310699462891
91166552,2019,2020-01-16,9461,2019-12-20,1748,021280,,5,2,9,2400,0,3,5,,2,020,"POLE LINE ROAD","EAGLE FIELD ROAD",3960.00,N,N,A,-,N,,,,,,,,,,Y,1,1,1,3,A,-,03,22350,,N,C,C,E,A,H,-,D,D,0,Y,,,,Y,,A,01,0,1,0,1,0,0,0,0,0,"- ","- ",36.902591705322266,-120.80650329589844,MERCED,UNINCORPORATED,-120.80645751953125,36.902549743652344
91167020,2020,2020-01-16,9461,2020-01-13,1910,021378,,1,2,9,2400,0,1,3,,1,152,"SR-152 W/B","ROMERO VISITOR CENTER",1584.00,E,N,A,-,Y,,,152,,,,,,W,Y,4,0,1,1,A,-,08,22107,,N,E,I,A,A,H,-,D,D,0,,,,,Y,,D,22,0,0,1,0,0,0,0,0,0,"- ","- ",37.082809448242188,-121.09597778320312,MERCED,UNINCORPORATED,-121.09597015380859,37.082874298095703
91167166,2020,2020-01-16,9460,2020-01-06,1122,017167,,1,1,9,2400,0,3,5,,2,040,"MERCEDES AVE","WINTON WAY",0.00,,Y,B,-,N,,,,,,,,,,Y,3,0,2,2,A,-,09,21802,A,N,D,C,A,A,H,-,A,A,0,,,,Y,Y,,A,01,0,2,0,0,0,0,0,0,0,"- ","- ",37.411140441894531,-120.61302185058594,MERCED,UNINCORPORATED,-120.61302185058594,37.411128997802734
9116719,2020,2020-07-14,2406,2020-06-19,1310,162,2,5,5,5,2406,0,0,0,,0,020,"G ST","WEST 16TH ST",35.00,S,N,A,-,N,,,,,,,,,,N,4,0,1,2,A,-,21,22106,,N,C,C,A,-,H,-,A,A,0,,,,,Y,,J,48,0,0,1,0,0,0,0,0,0,"- ","- ",,,MERCED,MERCED,-120.47644805908203,37.297595977783203
91167765,2020,2020-03-06,9461,2020-01-11,2155,021126,,6,2,9,2400,0,3,5,,2,050,"CARMELLIA AVENUE","PALM AVENUE",0.00,,Y,B,-,N,,,,,,,,,,Y,3,0,2,2,A,-,12,22450,A,N,D,C,A,A,H,-,D,A,0,,,,,Y,,A,07,0,1,1,0,0,0,0,0,0,"- ","- ",36.996250152587891,-120.61753845214844,MERCED,UNINCORPORATED,-120.61759185791016,36.996231079101562
91167788,2020,2020-01-17,9460,2020-01-07,2100,019005,,2,2,9,2400,0,1,3,,2,002,"SR-99 N/B TO FRANKLIN ROAD","ASHBY ROAD",610.00,S,N,A,-,Y,,,99,,,,R,,N,Y,4,0,1,1,C,-,18,,,N,E,I,A,A,H,-,C,D,0,,,,,Y,,-,"- ",0,0,1,0,0,0,0,0,0,"- ","- ",37.321369171142578,-120.54102325439453,MERCED,UNINCORPORATED,-120.54102325439453,37.321369171142578
91168092,2020,2020-01-20,9461,2020-01-11,1605,021056,,6,2,9,2400,0,2,4,,1,410,"TURNER ISLAND RD N/B","ERRECA RD",290.00,N,N,B,-,N,,,,,,,,,,Y,3,0,2,1,A,-,08,22107,,N,F,A,A,A,H,-,A,D,0,,,,,Y,,A,07,0,2,0,0,0,0,0,0,0,"- ","- ",37.150100708007812,-120.70089721679688,MERCED,UNINCORPORATED,-120.700927734375,37.150222778320312
91168361,2020,2020-01-20,9461,2020-01-14,1720,021280,,2,2,9,2400,0,1,3,,1,152,"SR-152 E/B","BASALT RD.",0.00,,Y,A,-,Y,,,152,,,,,,E,Y,4,0,3,2,A,-,03,22350,,N,C,C,A,A,H,-,B,D,0,,,,,Y,,A,01,0,0,3,0,0,0,0,0,0,"- ","- ",37.060871124267578,-121.05754089355469,MERCED,UNINCORPORATED,-121.05754852294922,37.060848236083984
91168362,2020,2020-01-20,9461,2020-01-14,1205,017329,,2,1,9,2400,0,3,5,,2,040,"HUTCHINS ROAD","CARLUCCI ROAD",4224.00,E,N,A,-,N,,,,,,,,,,Y,3,0,1,1,A,-,08,22107,,N,E,I,A,A,H,-,A,D,0,,,,,Y,,A,07,0,1,0,0,0,0,0,0,0,"- ","- ",37.089748382568359,-120.67009735107422,MERCED,UNINCORPORATED,-120.67060852050781,37.09033203125
91168369,2020,2020-01-20,9461,2020-01-16,1635,021056,,4,2,9,2400,0,3,5,,2,020,"CENTER AVE N/B","PIONEER AVE",0.00,,Y,B,-,N,,,,,,,,,,N,4,0,1,2,A,-,09,21802,A,N,D,C,A,A,H,-,A,A,0,,,,,Y,,D,22,0,0,1,0,0,0,0,0,0,"- ","- ",37.042369842529297,-120.85378265380859,MERCED,UNINCORPORATED,-120.85379028320312,37.0423583984375
91168795,2020,2020-01-21,9461,2020-01-17,0515,021126,,5,3,9,2400,0,3,5,,2,050,SR-33,"SHAIN AVENUE",0.00,,Y,E,-,Y,,,33,,,,,,,N,4,0,1,2,A,-,21,22106,,N,C,C,A,A,H,-,D,A,0,,,,,Y,,-,99,0,0,1,0,0,0,0,0,0,"- ","- ",36.967239379882812,-120.63574981689453,MERCED,UNINCORPORATED,-120.63564300537109,36.967239379882812
91169494,2020,2020-01-21,9460,2020-01-13,1632,018422,,1,2,9,2400,0,3,5,,2,040,"FRANKLIN RD.","BELLEVUE RD.",1056.00,N,N,B,-,N,,,,,,,,,,Y,3,0,1,1,A,-,08,22107,,N,E,I,A,A,H,-,A,D,0,,,,,Y,,A,01,0,1,0,0,0,0,0,0,0,"- ","- ",37.36370849609375,-120.54033660888672,MERCED,UNINCORPORATED,-120.54027557373047,37.363597869873047
91169508,2020,2020-01-23,9461,2020-01-08,0035,021387,,3,3,9,2400,0,1,1,,2,105,"I-5 SOUTHBOUND","STATE ROUTE 140",6864.00,S,N,E,-,Y,,,5,,,,,,S,Y,1,1,4,3,A,-,08,22107,,N,B,D,A,B,H,-,D,D,0,,,,Y,Y,,G,25,0,3,1,0,0,0,0,0,0,"- ","- ",37.226959228515625,-121.084228515625,MERCED,UNINCORPORATED,-121.08419799804688,37.226970672607422
91170356,2020,2020-01-22,9460,2020-01-13,0650,015398,,1,1,9,2400,0,3,5,,2,010,"GRIFFITH ROAD","BRADBURY ROAD",975.00,N,N,A,-,N,,,,,,,,,,N,2,0,1,2,A,-,08,22107,,F,G,B,F,A,H,-,B,D,0,Y,,,,Y,,D,22,1,0,0,0,1,0,0,0,0,"- ","- ",37.451568603515625,-120.81268310546875,MERCED,UNINCORPORATED,-120.81259918212891,37.4515380859375
91170626,2020,2020-01-22,9460,2020-01-10,1709,019500,,5,2,9,2400,0,3,5,,2,040,"TURLOCK RD.","DRY CREEK RD",5280.00,E,N,A,-,N,,,,,,,,,,Y,3,0,1,1,A,-,08,22107,,N,F,A,A,A,H,-,D,D,0,,,,,Y,,D,22,0,1,0,0,0,0,0,0,0,"- ","- ",37.480701446533203,-120.57395172119141,MERCED,UNINCORPORATED,-120.56919097900391,37.484016418457031
91170663,2020,2020-01-22,9460,2020-01-11,2040,019500,,6,2,9,2400,0,3,5,,2,010,"AMERICAN AVE","PEACOCK WAY",0.00,,Y,A,-,N,,,,,,,,,,Y,3,0,1,1,A,-,01,23152,A,N,F,A,A,A,H,-,C,D,0,,,,,Y,Y,D,22,0,1,0,0,0,0,0,0,0,"- ","- ",37.411579132080078,-120.85867309570312,MERCED,UNINCORPORATED,-120.85868072509766,37.411609649658203
91170703,2020,2020-01-22,9460,2020-01-05,1456,019500,,7,2,9,2400,0,3,5,,2,020,"EL CAPITAN WAY","CORTEZ AVE",890.00,S,N,A,-,N,,,,,,,,,,N,4,0,1,2,A,-,03,22350,,F,C,C,A,A,H,-,A,D,0,,,,,Y,Y,D,22,0,0,1,0,0,0,0,0,0,"- ","- ",37.43389892578125,-120.74349975585938,MERCED,UNINCORPORATED,-120.74027252197266,37.433788299560547
91170809,2020,2020-01-22,9460,2020-01-11,1744,019005,,6,2,9,2400,0,1,3,,1,590,SR-59,"SNELLING ROAD",528.00,S,N,A,-,Y,,,59,,,,,,,Y,2,0,1,1,A,-,01,23152,A,N,E,I,A,A,H,-,D,D,0,,,,,Y,Y,D,22,1,0,0,0,0,0,0,0,0,"- ","- ",37.515300750732422,-120.45519256591797,MERCED,UNINCORPORATED,-120.45518493652344,37.515285491943359
91171211,2020,2020-03-25,9460,2020-01-16,1542,018292,,4,2,9,2400,0,1,3,,1,165,SR-165,"DAYTON AVE",201.00,N,N,B,-,Y,,,165,,,,,,,Y,4,0,2,2,A,-,09,21804,A,N,D,C,A,B,H,-,A,D,0,,,,,Y,,A,07,0,0,2,0,0,0,0,0,0,"- ","- ",37.398738861083984,-120.85021209716797,MERCED,UNINCORPORATED,-120.85019683837891,37.398738861083984
91171313,2020,2020-01-23,9460,2020-01-14,0709,015398,,2,1,9,2400,0,1,3,,2,001,"SR-99 N/B","SOUTH AVE.",1901.00,N,N,B,C,Y,,,99,,,,,,N,Y,2,0,2,3,A,-,03,22350,,N,C,C,A,B,H,-,A,D,0,,,,,Y,,D,22,1,1,0,0,0,0,0,0,0,"- ","- ",37.430431365966797,-120.77506256103516,MERCED,UNINCORPORATED,-120.77506256103516,37.430431365966797
91172944,2020,2020-01-24,9460,2020-01-13,2340,020952,,1,3,9,2400,0,1,3,,2,002,"STATE ROUTE 99 (SOUTHBOUND)","FRANKLIN ROAD",5280.00,S,N,A,-,Y,,,99,,,,,,,Y,2,0,1,1,A,-,01,23152,A,N,E,J,A,A,H,-,D,D,0,,,,,Y,Y,A,01,1,0,0,0,0,0,0,0,0,"- ","- ",37.315021514892578,-120.52529144287109,MERCED,UNINCORPORATED,-120.5252685546875,37.315078735351562
91173019,2020,2020-01-24,9460,2020-01-12,0530,018806,,7,3,9,2400,0,3,5,,2,060,"EAST SOUTH BEAR CREEK DRIVE","PLAINSBURG ROAD",2640.00,W,N,A,-,N,,,,,,,,,,Y,3,0,1,1,A,-,01,23152,A,N,E,I,A,A,H,-,D,D,0,,,,,Y,Y,D,22,0,1,0,0,0,0,0,0,0,"- ","- ",37.323318481445312,-120.33403015136719,MERCED,UNINCORPORATED,-120.333574,37.323574999999998
91173076,2020,2020-01-24,9460,2020-01-20,0115,021150,,1,3,9,2400,0,1,3,,2,003,"SR-99 N/B","MISSION AVE",1584.00,S,N,A,-,Y,,,99,,,,,,N,Y,4,0,1,1,A,-,08,22107,,N,E,I,A,A,H,-,C,D,0,,,,,Y,,A,01,0,0,1,0,0,0,0,0,0,"- ","- ",37.2711181640625,-120.43401336669922,MERCED,UNINCORPORATED,-120.43403625488281,37.271102905273438
91173109,2020,2020-01-24,9460,2020-01-17,0220,018951,,5,3,9,2400,0,1,3,,2,002,"STATE ROUTE 99 (NORTHBOUND)","APPLEGATE ROAD",2112.00,N,N,A,-,Y,,,,,,,,,,Y,3,0,1,1,A,-,08,22107,,N,E,I,A,A,H,-,D,D,0,,,,,Y,,A,01,0,1,0,0,0,0,0,0,0,"- ","- ",37.348239898681641,-120.62097930908203,MERCED,UNINCORPORATED,-120.61982727050781,37.347087860107422
91173384,2020,2020-01-24,9460,2020-01-24,0749,018922,,5,1,9,2400,0,3,5,,2,040,"BEACHWOOD DRIVE","BELCHER AVENUE",0.00,,Y,E,-,N,,,,,,,,,,Y,4,0,1,2,A,-,09,21802,A,N,D,C,A,B,H,-,A,A,0,,,,,Y,,A,01,0,0,1,0,0,0,0,0,0,"- ","- ",37.338970184326172,-120.52728271484375,MERCED,UNINCORPORATED,-120.52732849121094,37.3389892578125
91173403,2020,2020-01-24,9460,2020-01-24,0750,018922,,5,1,9,2400,0,3,5,,2,040,"BELCHER AVENUE","BEACHWOOD DRIVE",120.00,E,N,E,-,N,,,,,,,,,,Y,4,0,1,3,A,-,03,22350,,N,C,C,A,B,H,-,A,D,0,,,,,Y,,A,01,0,0,1,0,0,0,0,0,0,"- ","- ",37.338970184326172,-120.52675628662109,MERCED,UNINCORPORATED,-120.52691650390625,37.338993072509766
91173972,2020,2020-01-27,9460,2020-01-10,2500,020967,,5,4,9,2400,0,3,5,,2,010,"BLOSS AVE","COLUMBUS AVE",1056.00,W,N,A,-,N,,,,,,,,,,Y,3,0,1,1,A,-,08,22107,,M,E,I,A,A,H,-,D,D,0,,,,,Y,,D,22,0,1,0,0,0,0,0,0,0,"- ","- ",37.404380798339844,-120.87193298339844,MERCED,UNINCORPORATED,-120.87198638916016,37.404415130615234
91174106,2020,2020-01-27,9460,2020-01-22,0010,020967,,3,3,9,2400,0,3,5,,2,010,"WILLIAMS AVE",SR-165,2640.00,W,N,B,C,N,,,,,,,,,,Y,4,0,1,1,A,-,08,22107,,N,E,I,A,B,H,-,D,D,0,,,,,Y,,D,22,0,0,1,0,0,0,0,0,0,"- ","- ",37.389888763427734,-120.86054992675781,MERCED,UNINCORPORATED,-120.85943603515625,37.389839172363281
91174636,2020,2020-01-27,9460,2020-01-13,1605,018603,,1,2,9,2400,0,3,5,,2,030,"ATWATER MERCED EXPRESSWAY",SR-99,1056.00,E,N,A,-,N,,,,,,,,,,Y,4,0,2,2,A,-,01,23152,A,N,B,C,A,A,H,-,A,D,0,,,,,Y,Y,A,07,0,0,2,0,0,0,0,0,0,"- ","- ",37.335289001464844,-120.56620788574219,MERCED,UNINCORPORATED,-120.56781005859375,37.332351684570312
91174896,2020,2020-01-28,9461,2020-01-23,1130,017329,,4,1,9,2400,0,1,3,,1,152,"SR-152 E/B","MERCED/SANTA CLARA COUNTY LINE",5280.00,E,N,B,-,Y,,,,,,,,,,Y,4,0,1,1,A,-,08,22107,,N,E,I,A,A,H,-,A,D,0,,,,,Y,,A,01,0,0,1,0,0,0,0,0,0,"- ","- ",,,MERCED,UNINCORPORATED,,
91175001,2020,2020-01-28,9461,2020-01-24,1830,021280,,5,2,9,2400,0,2,4,,1,115,"HENRY MILLER AVE.","WILSON RD.",136.00,E,N,A,-,N,,,,,,,,,,Y,3,0,2,1,A,-,08,22107,,N,E,I,A,A,H,-,D,D,0,,,,,Y,,A,01,0,2,0,0,0,0,0,0,0,"- ","- ",37.099948883056641,-120.86992645263672,MERCED,UNINCORPORATED,-120.87073516845703,37.100006103515625
91175588,2020,2020-01-28,9460,2020-01-19,2110,019838,,7,2,9,2400,0,1,3,,2,002,"SOUTHERN PACIFIC AVE","BUHACH ROAD",591.00,W,N,A,-,N,,,,,,,,,,Y,2,0,2,1,A,-,01,23152,A,N,E,J,A,A,H,-,D,D,0,,,,,Y,Y,A,07,2,0,0,0,0,0,0,0,0,"- ","- ",37.333301544189453,-120.57649993896484,MERCED,UNINCORPORATED,,
91175796,2020,2020-01-29,9460,2020-01-17,2225,018951,,5,3,9,2400,0,3,5,,2,040,"BELCHER AVENUE","THORNTON ROAD",1041.00,E,N,A,-,N,,,,,,,,,,Y,2,0,2,3,A,-,01,23152,A,N,D,C,A,A,H,-,D,D,0,,,,,Y,Y,A,01,1,1,0,0,0,0,0,0,0,"- ","- ",37.339038848876953,-120.51886749267578,MERCED,UNINCORPORATED,-120.51889801025391,37.339069366455078
91175870,2020,2020-01-29,9460,2020-01-21,1750,014541,,2,2,9,2400,0,3,5,,2,030,"SHAFFER ROAD","GERTRUDE AVENUE",89.00,N,N,B,-,N,,,,,,,,,,N,4,0,1,2,A,-,08,22107,,N,D,C,A,A,H,-,C,D,0,,,,,Y,,A,01,0,0,1,0,0,0,0,0,0,"- ","- ",37.373870849609375,-120.59564971923828,MERCED,UNINCORPORATED,-120.59555053710938,37.373863220214844
91176828,2020,2020-01-30,9460,2020-01-27,0755,014541,,1,1,9,2400,0,1,3,,1,165,"STATE ROUTE 165","CAMPBELL STREET",128.00,S,N,A,-,Y,,,,,,,,,,N,4,0,1,2,A,-,03,22350,,N,C,C,A,A,H,-,A,D,0,,,,,Y,,A,01,0,0,1,0,0,0,0,0,0,"- ","- ",37.401668548583984,-120.95024108886719,MERCED,UNINCORPORATED,-120.85017395019531,37.401748657226562
91176900,2020,2020-01-30,9461,2020-01-26,0148,021387,,7,3,9,2400,0,1,3,,1,103,"SR-33 N/B","VERA CRUZ DR",2640.00,S,N,A,-,Y,,,33,,,,,,N,Y,2,0,1,1,A,-,01,23152,A,N,E,I,A,A,H,-,D,D,0,,,,,Y,Y,A,01,1,0,0,0,0,0,0,0,0,"- ","- ",37.083061218261719,-121.01616668701172,MERCED,UNINCORPORATED,-121.01606750488281,37.083057403564453
91176932,2020,2020-01-30,9461,2020-01-29,0215,018910,,3,3,9,2400,0,1,3,,1,465,"STATE ROUTE 165","SALT SLOUGH BRIDGE 39-0209",1056.00,N,N,A,-,Y,,,165,,,,,,,Y,4,0,1,1,A,-,01,23152,A,N,F,A,A,A,H,-,D,D,0,,,,,Y,Y,A,01,0,0,1,0,0,0,0,0,0,"- ","- ",37.250640869140625,-120.85209655761719,MERCED,UNINCORPORATED,-120.85203552246094,37.250640869140625
91176982,2020,2020-01-30,9460,2020-01-16,1045,019286,,4,1,9,2400,0,3,5,,2,010,"AUGUST AVENUE","FAITH HOME ROAD",0.00,,Y,B,-,N,,,,,,,,,,Y,2,0,2,2,C,-,18,,,N,D,C,A,A,H,-,A,B,0,,,,,Y,,-,"- ",1,0,1,0,0,0,0,0,0,"- ","- ",37.419300079345703,-120.92237091064453,MERCED,UNINCORPORATED,-120.92234039306641,37.419281005859375
91177153,2020,2020-01-30,9460,2020-01-24,0640,018806,,5,1,9,2400,0,3,5,,2,040,"OAKDALE ROAD","SHAFFER ROAD",2640.00,W,N,B,E,N,,,,,,,,,,Y,3,0,1,2,A,-,03,22350,,N,C,C,A,A,H,-,B,D,0,,,,,Y,,D,22,0,1,0,0,0,0,0,0,0,"- ","- ",37.448501586914062,-120.60032653808594,MERCED,UNINCORPORATED,-120.60152435302734,37.449310302734375
91177579,2020,2020-01-31,9460,2020-01-19,0153,020840,,7,3,3,2401,0,1,3,,2,002,"SR-99 S/B","WEST ATWATER BOULEVARD",550.00,S,N,A,-,Y,,,99,,,,,,S,N,3,0,1,1,A,-,01,23152,A,N,E,I,A,A,H,-,D,D,0,,,,,Y,Y,A,01,0,1,0,0,0,0,0,0,0,"- ","- ",37.350051879882812,-120.62323760986328,MERCED,ATWATER,-120.62322235107422,37.350067138671875
91177596,2020,2020-02-20,9460,2020-01-24,2208,020099,,5,3,9,2400,0,1,3,,2,001,"SR-99 S/B","SHANKS RD",152.00,N,N,A,-,Y,,,99,,,,,,S,Y,2,0,2,1,A,-,01,23152,A,N,E,I,A,A,H,-,D,D,0,,,,,Y,Y,A,01,1,1,0,0,0,0,0,0,0,"- ","- ",37.437309265136719,-120.78411865234375,MERCED,UNINCORPORATED,-120.78406524658203,37.4373779296875
91177916,2020,2020-02-03,9460,2020-01-25,1520,021150,,6,2,9,2400,0,1,3,,1,591,SR-59,"SANDY MUSH RD",2112.00,S,N,A,-,Y,,,59,,,,,,,Y,4,0,1,1,A,-,08,22107,,N,E,I,A,A,H,-,A,D,0,,,,,Y,,A,01,0,0,1,0,0,0,0,0,0,"- ","- ",37.179111480712891,-120.49185943603516,MERCED,UNINCORPORATED,-120.49185180664062,37.179107666015625
91178491,2020,2020-02-03,9461,2020-01-24,1650,021280,,5,2,9,2400,0,1,1,,2,105,"I-5 S/B","COTTONWOOD RD.",2640.00,N,N,A,-,Y,,,5,,,,,,S,Y,3,0,3,2,A,-,08,22107,,N,B,C,A,A,H,-,A,D,0,,,,,Y,,A,01,0,2,1,0,0,0,0,0,0,"- ","- ",37.195701599121094,-121.07534790039062,MERCED,UNINCORPORATED,-121.07538604736328,37.195682525634766
91178681,2020,2020-02-03,9460,2020-01-27,2033,019005,,1,2,9,2400,0,3,5,,2,040,"BELCHER AVE","SANTA FE DRIVE",20.00,E,N,A,-,N,,,,,,,,,,Y,4,0,1,1,A,-,03,22350,,N,F,A,A,A,H,-,D,D,0,,,Y,,Y,,C,02,0,0,1,0,0,0,0,0,1,"- ","- ",37.338939666748047,-120.53790283203125,MERCED,UNINCORPORATED,-120.53778839111328,37.338733673095703
91178897,2020,2020-02-03,9460,2020-01-24,1756,021320,,5,2,9,2400,0,1,3,,2,001,"SR-99 N/B","MAIN ST.",1584.00,N,N,A,-,Y,,,,,,,,,,Y,4,0,1,2,A,-,03,22350,,N,C,C,A,A,H,-,C,D,0,,,,,Y,,A,01,0,0,1,0,0,0,0,0,0,"- ","- ",37.388919830322266,-120.72836303710938,MERCED,UNINCORPORATED,-120.72747039794922,37.388992309570312
91179082,2020,2020-02-06,9461,2020-01-31,0542,020351,,5,3,9,2400,0,1,1,,2,205,"I-5 N/B","ARBURUA RD",1120.00,S,N,A,-,Y,,,5,,,,,,N,Y,3,0,1,1,A,-,08,22107,,N,F,A,A,A,H,-,D,D,0,,,,,Y,,A,08,0,1,0,0,0,0,0,0,0,"- ","- ",36.963508605957031,-120.88052368164062,MERCED,UNINCORPORATED,-120.88059997558594,36.963417053222656
91179736,2020,2020-02-06,9461,2020-01-24,0802,014933,,5,1,9,2400,0,1,3,,2,453,"SR-152 E/B","FLANAGAN RD.",0.00,,Y,E,-,Y,,,152,,,,,,E,Y,2,0,2,2,A,-,09,21802,A,N,D,C,A,A,H,-,A,A,0,,,,Y,Y,,F,27,1,1,0,0,0,0,0,0,0,"- ","- ",37.069190979003906,-120.52861022949219,MERCED,UNINCORPORATED,-120.52860260009766,37.069164276123047
91180693,2020,2020-02-05,9460,2020-02-03,0540,015759,,1,3,9,2400,0,2,4,,1,101,"WESTSIDE BLVD","ROBIN AVENUE",1056.00,E,N,A,-,N,,,,,,,,,,Y,3,0,1,1,A,-,01,23152,A,N,E,I,A,A,H,-,D,D,0,,,,,Y,Y,A,01,0,1,0,0,0,0,0,0,0,"- ","- ",37.213748931884766,-120.44171905517578,MERCED,UNINCORPORATED,-120.73827362060547,37.360458374023438
91180703,2020,2020-02-05,9460,2020-01-28,1810,018778,,2,2,9,2400,0,3,5,,2,030,"W. CHINA BAR DR","DRAKE AVE",330.00,W,N,A,-,N,,,,,,,,,,Y,4,0,1,2,A,-,08,22107,,N,C,E,A,A,H,-,C,D,0,,,,,Y,,A,01,0,0,1,0,0,0,0,0,0,"- ","- ",37.326061248779297,-120.52484130859375,MERCED,UNINCORPORATED,-120.52483367919922,37.326065063476562
91180834,2020,2020-02-05,9460,2020-01-24,1640,019838,,5,2,9,2400,0,1,3,,2,002,"ASHBY RD","FERN ST",0.00,,Y,A,-,N,,,,,,,,,,N,2,0,1,2,A,-,11,21954,A,N,G,B,D,A,H,-,A,D,0,Y,,,,Y,,N,60,1,0,0,0,1,0,0,0,0,"- ","- ",37.317100524902344,-120.52970123291016,MERCED,UNINCORPORATED,-120.52967071533203,37.317150115966797
91180889,2020,2020-02-05,9460,2020-01-25,1839,019838,,6,2,9,2400,0,3,5,,2,030,"OLIVE AVENUE","LIBERTY AVENUE",785.00,S,N,A,-,N,,,,,,,,,,Y,4,0,1,2,A,-,01,23152,A,N,B,C,A,A,H,-,D,D,0,,,,,Y,Y,A,01,0,0,1,0,0,0,0,0,0,"- ","- ",37.372798919677734,-120.6781005859375,MERCED,UNINCORPORATED,-120.67812347412109,37.372745513916016
91181645,2020,2020-02-11,9461,2020-01-14,1605,021378,,2,2,9,2400,0,1,3,,1,152,"STATE ROUTE 152","STATE ROUTE 33",3696.00,W,N,A,-,Y,,,152,,,,,,,Y,1,1,2,4,A,-,08,22107,,N,D,C,A,A,H,-,A,D,0,,,,Y,Y,Y,A,01,1,0,1,0,0,0,0,0,0,"- ","- ",37.056789398193359,-121.02983856201172,MERCED,UNINCORPORATED,-121.02983856201172,37.056797027587891
91181924,2020,2020-02-06,9460,2020-01-29,2035,018292,,3,2,9,2400,0,3,5,,2,100,"BLOSS AVE.","GRIFFITH AVE",3696.00,W,N,A,-,N,,,,,,,,,,Y,3,0,1,1,A,-,08,22107,,N,E,I,A,A,H,-,D,D,0,,,,,Y,,A,01,0,1,0,0,0,0,0,0,0,"- ","- ",37.404251098632812,-120.82636260986328,MERCED,UNINCORPORATED,-120.82626342773438,37.404075622558594
91182441,2020,2020-02-07,9460,2020-02-06,1400,018603,,4,2,9,2400,0,3,5,,2,020,"SCHENDEL AVE","SHANKS RD",0.00,,Y,A,-,N,,,,,,,,,,N,4,0,1,2,A,-,09,21800,A,N,D,C,A,A,H,-,A,A,0,,,,,Y,,A,07,0,0,1,0,0,0,0,0,0,"- ","- ",37.426788330078125,-120.78616333007812,MERCED,UNINCORPORATED,-120.78617095947266,37.426788330078125