CASE_ID,ACCIDENT_YEAR,PROC_DATE,JURIS,COLLISION_DATE,COLLISION_TIME,OFFICER_ID,REPORTING_DISTRICT,DAY_OF_WEEK,CHP_SHIFT,POPULATION,CNTY_CITY_LOC,SPECIAL_COND,BEAT_TYPE,CHP_BEAT_TYPE,CITY_DIVISION_LAPD,CHP_BEAT_CLASS,BEAT_NUMBER,PRIMARY_RD,SECONDARY_RD,DISTANCE,DIRECTION,INTERSECTION,WEATHER_1,WEATHER_2,STATE_HWY_IND,CALTRANS_COUNTY,CALTRANS_DISTRICT,STATE_ROUTE,ROUTE_SUFFIX,POSTMILE_PREFIX,POSTMILE,LOCATION_TYPE,RAMP_INTERSECTION,SIDE_OF_HWY,TOW_AWAY,COLLISION_SEVERITY,NUMBER_KILLED,NUMBER_INJURED,PARTY_COUNT,PRIMARY_COLL_FACTOR,PCF_CODE_OF_VIOL,PCF_VIOL_CATEGORY,PCF_VIOLATION,PCF_VIOL_SUBSECTION,HIT_AND_RUN,TYPE_OF_COLLISION,MVIW,PED_ACTION,ROAD_SURFACE,ROAD_COND_1,ROAD_COND_2,LIGHTING,CONTROL_DEVICE,CHP_ROAD_TYPE,PEDESTRIAN_ACCIDENT,BICYCLE_ACCIDENT,MOTORCYCLE_ACCIDENT,TRUCK_ACCIDENT,NOT_PRIVATE_PROPERTY,ALCOHOL_INVOLVED,STWD_VEHTYPE_AT_FAULT,CHP_VEHTYPE_AT_FAULT,COUNT_SEVERE_INJ,COUNT_VISIBLE_INJ,COUNT_COMPLAINT_PAIN,COUNT_PED_KILLED,COUNT_PED_INJURED,COUNT_BICYCLIST_KILLED,COUNT_BICYCLIST_INJURED,COUNT_MC_KILLED,COUNT_MC_INJURED,PRIMARY_RAMP,SECONDARY_RAMP,LATITUDE,LONGITUDE,COUNTY,CITY,POINT_X,POINT_Y
91183271,2020,2020-02-10,9460,2020-01-29,0955,017167,,3,1,9,2400,0,2,4,,1,041,"SANTA FE DRIVE","AVENUE 2",0.00,,Y,A,-,N,,,,,,,,,,Y,2,0,3,2,A,-,09,21801,A,N,D,C,A,A,H,-,A,D,0,,,,,Y,,D,22,1,0,2,0,0,0,0,0,0,"- ","- ",37.349788665771484,-120.55583953857422,MERCED,UNINCORPORATED,-120.55526733398438,37.349578857421875
91183506,2020,2020-02-10,9460,2020-02-03,1440,018922,,1,2,9,2400,0,3,5,,2,070,"PLAINSBURG ROAD","HARVEY PETIT ROAD",594.00,S,N,A,-,N,,,,,,,,,,Y,2,0,1,2,A,-,03,22350,,N,C,C,A,A,H,-,A,D,0,,,,,Y,,A,01,1,0,0,0,0,0,0,0,0,"- ","- ",37.190048217773438,-120.33048248291016,MERCED,UNINCORPORATED,-120.33032989501953,37.190151214599609
91183953,2020,2020-02-10,9460,2020-01-30,1225,017167,,4,1,9,2400,0,3,5,,2,040,"SHAFFER RD","PALM AVE",1056.00,S,N,A,-,N,,,,,,,,,,Y,2,0,1,1,A,-,08,22107,,N,E,I,A,A,H,-,A,D,0,,,,,Y,,A,07,1,0,0,0,0,0,0,0,0,"- ","- ",37.415939331054688,-120.59474182128906,MERCED,UNINCORPORATED,-120.59474945068359,37.415531158447266
91184043,2020,2020-02-10,9460,2020-02-01,1445,018778,,6,2,9,2400,0,3,5,,2,030,"VINE AVE","ALMOND AVE",1056.00,S,N,A,-,N,,,,,,,,,,Y,3,0,1,1,A,-,01,23152,A,N,E,I,A,A,H,-,A,D,0,,,,,Y,Y,A,01,0,1,0,0,0,0,0,0,0,"- ","- ",37.378868103027344,-120.63185119628906,MERCED,UNINCORPORATED,-120.63182067871094,37.379341125488281
91184404,2020,2020-02-11,9460,2020-02-05,1512,017827,,3,2,9,2400,0,3,5,,2,050,"MCKEE RD","STRETCH RD",528.00,N,N,A,-,N,,,,,,,,,,Y,3,0,1,4,A,-,03,22350,,N,C,C,A,A,H,-,A,D,0,,,,,Y,,A,01,0,1,0,0,0,0,0,0,0,"- ","- ",37.30255126953125,-120.44497680664062,MERCED,UNINCORPORATED,-120.44503784179688,37.301769256591797
91185685,2020,2020-02-12,9460,2020-02-08,1444,019005,,6,2,9,2400,0,1,3,,1,165,"STATE HIGHWAY 165","AUGUST AVE",190.00,N,N,A,-,Y,,,165,,,,,,,Y,4,0,1,2,A,-,03,22350,,N,C,C,A,A,H,-,A,A,0,,,,,Y,,A,01,0,0,1,0,0,0,0,0,0,"- ","- ",37.419460296630859,-120.84999847412109,MERCED,UNINCORPORATED,-120.8499755859375,37.419460296630859
91186002,2020,2020-02-13,9460,2020-02-11,1840,018603,,2,2,9,2400,0,3,5,,2,020,"VINCENT RD","SHANKS RD",0.00,,Y,A,-,N,,,,,,,,,,Y,4,0,2,2,A,-,09,21801,A,N,A,C,A,A,H,-,C,D,0,,,,,Y,,A,07,0,0,2,0,0,0,0,0,0,"- ","- ",37.438800811767578,-120.77667236328125,MERCED,UNINCORPORATED,-120.77667999267578,37.438819885253906
91186039,2020,2020-02-13,9460,2020-02-07,2330,020967,,5,3,9,2400,0,3,5,,2,010,"TURNER AVE","FAITH HOME RD",15.00,E,N,A,-,N,,,,,,,,,,Y,2,0,1,1,A,-,01,23152,A,N,E,I,A,A,H,-,D,D,0,,,,,Y,Y,D,22,1,0,0,0,0,0,0,0,0,"- ","- ",37.372188568115234,-120.92272186279297,MERCED,UNINCORPORATED,-120.92296600341797,37.372161865234375
91186777,2020,2020-02-14,9461,2020-02-11,0715,014933,,2,1,9,2400,0,1,3,,2,453,"SR-152 E/B","INDIANA AVE.",18.00,E,N,A,-,Y,,,152,,,,,,E,N,4,0,1,2,A,-,21,22106,,N,C,C,A,A,H,-,A,A,0,,,,,Y,,A,01,0,0,1,0,0,0,0,0,0,"- ","- ",37.047618865966797,-120.59456634521484,MERCED,UNINCORPORATED,-120.59457397460938,37.047645568847656
91186785,2020,2020-02-14,9461,2020-02-12,0905,017329,,3,1,9,2400,0,3,5,,2,010,"NANTES AVENUE","CAPRI AVENUE",1584.00,N,N,A,-,N,,,,,,,,,,Y,3,0,1,1,A,-,08,22107,,N,E,I,A,A,H,-,A,D,0,,,,,Y,,A,01,0,1,0,0,0,0,0,0,0,"- ","- ",37.089790344238281,-120.85305023193359,MERCED,UNINCORPORATED,-120.85321044921875,37.088649749755859
91187129,2020,2020-02-14,9461,2020-02-10,0935,017183,,1,1,9,2400,0,3,5,,2,020,"ORTIGALITA RD","PIONEER RD",0.00,,Y,A,-,N,,,,,,,,,,Y,4,0,1,2,A,-,09,21802,A,N,D,C,A,A,H,-,A,A,0,,,,,Y,,A,07,0,0,1,0,0,0,0,0,0,"- ","- ",37.042209625244141,-120.8721923828125,MERCED,UNINCORPORATED,-120.87223052978516,37.042179107666016
91187331,2020,2020-02-17,9460,2020-02-14,2009,019500,,5,2,9,2400,0,3,5,,2,010,"AUGUST AVE","GRIFFITH AVE",1600.00,W,N,A,-,N,,,,,,,,,,Y,3,0,1,1,A,-,08,22107,,N,E,I,A,A,H,-,A,D,0,,,,,Y,,A,01,0,1,0,0,0,0,0,0,0,"- ","- ",37.4185791015625,-120.81993103027344,MERCED,UNINCORPORATED,-120.81877899169922,37.418651580810547
9118761,2020,2020-07-23,2404,2020-01-26,0005,X48,,7,5,3,2404,0,0,0,,0,,"PEACH AV","HAMMATT AV",27.00,E,N,C,-,N,,,,,,,,,,Y,4,0,1,2,A,-,03,22350,,F,C,C,A,B,H,-,C,D,0,,,,,Y,,-,99,0,0,1,0,0,0,0,0,0,"- ","- ",37.375030517578125,-120.71431732177734,MERCED,LIVINGSTON,-120.7142333984375,37.375038146972656
9118762,2020,2020-07-29,2404,2020-01-26,1441,X53,,7,5,3,2404,0,0,0,,0,,"DWIGHT WY","AUTRY LN",4.00,S,N,A,-,N,,,,,,,,,,Y,2,0,1,2,A,-,08,22107,,N,D,C,A,A,H,-,A,D,0,,,Y,,Y,,A,01,1,0,0,0,0,0,0,0,0,"- ","- ",37.389560699462891,-120.70496368408203,MERCED,LIVINGSTON,-120.70509338378906,37.384468078613281
91187670,2020,2020-02-17,9460,2020-02-09,1852,019005,,7,2,9,2400,0,1,3,,1,165,"LANDER AVE","FOURTH STREET",0.00,,Y,A,-,Y,,,,,,,,,,N,3,0,1,2,A,-,11,21954,A,N,G,B,D,A,H,-,D,D,0,Y,,,,Y,Y,N,60,0,1,0,0,1,0,0,0,0,"- ","- ",37.410560607910156,-120.85002899169922,MERCED,UNINCORPORATED,-120.85005700000001,37.410527000000002
91188454,2020,2020-02-18,9460,2020-02-11,0810,017167,,2,1,9,2400,0,3,5,,2,040,"AMSTERDAM RD","YOUD RD",1056.00,N,N,A,-,N,,,,,,,,,,Y,4,0,1,1,A,-,08,22107,,N,E,I,A,A,H,-,A,D,0,,,,,Y,,A,01,0,0,1,0,0,0,0,0,0,"- ","- ",37.444671630859375,-120.53952026367188,MERCED,UNINCORPORATED,-120.53952026367188,37.445228576660156
91188530,2020,2020-02-18,9460,2020-02-13,1800,018922,,4,2,9,2400,0,2,4,,1,052,"LAKE ROAD","CARDELLA ROAD",1056.00,N,N,A,-,N,,,,,,,,,,Y,4,0,1,2,A,-,03,22350,,N,C,C,A,A,H,-,B,D,0,,,,,Y,,A,08,0,0,1,0,0,0,0,0,0,"- ","- ",37.350139617919922,-120.43257904052734,MERCED,UNINCORPORATED,-120.43253326416016,37.349758148193359
91188603,2020,2020-02-18,9460,2020-02-08,1700,018778,,6,2,9,2400,0,3,5,,2,030,"FRANKLIN RD","ASHBY RD",0.00,,Y,A,-,Y,,,,,,,,,,Y,3,0,3,2,A,-,12,22450,A,N,D,C,A,A,H,-,A,A,0,,,,,Y,,A,01,0,1,2,0,0,0,0,0,0,"- ","- ",37.323051452636719,-120.54103851318359,MERCED,UNINCORPORATED,-120.54208374023438,37.323089599609375
91188739,2020,2020-02-18,9460,2020-02-14,1125,018422,,5,1,9,2400,0,3,5,,2,040,"SANTA FE DR.","OLIVE AVE.",0.00,,Y,A,-,N,,,,,,,,,,Y,4,0,1,4,A,-,03,22350,,N,C,C,E,A,H,-,A,D,0,Y,,,,Y,,A,07,0,0,1,0,1,0,0,0,0,"- ","- ",37.396881103515625,-120.63133239746094,MERCED,UNINCORPORATED,-120.63134002685547,37.396900177001953
91189725,2020,2020-02-19,9461,2020-02-19,0210,018910,,3,3,9,2400,0,2,4,,1,115,"HENRY MILLER AVENUE","WILSON ROAD",528.00,E,N,A,-,N,,,,,,,,,,Y,3,0,1,1,A,-,08,22107,,N,F,A,A,A,H,-,D,D,0,,,,,Y,,A,01,0,1,0,0,0,0,0,0,0,"- ","- ",37.10015869140625,-120.87003326416016,MERCED,UNINCORPORATED,-120.86939239501953,37.100013732910156
91190388,2020,2020-02-20,9461,2020-02-17,0717,020351,,1,1,9,2400,0,1,1,,2,206,"I-5 N/B","JOHN ERRECA REST AREA",2640.00,N,N,A,-,Y,,,5,,,,,,N,Y,4,0,1,2,A,-,03,22350,,N,C,C,A,A,H,-,A,D,0,,,,Y,Y,,G,25,0,0,1,0,0,0,0,0,0,"- ","- ",36.872589111328125,-120.78904724121094,MERCED,UNINCORPORATED,-120.78907012939453,36.872577667236328
91190763,2020,2020-02-21,9461,2020-02-13,2238,021387,,4,3,9,2400,0,2,4,,1,115,"HENRY MILLER AVENUE","WILSON RD",100.00,E,N,A,-,N,,,,,,,,,,Y,2,0,1,1,A,-,08,22107,,N,E,I,A,A,H,-,D,D,0,,,,,Y,,D,22,1,0,0,0,0,0,0,0,0,"- ","- ",37.100021362304688,-120.8695068359375,MERCED,UNINCORPORATED,-120.87085723876953,37.099998474121094
91192066,2020,2020-02-24,9460,2020-02-12,0930,017167,,3,1,9,2400,0,3,5,,2,050,"LAKE RD","BELLEVUE RD",500.00,N,N,A,-,N,,,,,,,,,,Y,4,0,1,2,A,-,03,22350,,N,C,C,A,A,H,-,A,D,0,,,,,Y,,A,01,0,0,1,0,0,0,0,0,0,"- ","- ",37.362808227539062,-120.43213653564453,MERCED,UNINCORPORATED,-120.43222808837891,37.362564086914062
91192603,2020,2020-02-24,9461,2020-02-20,1905,021854,,4,2,9,2400,0,3,5,,2,040,"WASHINGTON ROAD","HARMON ROAD",5280.00,W,N,A,-,N,,,,,,,,,,Y,2,0,1,2,A,-,01,23152,A,N,B,C,A,A,H,-,D,D,0,,,,,Y,Y,D,22,1,0,0,0,0,0,0,0,0,"- ","- ",37.11328125,-120.58370971679688,MERCED,UNINCORPORATED,-120.58317565917969,37.11328125
91192799,2020,2020-05-26,9461,2020-02-19,1135,020351,,3,1,9,2400,0,1,3,,1,140,SR-140,"WHITWORTH RD",0.00,,Y,A,-,Y,,,140,,,,,,,Y,2,0,1,2,A,-,09,21802,A,N,D,C,A,A,H,-,A,A,0,,,,Y,Y,,A,07,1,0,0,0,0,0,0,0,0,"- ","- ",37.24578857421875,-121.03086090087891,MERCED,UNINCORPORATED,-121.03086090087891,37.245822906494141
91193037,2020,2020-02-25,9460,2020-02-15,1915,019838,,6,2,9,2400,0,3,5,,2,030,"LIVINGSTON CRESSEY RD","CRESSEY WAY",0.00,,Y,A,-,N,,,,,,,,,,Y,2,0,1,1,A,-,01,23152,A,N,E,J,A,A,H,-,D,D,0,,,,,Y,Y,A,01,1,0,0,0,0,0,0,0,0,"- ","- ",37.418498992919922,-120.66770172119141,MERCED,UNINCORPORATED,-120.66766357421875,37.418498992919922
91193076,2020,2020-02-25,9460,2020-02-15,0220,020365,,6,3,9,2400,0,3,5,,2,070,"SANTA FE DR","GERARD AVE",363.00,W,N,A,-,N,,,,,,,,,,Y,3,0,1,1,A,-,01,23152,A,N,F,A,A,A,H,-,D,D,0,,,,,Y,Y,A,01,0,1,0,0,0,0,0,0,0,"- ","- ",37.281509399414062,-120.31153106689453,MERCED,UNINCORPORATED,-120.31163787841797,37.281307220458984
91193411,2020,2020-02-25,9460,2020-02-16,1520,019838,,7,2,9,2400,0,1,3,,2,002,"SR-99 S/B TO BELL LANE","BELL LANE",600.00,E,N,A,-,Y,,,99,,,,R,,S,N,4,0,3,3,A,-,03,22350,,N,B,C,A,A,H,-,A,D,0,,,,,Y,,A,01,0,0,3,0,0,0,0,0,0,"- ","- ",37.34429931640625,-120.61470031738281,MERCED,UNINCORPORATED,-120.61470031738281,37.34429931640625
91193426,2020,2020-02-25,9460,2020-02-18,1615,018603,,2,2,9,2400,0,3,5,,2,010,"WILLIAMS AVE","TEGNER RD",865.00,W,N,A,-,N,,,,,,,,,,Y,4,0,1,1,A,-,08,22107,,N,E,I,A,A,H,-,A,D,0,,,,,Y,,M,46,0,0,1,0,0,0,0,0,0,"- ","- ",37.232398986816406,-120.53230285644531,MERCED,UNINCORPORATED,-120.88974761962891,37.390037536621094
91193524,2020,2020-02-25,9460,2020-02-17,1941,019806,,1,2,9,2400,0,3,5,,2,070,"SANTA FE AVE","CHILDS AVE",0.00,,Y,A,-,N,,,,,,,,,,Y,2,0,1,1,A,-,12,22450,A,N,E,I,A,A,H,-,D,D,0,,,,,Y,,A,01,1,0,0,0,0,0,0,0,0,"- ","- ",37.288211822509766,-120.32032775878906,MERCED,UNINCORPORATED,-120.31983184814453,37.287849426269531
91193533,2020,2020-02-25,9460,2020-02-08,0110,020952,,6,3,9,2400,0,3,5,,2,060,"ARBOLEDA DRIVE","CHILDS AVENUE",528.00,S,N,A,-,N,,,,,,,,,,Y,2,0,2,1,A,-,01,23152,A,N,E,J,A,A,H,-,D,D,0,,,,,Y,Y,A,01,1,1,0,0,0,0,0,0,0,"- ","- ",37.286998748779297,-120.37912750244141,MERCED,UNINCORPORATED,-120.37906646728516,37.288761138916016
91195053,2020,2020-02-27,9460,2020-02-19,2030,018603,,3,2,9,2400,0,1,3,,2,002,"SR-99 S/B","WESTSIDE BLVD",2112.00,N,N,A,-,Y,,,99,,,,,,S,Y,4,0,3,4,A,-,03,22350,,N,C,C,A,A,H,-,D,D,0,,,,,Y,,A,01,0,0,3,0,0,0,0,0,0,"- ","- ",37.363948822021484,-120.65840911865234,MERCED,UNINCORPORATED,-120.65841674804688,37.363925933837891
91198708,2020,2020-02-28,9460,2020-02-26,1845,018922,,3,2,9,2400,0,2,4,,1,031,"WINTON WAY","CRAWFORD STREET",105.00,S,N,A,-,N,,,,,,,,,,Y,4,0,2,3,A,-,03,22350,,N,C,C,A,A,H,-,C,D,0,,,,,Y,,A,01,0,0,2,0,0,0,0,0,0,"- ","- ",37.383628845214844,-120.61345672607422,MERCED,UNINCORPORATED,-120.61355590820312,37.383670806884766
91199681,2020,2020-03-02,9460,2020-02-23,1812,019806,,7,2,9,2400,0,3,5,,2,080,"SANDY MUSH RD","HEALY RD",3168.00,E,N,A,-,N,,,,,,,,,,Y,4,0,1,1,A,-,08,22107,,N,E,I,A,A,H,-,D,D,0,,,,,Y,,A,07,0,0,1,0,0,0,0,0,0,"- ","- ",37.185379028320312,-120.4227294921875,MERCED,UNINCORPORATED,-120.42767333984375,37.185443878173828
91200093,2020,2020-03-17,9461,2020-02-23,1835,021854,,7,2,9,2400,0,1,1,,2,105,"INTERSTATE 5 NORTHBOUND","WHITWORTH ROAD",2112.00,S,N,A,-,Y,,,5,,,,,,N,Y,2,0,1,1,A,-,01,23152,A,N,F,A,A,A,H,-,C,D,0,,,,,Y,Y,D,22,1,0,0,0,0,0,0,0,0,"- ","- ",37.126319885253906,-121.02915954589844,MERCED,UNINCORPORATED,-121.02951049804688,37.126091003417969
91200169,2019,2020-03-02,9460,2019-12-16,2128,021320,,1,2,9,2400,0,2,4,,1,042,"SANTA FE DRIVE","WALLACE ROAD",161.00,W,N,A,-,N,,,,,,,,,,N,1,1,1,3,A,-,11,21956,A,N,G,B,E,A,H,-,D,D,0,Y,,,,Y,,N,60,1,0,0,1,1,0,0,0,0,"- ","- ",37.371700286865234,-120.5908203125,MERCED,UNINCORPORATED,-120.59072875976562,37.371601104736328
91200479,2020,2020-03-03,9460,2020-02-24,2323,018951,,1,3,9,2400,0,1,3,,1,143,"STATE ROUTE 140","PLAINSBURG ROAD",3696.00,W,N,A,-,Y,,,140,,,,,,,Y,3,0,1,1,A,-,01,23152,A,N,E,I,A,A,H,-,D,D,0,,,,,Y,Y,A,07,0,1,0,0,0,0,0,0,0,"- ","- ",37.295600891113281,-120.33822631835938,MERCED,UNINCORPORATED,-120.33823394775391,37.295524597167969
91200789,2020,2020-03-03,9460,2020-02-25,0830,016476,,2,1,9,2400,0,1,3,,2,001,"SR-99 N/B","COLLIER RD",528.00,N,N,A,-,Y,,,99,,,,,,N,Y,4,0,1,2,A,-,03,22350,,N,E,J,A,A,H,-,A,D,0,,,,,Y,,A,01,0,0,1,0,0,0,0,0,0,"- ","- ",37.4097900390625,-120.75286102294922,MERCED,UNINCORPORATED,-120.75278472900391,37.409854888916016
91201299,2020,2020-03-04,9460,2020-02-20,1905,018922,,4,2,9,2400,0,3,5,,2,090,"LONGVIEW AVENUE","PINTO LANE",401.00,W,N,A,-,N,,,,,,,,,,N,2,0,1,2,A,-,09,21804,A,N,H,G,A,A,H,-,D,D,0,,Y,,,Y,,L,04,1,0,0,0,0,0,1,0,0,"- ","- ",37.353050231933594,-120.67566680908203,MERCED,UNINCORPORATED,-120.67547607421875,37.353042602539062
91202180,2020,2020-03-05,9461,2020-02-29,0200,021387,,6,3,9,2400,0,1,3,,1,152,"SR-152 E/B","ROMERO VISITOR CENTER",0.00,,Y,A,-,Y,,,152,,,,,,E,Y,3,0,1,1,A,-,01,23152,A,N,E,I,A,A,H,-,C,D,0,,,,,Y,Y,A,01,0,1,0,0,0,0,0,0,0,"- ","- ",37.083778381347656,-121.1009521484375,MERCED,UNINCORPORATED,-121.10101318359375,37.083518981933594
91203077,2020,2020-03-06,9460,2020-02-25,1625,019005,,2,2,5,2406,0,1,3,,2,003,"SR-99 S/B","G ST",10.00,N,N,A,-,Y,,,99,,,,,,S,Y,4,0,1,2,A,-,08,22107,,N,E,I,A,A,H,-,A,D,0,,,,Y,Y,,A,01,0,0,1,0,0,0,0,0,0,"- ","- ",37.296440124511719,-120.48246765136719,MERCED,MERCED,-120.48248291015625,37.296409606933594
91203236,2020,2020-03-06,9460,2020-02-25,1540,019838,,2,2,9,2400,0,3,5,,2,040,"OAKDALE ROAD","AMSTERDAM RD",3168.00,E,N,A,-,N,,,,,,,,,,Y,4,0,1,1,A,-,08,22107,,N,F,A,A,A,H,-,A,D,0,,,,,Y,,D,22,0,0,1,0,0,0,0,0,0,"- ","- ",37.426700592041016,-120.53359985351562,MERCED,UNINCORPORATED,-120.53221893310547,37.426052093505859
91203313,2020,2020-03-06,9460,2020-02-28,1616,021407,,5,2,9,2400,0,3,5,,2,060,"KIBBY RD",SR-140,2112.00,N,N,A,-,N,,,,,,,,,,Y,4,0,1,2,A,-,09,21804,A,N,D,C,A,A,H,-,A,D,0,,,,Y,Y,,G,25,0,0,1,0,0,0,0,0,0,"- ","- ",37.301898956298828,-120.41519927978516,MERCED,UNINCORPORATED,-120.41522979736328,37.300937652587891
91204233,2020,2020-03-09,9460,2020-02-28,1810,019500,,5,2,9,2400,0,3,5,,2,040,"WALNUT AVE","CALIFORNIA ST",100.00,W,N,B,-,N,,,,,,,,,,N,4,0,1,2,A,-,09,21804,A,N,D,G,A,A,H,-,A,D,0,,Y,,,Y,,L,04,0,0,1,0,0,0,1,0,0,"- ","- ",37.389331817626953,-120.60946655273438,MERCED,UNINCORPORATED,-120.60926055908203,37.389427185058594
91204302,2020,2020-03-09,9460,2020-02-27,2221,020099,,4,3,9,2400,0,1,3,,2,001,"SR-99 S/B","EL CAPITAN AVE",65.00,N,N,A,-,Y,,,99,,,,,,S,Y,3,0,4,5,A,-,03,22350,,N,C,C,A,A,H,-,D,D,0,,,,,Y,,D,22,0,2,2,0,0,0,0,0,0,"- ","- ",37.432590484619141,-120.77757263183594,MERCED,UNINCORPORATED,-120.77770233154297,37.432422637939453
91204333,2020,2020-03-16,9461,2020-03-01,1455,019052,,7,2,9,2400,0,1,3,,1,452,"STATE ROUTE 152 WESTBOUND","TURNER ISLAND ROAD",1056.00,E,N,B,-,Y,,,152,,,,,,W,Y,1,1,0,1,A,-,08,22107,,N,E,I,A,A,H,-,A,D,0,,,,,Y,,A,01,0,0,0,0,0,0,0,0,0,"- ","- ",37.054599761962891,-120.70168304443359,MERCED,UNINCORPORATED,-120.70168304443359,37.054557800292969
91204427,2020,2020-03-09,9460,2020-03-05,1855,018422,,4,2,9,2400,0,2,4,,1,101,"WESTSIDE BLVD.","WEIR AVE.",2112.00,W,N,A,-,N,,,,,,,,,,Y,4,0,1,2,A,-,03,22350,,N,C,C,A,A,H,-,D,D,0,,,,,Y,,A,01,0,0,1,0,0,0,0,0,0,"- ","- ",37.360439300537109,-120.80448150634766,MERCED,UNINCORPORATED,-120.80370330810547,37.360439300537109
91205435,2020,2020-03-10,9460,2020-02-28,1019,017827,,5,1,9,2400,0,1,3,,1,591,SR-59,"CANTON RD.",2640.00,N,N,A,-,Y,,,59,,,,,,,Y,2,0,1,2,A,-,06,21751,,N,B,C,A,A,H,-,A,D,0,,,,,Y,,A,01,1,0,0,0,0,0,0,0,0,"- ","- ",37.207469940185547,-120.48819732666016,MERCED,UNINCORPORATED,-120.48807525634766,37.207469940185547
91205454,2019,2020-03-10,9460,2019-09-20,1423,018778,,5,2,9,2400,0,2,4,,1,041,"SANTA FE DRIVE","AVENUE TWO",158.00,W,N,A,-,N,,,,,,,,,,Y,1,1,0,2,A,-,09,21802,A,N,F,A,A,A,H,-,A,A,0,,,Y,,Y,,A,01,0,0,0,0,0,0,0,1,0,"- ","- ",37.349590301513672,-120.55545043945312,MERCED,UNINCORPORATED,-120.55569458007812,37.349849700927734
91205560,2020,2020-03-10,9460,2020-03-09,0300,020365,,1,3,9,2400,0,3,5,,2,100,"AUGUST AVE","GRIFFITH RD",3696.00,W,N,A,-,N,,,,,,,,,,Y,4,0,2,2,A,-,05,21650,,N,A,C,A,A,H,-,A,D,0,,,,,Y,,D,22,0,0,2,0,0,0,0,0,0,"- ","- ",37.418659210205078,-120.82602691650391,MERCED,UNINCORPORATED,-120.82598876953125,37.418594360351562
9120582,2020,2020-11-10,2404,2020-03-06,1437,X43,,5,5,3,2404,0,0,0,,0,,"WINTON PK","RT 99",8.00,S,N,A,-,Y,MER,10,99,-,R,30.562,R,4,S,Y,3,0,2,2,A,-,12,22450,A,N,D,C,A,A,H,-,A,D,0,,,,,Y,,A,01,0,1,1,0,0,0,0,0,0,"- ","- ",37.385879516601562,-120.72305297851562,MERCED,LIVINGSTON,-120.73891448974609,37.392238616943359
9120590,2020,2020-08-25,2404,2020-02-01,1818,X43,,6,5,3,2404,0,0,0,,0,,"B ST","BRIARWOOD DR",9.00,E,N,A,-,N,,,,,,,,,,Y,4,0,1,2,A,-,09,21802,A,N,H,C,A,A,H,-,C,D,0,,,,,Y,,A,01,0,0,1,0,0,0,0,0,0,"- ","- ",37.385940551757812,-120.73149108886719,MERCED,LIVINGSTON,-120.73146057128906,37.385940551757812
91207094,2020,2020-03-12,9460,2020-03-05,0820,016476,,4,1,9,2400,0,3,5,,2,020,"VINCENT RD","SHANKS RD",1056.00,S,N,A,-,N,,,,,,,,,,Y,4,0,1,2,A,-,08,22107,,N,A,C,A,A,H,-,A,D,0,,,,,Y,,A,01,0,0,1,0,0,0,0,0,0,"- ","- ",37.436481475830078,-120.77665710449219,MERCED,UNINCORPORATED,-120.77659606933594,37.435920715332031
91207186,2020,2020-03-12,9460,2020-03-11,1005,016917,,3,1,9,2400,0,3,5,,2,090,"ARENA WAY","SUNSET DRIVE",0.00,,Y,B,C,N,,,,,,,,,,Y,4,0,1,2,A,-,09,21802,A,N,D,C,A,B,H,-,A,A,0,,,,,Y,,A,01,0,0,1,0,0,0,0,0,0,"- ","- ",37.338558197021484,-120.67796325683594,MERCED,UNINCORPORATED,-120.67796325683594,37.338569641113281
91207265,2020,2020-03-12,9460,2020-03-10,1905,018603,,2,2,9,2400,0,3,5,,2,040,"BELCHER AVE",SR-59,2640.00,W,N,A,-,N,,,,,,,,,,N,4,0,1,2,A,-,08,22107,,N,H,G,A,A,H,-,B,D,0,,Y,,,Y,,L,04,0,0,1,0,0,0,1,0,0,"- ","- ",37.201999664306641,-120.30509948730469,MERCED,UNINCORPORATED,-120.51336669921875,37.339130401611328
91207282,2020,2020-03-12,9461,2020-03-05,1355,021056,,4,1,9,2400,0,2,4,,1,110,"INGOMAR RD","COTTONWOOD RD",2112.00,S,N,A,-,N,,,,,,,,,,Y,3,0,1,1,A,-,08,22107,,N,E,I,A,A,H,-,A,D,0,,,,,Y,,A,01,0,1,0,0,0,0,0,0,0,"- ","- ",37.179901123046875,-120.96900177001953,MERCED,UNINCORPORATED,-120.96954345703125,37.181755065917969
91207291,2020,2020-03-12,9460,2020-03-06,2103,018292,,5,2,9,2400,0,3,5,,2,100,"KELLEY ROAD","RIVER RD",4752.00,N,N,A,-,N,,,,,,,,,,Y,2,0,3,1,A,-,08,22107,,N,E,I,A,A,H,-,D,D,0,,,,,Y,,A,01,2,0,1,0,0,0,0,0,0,"- ","- ",37.3603515625,-120.95899200439453,MERCED,UNINCORPORATED,-120.95661926269531,37.361743927001953