CASE_ID,ACCIDENT_YEAR,PROC_DATE,JURIS,COLLISION_DATE,COLLISION_TIME,OFFICER_ID,REPORTING_DISTRICT,DAY_OF_WEEK,CHP_SHIFT,POPULATION,CNTY_CITY_LOC,SPECIAL_COND,BEAT_TYPE,CHP_BEAT_TYPE,CITY_DIVISION_LAPD,CHP_BEAT_CLASS,BEAT_NUMBER,PRIMARY_RD,SECONDARY_RD,DISTANCE,DIRECTION,INTERSECTION,WEATHER_1,WEATHER_2,STATE_HWY_IND,CALTRANS_COUNTY,CALTRANS_DISTRICT,STATE_ROUTE,ROUTE_SUFFIX,POSTMILE_PREFIX,POSTMILE,LOCATION_TYPE,RAMP_INTERSECTION,SIDE_OF_HWY,TOW_AWAY,COLLISION_SEVERITY,NUMBER_KILLED,NUMBER_INJURED,PARTY_COUNT,PRIMARY_COLL_FACTOR,PCF_CODE_OF_VIOL,PCF_VIOL_CATEGORY,PCF_VIOLATION,PCF_VIOL_SUBSECTION,HIT_AND_RUN,TYPE_OF_COLLISION,MVIW,PED_ACTION,ROAD_SURFACE,ROAD_COND_1,ROAD_COND_2,LIGHTING,CONTROL_DEVICE,CHP_ROAD_TYPE,PEDESTRIAN_ACCIDENT,BICYCLE_ACCIDENT,MOTORCYCLE_ACCIDENT,TRUCK_ACCIDENT,NOT_PRIVATE_PROPERTY,ALCOHOL_INVOLVED,STWD_VEHTYPE_AT_FAULT,CHP_VEHTYPE_AT_FAULT,COUNT_SEVERE_INJ,COUNT_VISIBLE_INJ,COUNT_COMPLAINT_PAIN,COUNT_PED_KILLED,COUNT_PED_INJURED,COUNT_BICYCLIST_KILLED,COUNT_BICYCLIST_INJURED,COUNT_MC_KILLED,COUNT_MC_INJURED,PRIMARY_RAMP,SECONDARY_RAMP,LATITUDE,LONGITUDE,COUNTY,CITY,POINT_X,POINT_Y
91249364,2020,2020-06-08,9460,2020-06-05,2119,020840,,5,2,9,2400,0,3,5,,2,040,"OAKDALE RD","LOONEY RD",1584.00,E,N,A,-,N,,,,,,,,,,Y,4,0,1,1,A,-,08,22107,,N,E,I,A,A,H,-,D,D,0,,,,,Y,,A,01,0,0,1,0,0,0,0,0,0,"- ","- ",37.465240478515625,-120.62523651123047,MERCED,UNINCORPORATED,-120.62642669677734,37.465869903564453
91249529,2020,2020-06-09,9460,2020-06-08,0500,021407,,1,3,9,2400,0,1,3,,2,001,"SR-99 N/B","SOUTH AVE",970.00,S,N,A,-,Y,,,99,,,,,,N,Y,4,0,1,2,A,-,03,22350,,N,C,C,A,A,H,-,A,D,0,,,,,Y,,A,01,0,0,1,0,0,0,0,0,0,"- ","- ",37.424198150634766,-120.76889801025391,MERCED,UNINCORPORATED,-120.76889038085938,37.424213409423828
91249568,2020,2020-06-09,9461,2020-06-08,1805,021387,,1,2,9,2400,0,3,5,,2,010,"WHITWORTH RD","NETHERTON RD",0.00,,Y,A,-,N,,,,,,,,,,Y,4,0,2,2,A,-,12,22450,A,N,D,C,A,A,H,-,A,A,0,,,,,Y,,A,01,0,0,2,0,0,0,0,0,0,"- ","- ",37.282070159912109,-121.03098297119141,MERCED,UNINCORPORATED,-121.03105163574219,37.282020568847656
91249601,2020,2020-06-09,9461,2020-06-08,0205,021854,,1,3,9,2400,0,1,1,,2,205,"I-5 S/B","CANYON RD.",1320.00,S,N,A,-,Y,,,5,,,,,,S,Y,3,0,1,2,A,-,03,22350,,N,C,C,A,A,H,-,D,D,0,,,,,Y,,A,08,0,1,0,0,0,0,0,0,0,"- ","- ",36.989208221435547,-120.90596008300781,MERCED,UNINCORPORATED,-120.90590667724609,36.989253997802734
91249897,2020,2020-06-09,9460,2020-06-07,1029,019661,,7,1,9,2400,0,3,5,,2,070,"SANTA FE AVENUE","ADAMS STREET",130.00,W,N,A,-,N,,,,,,,,,,Y,3,0,1,2,A,-,08,22107,,N,C,E,A,A,H,-,A,D,0,,,,Y,Y,,D,22,0,1,0,0,0,0,0,0,0,"- ","- ",37.231960296630859,-120.25071716308594,MERCED,UNINCORPORATED,-120.25069427490234,37.231971740722656
91250257,2020,2020-06-10,9460,2020-05-31,1620,014541,,7,2,9,2400,0,1,3,,1,590,"MERCED FALLS ROAD","LA GRANGE ROAD",1584.00,E,N,B,-,Y,,,,,,,,,,Y,2,0,2,2,A,-,03,22350,,N,C,C,A,A,H,-,A,D,0,,,Y,,Y,,C,02,1,1,0,0,0,0,0,0,2,"- ","- ",37.523338317871094,-120.42504119873047,MERCED,UNINCORPORATED,-120.42436218261719,37.523342132568359
91250658,2020,2020-06-11,9460,2020-05-30,1830,020099,,6,2,9,2400,0,1,3,,1,591,SR-59,"SANDY MUSH RD",2112.00,N,N,A,-,Y,,,59,,,,,,,N,4,0,2,2,A,-,03,22350,,N,D,C,A,A,H,-,A,D,0,,,,,Y,,D,22,0,0,2,0,0,0,0,0,0,"- ","- ",37.191848754882812,-120.48809051513672,MERCED,UNINCORPORATED,-120.48818969726562,37.191848754882812
91250727,2020,2020-06-11,9460,2020-06-10,1505,018603,,3,2,9,2400,0,3,5,,2,020,"HILLSIDE DR","SASSAFRAS DR",465.00,E,N,A,-,N,,,,,,,,,,N,4,0,1,1,A,-,08,22107,,N,E,I,A,A,H,-,A,D,0,,,,,Y,,A,07,0,0,1,0,0,0,0,0,0,"- ","- ",37.424129486083984,-120.77355194091797,MERCED,UNINCORPORATED,-120.77346038818359,37.424049377441406
91250764,2020,2020-06-11,9460,2020-06-10,1420,018603,,3,2,3,2404,0,1,3,,2,001,"SR-99 N/B","WINTON PARKWAY",2640.00,S,N,A,-,Y,,,99,,,,,,N,Y,4,0,1,1,A,-,08,22107,,N,E,I,A,A,H,-,A,D,0,,,,,Y,,A,01,0,0,1,0,0,0,0,0,0,"- ","- ",37.388828277587891,-120.72759246826172,MERCED,LIVINGSTON,-120.72760009765625,37.388992309570312
91250825,2020,2020-06-11,9460,2020-05-26,1323,015759,,2,1,9,2400,0,1,3,,2,002,"SR-99 S/B","FRANKLIN ROAD",2112.00,N,N,A,-,Y,,,,,,,,,,Y,3,0,1,1,A,-,08,22107,,N,E,I,A,A,H,-,A,D,0,,,,,Y,,A,01,0,1,0,0,0,0,0,0,0,"- ","- ",37.192848205566406,-120.33400726318359,MERCED,UNINCORPORATED,-120.54955291748047,37.323947906494141
91251054,2020,2020-06-11,9460,2020-06-01,1309,014541,,1,1,9,2400,0,1,3,,2,002,"STATE ROUTE 99 N/B","BUHACH ROAD",423.00,S,N,B,-,Y,,,99,,,,,,N,N,4,0,2,2,A,-,03,22350,,N,C,C,A,A,H,-,A,D,0,,,,,Y,,D,22,0,0,2,0,0,0,0,0,0,"- ","- ",37.333770751953125,-120.57483673095703,MERCED,UNINCORPORATED,-120.57485961914062,37.333694458007812
91251316,2020,2020-06-12,9461,2020-06-11,0635,017329,,4,1,9,2400,0,1,3,,1,153,"SR-152 W/B","DELTA MENDOTA CANAL",37.00,E,N,A,-,Y,,,152,,,,,,W,Y,3,0,1,1,A,-,08,22107,,N,E,I,A,A,H,-,A,D,0,,,,,Y,,A,01,0,1,0,0,0,0,0,0,0,"- ","- ",37.056770324707031,-120.94680023193359,MERCED,UNINCORPORATED,-120.94680023193359,37.056816101074219
91251531,2020,2020-06-15,9460,2020-06-06,1905,021320,,6,2,9,2400,0,3,5,,2,040,"WALNUT AVE","FRIESEN LN",370.00,W,N,A,-,N,,,,,,,,,,Y,4,0,1,2,A,-,01,23152,A,N,C,C,A,A,H,-,A,D,0,,,,,Y,Y,A,01,0,0,1,0,0,0,0,0,0,"- ","- ",37.389381408691406,-120.62750244140625,MERCED,UNINCORPORATED,-120.62835693359375,37.389362335205078
91251765,2020,2020-06-15,9460,2020-05-24,1605,020822,,7,2,9,2400,0,3,5,,2,090,"SOUTHERN PACIFIC AVE","GURR RD",690.00,E,N,A,-,N,,,,,,,,,,Y,3,0,1,1,A,-,08,22107,,N,E,I,A,A,H,-,A,D,0,,,,,Y,,A,07,0,1,0,0,0,0,0,0,0,"- ","- ",37.326129913330078,-120.55593109130859,MERCED,UNINCORPORATED,-120.55673400000001,37.326087999999999
91251805,2020,2020-06-15,9460,2020-05-15,1340,019838,,5,1,9,2400,0,2,4,,1,031,"WINTON WAY","DORIS AVE",120.00,N,N,A,-,N,,,,,,,,,,Y,3,0,1,2,A,-,07,21658,A,N,B,C,A,A,H,-,A,D,0,,,,Y,Y,,-,"- ",0,1,0,0,0,0,0,0,0,"- ","- ",37.381099700927734,-120.61360168457031,MERCED,UNINCORPORATED,-120.61357116699219,37.381038665771484
91251864,2020,2020-06-15,9460,2020-05-28,1355,021468,,4,1,9,2400,0,3,5,,2,030,"LIVINGSTON CRESSEY RD","SULTANA AVE",2323.00,W,N,A,-,N,,,,,,,,,,Y,2,0,1,1,A,-,08,22107,,N,E,I,A,A,H,-,A,D,0,,,,,Y,,A,01,1,0,0,0,0,0,0,0,0,"- ","- ",37.418628692626953,-120.69560241699219,MERCED,UNINCORPORATED,-120.69382476806641,37.418598175048828
91251893,2020,2020-06-15,9460,2020-06-04,1845,021468,,4,2,3,2404,0,1,3,,2,001,"SR-99 S/B","UNION PACIFIC RAILROAD",287.00,N,N,A,-,Y,,,99,,,,,,S,Y,4,0,2,1,A,-,03,22350,,N,F,A,A,A,D,-,A,D,0,,,,,Y,,A,01,0,0,2,0,0,0,0,0,0,"- ","- ",37.388568878173828,-120.72833251953125,MERCED,LIVINGSTON,-120.72833251953125,37.388599395751953
91252159,2020,2020-06-18,9461,2020-06-06,1730,017029,,6,2,9,2400,0,1,3,,2,453,"SR-152 W/B","ISLAND RD",51.00,E,N,B,-,Y,,,152,,,,,,W,Y,2,0,2,1,A,-,08,22107,,N,F,A,A,A,H,-,A,D,0,,,,,Y,,A,07,1,0,1,0,0,0,0,0,0,"- ","- ",37.054351806640625,-120.55394744873047,MERCED,UNINCORPORATED,-120.55397033691406,37.054424285888672
91252239,2020,2020-06-15,9460,2020-06-10,0113,020857,,3,3,9,2400,0,1,3,,2,002,"SR-99 S/B","BUHACH RD",528.00,N,N,A,-,Y,,,99,,,,,,S,Y,4,0,1,1,A,-,08,22107,,N,E,I,A,A,D,-,C,D,0,,,,,Y,,A,01,0,0,1,0,0,0,0,0,0,"- ","- ",37.335529327392578,-120.58139038085938,MERCED,UNINCORPORATED,-120.58135986328125,37.335609436035156
91252247,2020,2020-06-15,9461,2020-06-09,0825,021056,,2,1,9,2400,0,3,5,,2,010,"S. HUNT RD S/B","PFITZER RD",1056.00,S,N,A,-,N,,,,,,,,,,Y,3,0,3,2,A,-,08,22107,,N,D,C,A,A,H,-,A,D,0,,,,,Y,,E,22,0,1,2,0,0,0,0,0,0,"- ","- ",37.205501556396484,-120.99420166015625,MERCED,UNINCORPORATED,-120.99415588378906,37.206539154052734
91252698,2020,2020-06-16,9460,2020-06-09,1207,019661,,2,1,9,2400,0,1,3,,2,001,"SR-99 N/B","SOUTH AVENUE",2640.00,S,N,A,-,Y,,,99,,,,,,N,N,4,0,1,2,A,-,03,22350,,N,C,C,A,A,H,-,A,D,0,,,,Y,Y,,F,55,0,0,1,0,0,0,0,0,0,"- ","- ",37.420890808105469,-120.76406097412109,MERCED,UNINCORPORATED,-120.76403045654297,37.420921325683594
91252778,2020,2020-06-16,9460,2020-05-31,2105,018778,,7,2,9,2400,0,3,5,,2,050,"YOSEMITE AVE","KIBBY RD",1000.00,E,N,B,-,N,,,,,,,,,,Y,4,0,1,2,A,-,01,23152,A,M,A,C,A,A,H,-,D,D,0,,,,,Y,Y,A,01,0,0,1,0,0,0,0,0,0,"- ","- ",37.332180023193359,-120.14061737060547,MERCED,UNINCORPORATED,-120.41110992431641,37.332145690917969
91253078,2020,2020-06-17,9460,2020-06-10,1846,018778,,3,2,5,2406,0,1,3,,2,003,"SR-99 S/B","SR-140 (YOSEMITE PKWY)",600.00,N,N,A,-,Y,,,99,,,,,,S,Y,4,0,1,1,A,-,08,22107,,N,E,I,A,A,H,-,A,D,0,,,,,Y,,A,01,0,0,1,0,0,0,0,0,0,"- ","- ",37.295539855957031,-120.46994018554688,MERCED,MERCED,-120.46995544433594,37.295459747314453
91253192,2020,2020-06-17,9461,2020-06-10,1613,019052,,3,2,9,2400,0,1,3,,1,503,SR-33,"CHRISTIAN AVE",0.00,,Y,A,-,Y,,,33,,,,,,,N,4,0,2,2,A,-,09,21802,A,N,D,C,A,A,H,-,A,A,0,,,,,Y,,A,01,0,0,2,0,0,0,0,0,0,"- ","- ",36.974620819091797,-120.6356201171875,MERCED,UNINCORPORATED,-120.6356201171875,36.974620819091797
91253388,2020,2020-06-17,9460,2020-06-13,1115,017343,,6,1,9,2400,0,3,5,,2,040,"FISHER ROAD","SHAFER ROAD",10560.00,E,N,A,-,N,,,,,,,,,,Y,4,0,1,4,A,-,08,22107,,N,F,A,A,A,H,-,A,D,0,,,,Y,Y,,F,26,0,0,1,0,0,0,0,0,0,"- ","- ",37.433101654052734,-120.56089782714844,MERCED,UNINCORPORATED,-120.55807495117188,37.433090209960938
91253489,2020,2020-06-17,9460,2020-06-14,1253,016917,,7,1,9,2400,0,3,5,,2,010,"GRIFFITH RD","SCHENDEL AVE",1056.00,N,N,A,-,N,,,,,,,,,,Y,3,0,1,2,A,-,09,21801,A,N,A,C,A,A,H,-,A,D,0,,,,,Y,,D,22,0,1,0,0,0,0,0,0,0,"- ","- ",37.428970336914062,-120.81304931640625,MERCED,UNINCORPORATED,-120.81306457519531,37.428718566894531
91253520,2020,2020-06-17,9461,2020-06-15,0440,021387,,1,3,9,2400,0,1,3,,1,465,"SR-165 S/B","SANTA FE GRD",7392.00,N,N,A,-,Y,,,165,,,,,,S,Y,2,0,1,1,A,-,08,22107,,N,E,I,A,A,H,-,D,D,0,,,,,Y,,A,07,1,0,0,0,0,0,0,0,0,"- ","- ",37.125431060791016,-120.83493804931641,MERCED,UNINCORPORATED,-120.83481597900391,37.125431060791016
91253908,2020,2020-06-18,9460,2020-06-14,2355,021468,,7,3,5,2406,0,1,3,,2,003,"SR-99 N/B","MARTIN LUTHER KING JR WAY",50.00,N,N,A,-,Y,,,99,,,,,,N,Y,4,0,2,2,A,-,03,22350,,N,C,C,A,A,H,-,D,D,0,,,,,Y,,A,01,0,0,2,0,0,0,0,0,0,"- ","- ",37.296669006347656,-120.48323822021484,MERCED,MERCED,-120.48316955566406,37.296871185302734
91255266,2020,2020-06-22,9461,2020-06-12,1640,020486,,5,2,9,2400,0,1,1,,2,105,"INTERSTATE 5","COTTONWOOD ROAD",3168.00,S,N,A,-,Y,,,5,,,,,,,Y,3,0,4,4,A,-,08,22107,,N,B,C,A,A,H,-,A,D,0,,,,Y,Y,,G,25,0,3,1,0,0,0,0,0,0,"- ","- ",37.185298919677734,-121.068603515625,MERCED,UNINCORPORATED,-121.068603515625,37.185295104980469
91255416,2020,2020-06-22,9461,2020-06-14,1805,020486,,7,2,9,2400,0,3,5,,2,010,"NANTES AVE","HENRY MILLER AVENUE",528.00,S,N,A,-,N,,,,,,,,,,Y,4,0,1,2,A,-,03,22350,,M,C,C,A,A,H,-,A,D,0,,,,,Y,,-,99,0,0,1,0,0,0,0,0,0,"- ","- ",37.097488403320312,-120.85305786132812,MERCED,UNINCORPORATED,-120.85304260253906,37.098529815673828
91255475,2020,2020-06-22,9460,2020-06-15,1445,020822,,1,2,3,2401,0,1,3,,2,002,"SR-99 S/B","ATWATER MERCED EXPRESSWAY",1056.00,N,N,A,-,Y,,,,,,,,,,Y,4,0,1,2,A,-,03,22350,,N,C,C,A,A,D,-,A,D,0,,,,,Y,,A,07,0,0,1,0,0,0,0,0,0,"- ","- ",37.332908630371094,-120.57067108154297,MERCED,ATWATER,-120.57140350341797,37.332973480224609
91255616,2020,2020-06-22,9461,2020-06-15,0933,017183,,1,1,9,2400,0,1,3,,2,453,"SR-152 E/B",SR-59,2640.00,W,N,A,-,Y,,,,,,,,,,Y,4,0,1,2,A,-,03,22350,,N,C,C,A,A,H,-,A,D,0,,,,,Y,,A,07,0,0,1,0,0,0,0,0,0,"- ","- ",37.078990936279297,-120.5,MERCED,UNINCORPORATED,,
91255910,2020,2020-06-23,9461,2020-06-18,1057,021188,,4,1,9,2400,0,1,3,,1,152,"SR-152 W/B (PACHECO PASS HIGHWAY)","BASALT RD",150.00,W,N,A,-,Y,,,152,,,,,,W,Y,4,0,1,2,A,-,03,22350,,N,B,C,A,A,H,-,A,A,0,,,,,Y,,D,22,0,0,1,0,0,0,0,0,0,"- ","- ",37.061431884765625,-121.05812835693359,MERCED,UNINCORPORATED,-121.05814361572266,37.061408996582031
91256149,2020,2020-06-23,9460,2020-06-04,1842,020857,,4,2,9,2400,0,3,5,,2,030,"ASHBY ROAD","FERN STREET",357.00,W,N,A,-,N,,,,,,,,,,Y,1,1,0,2,A,-,01,23152,F,N,D,C,A,A,H,-,A,A,0,,,Y,,Y,,C,02,0,0,0,0,0,0,0,1,0,"- ","- ",37.317630767822266,-120.53080749511719,MERCED,UNINCORPORATED,-120.53079223632812,37.317546844482422
91257347,2020,2020-06-25,9460,2020-06-13,1528,018806,,6,2,9,2400,0,3,5,,2,080,"DOPPLER ROAD","GERARD AVENUE",70.00,S,N,A,-,N,,,,,,,,,,Y,4,0,1,2,A,-,03,22350,,N,C,C,A,A,H,-,A,D,0,,,,,Y,,A,01,0,0,1,0,0,0,0,0,0,"- ","- ",37.280559539794922,-120.44811248779297,MERCED,UNINCORPORATED,-120.44786071777344,37.280452728271484
91257629,2020,2020-06-25,9461,2020-06-16,1734,021854,,2,2,9,2400,0,1,3,,1,103,"SR-33 N/B",I-5,75.00,S,N,A,-,Y,,,33,,,,,,N,Y,4,0,1,2,A,-,03,22350,,M,C,C,A,A,H,-,A,D,0,,,Y,,Y,,C,02,0,0,1,0,0,0,0,0,1,"- ","- ",37.103519439697266,-121.01582336425781,MERCED,UNINCORPORATED,-121.01581573486328,37.103519439697266
91257640,2020,2020-06-25,9461,2020-06-21,1400,020486,,7,2,9,2400,0,1,3,,1,153,"STATE HIGHWAY 152","GONZAGA RD",75.00,E,N,A,-,Y,,,152,,,,,,,Y,3,0,1,1,A,-,08,22107,,N,E,I,A,A,H,-,A,D,0,,,,,Y,,A,07,0,1,0,0,0,0,0,0,0,"- ","- ",37.056728363037109,-121.01540374755859,MERCED,UNINCORPORATED,-121.01540374755859,37.056797027587891
91258891,2020,2020-06-26,9460,2020-06-17,2309,021407,,3,3,9,2400,0,3,5,,2,030,"ASHBY RD","FRANKLIN RD",760.00,N,N,A,-,N,,,,,,,,,,Y,4,0,1,1,A,-,08,22107,,N,F,A,A,A,H,-,C,D,0,,,,,Y,,A,07,0,0,1,0,0,0,0,0,0,"- ","- ",37.323001861572266,-120.54519653320312,MERCED,UNINCORPORATED,-120.54208374023438,37.323089599609375
91259060,2020,2020-06-26,9461,2020-06-22,2105,021854,,1,2,9,2400,0,3,5,,2,010,"JOHNSON RD","CAPRI AVE",11.00,S,N,A,-,N,,,,,,,,,,Y,4,0,1,1,A,-,03,22350,,N,E,I,A,A,H,-,D,A,0,,,,,Y,,A,01,0,0,1,0,0,0,0,0,0,"- ","- ",37.084369659423828,-120.86524963378906,MERCED,UNINCORPORATED,-120.86521911621094,37.084400177001953
91259230,2020,2020-06-26,9460,2020-06-14,1250,017343,,7,1,9,2400,0,1,3,,2,002,"SR-99 N/B TO WESTSIDE BOULEVARD","WESTSIDE BOULEVARD",0.00,,Y,A,-,Y,,,99,,,,R,,N,Y,4,0,1,2,A,-,01,23152,A,N,D,C,A,A,H,-,A,A,0,,,,,Y,Y,A,01,0,0,1,0,0,0,0,0,0,"- ","- ",37.361000061035156,-120.64939880371094,MERCED,UNINCORPORATED,-120.64939880371094,37.361000061035156
91259337,2020,2020-06-26,9460,2020-06-24,0835,015398,,3,1,9,2400,0,1,3,,1,165,"SR-165 (LANDER AVE.)","6TH AVE.",1162.00,N,N,A,-,Y,,,165,,,,,,,N,4,0,1,1,A,-,08,22107,,N,E,I,A,A,H,-,A,D,0,,,,,Y,,A,01,0,0,1,0,0,0,0,0,0,"- ","- ",37.309078216552734,-120.85108947753906,MERCED,UNINCORPORATED,-120.85124206542969,37.30908203125
91259906,2020,2020-12-07,9461,2020-06-20,1545,021854,,6,2,9,2400,0,1,1,,2,205,"I-5 S/B","ARBURUA RD",5280.00,N,N,A,-,Y,,,5,,,,,,S,Y,2,0,1,2,A,-,03,22350,,N,C,C,A,A,H,-,A,D,0,,,,,Y,,A,01,1,0,0,0,0,0,0,0,0,"- ","- ",36.976341247558594,-120.89469146728516,MERCED,UNINCORPORATED,-120.89466094970703,36.976367950439453
91260077,2020,2020-06-29,9461,2020-06-11,1205,017329,,4,1,9,2400,0,1,1,,2,105,"INTERSTATE 5 SOUTHBOUND","BUTTS ROAD",335.00,S,N,A,-,Y,,,5,,,,,,S,Y,1,1,0,1,A,-,08,22107,,N,E,I,A,A,H,-,A,D,0,,,,,Y,,A,01,0,0,0,0,0,0,0,0,0,"- ","- ",37.173530578613281,-121.0606689453125,MERCED,UNINCORPORATED,-121.06083679199219,37.173419952392578
91260224,2020,2020-06-29,9461,2020-06-22,0430,018910,,1,3,9,2400,0,1,3,,1,141,"STATE ROUTE 140","KNIEBES ROAD",4752.00,E,N,A,-,Y,,,140,,,,,,,Y,3,0,1,1,A,-,01,23152,A,N,E,I,A,A,H,-,D,D,0,,,,,Y,Y,D,22,0,1,0,0,0,0,0,0,0,"- ","- ",37.260299682617188,-120.96897888183594,MERCED,UNINCORPORATED,-120.96898651123047,37.260341644287109
91260373,2020,2020-06-29,9461,2020-06-26,0555,021188,,5,3,9,2400,0,1,1,,2,105,"I-5 S/B (WEST SIDE FREEWAY)",SR-152,2640.00,N,N,A,-,Y,,,5,,,,,,S,Y,3,0,1,2,A,-,07,21658,A,F,B,C,A,A,H,-,A,D,0,,,,,Y,,-,99,0,1,0,0,0,0,0,0,0,"- ","- ",37.063621520996094,-120.97676086425781,MERCED,UNINCORPORATED,-120.97675323486328,37.063629150390625
91260393,2020,2020-07-01,9461,2020-06-22,0750,021056,,1,1,9,2400,0,1,1,,2,205,"I-5 N/B","ETCHEVERRY RD",1584.00,S,N,A,-,Y,,,5,,,,,,N,Y,4,0,1,1,A,-,08,22107,,N,F,A,A,A,H,-,A,D,0,,,,,Y,,A,01,0,0,1,0,0,0,0,0,0,"- ","- ",37.026020050048828,-120.93985748291016,MERCED,UNINCORPORATED,-120.93985748291016,37.026023864746094
91260403,2020,2020-06-29,9461,2020-06-22,0215,021387,,1,3,9,2400,0,1,3,,1,152,"SR-152 E/B","LOWER COTTONWOOD",8976.00,W,N,A,-,Y,,,152,,,,,,E,Y,4,0,1,2,A,-,03,22350,,M,C,C,A,A,H,-,D,D,0,,,,,Y,,A,01,0,0,1,0,0,0,0,0,0,"- ","- ",37.099880218505859,-121.14398193359375,MERCED,UNINCORPORATED,-121.14395904541016,37.099834442138672
91260875,2020,2020-06-30,9461,2020-06-22,1627,021854,,1,2,9,2400,0,1,1,,2,105,"I-5 N/B","WHITWORTH RD",600.00,S,N,A,-,Y,,,5,,,,,,N,Y,3,0,1,2,A,-,03,22350,,N,C,C,A,A,H,-,A,D,0,,,,,Y,,D,22,0,1,0,0,0,0,0,0,0,"- ","- ",37.130268096923828,-121.03220367431641,MERCED,UNINCORPORATED,-121.0322265625,37.130252838134766
91261107,2020,2020-06-30,9460,2020-06-18,1233,015305,,4,1,9,2400,0,1,3,,2,003,"STATE ROUTE 99 (NORTHBOUND)","MARIPOSA CREEK",206.00,S,N,A,-,Y,,,99,,,,,,,Y,3,0,1,4,A,-,08,22107,,N,C,E,A,A,H,-,A,D,0,,,,Y,Y,,G,25,0,1,0,0,0,0,0,0,0,"- ","- ",37.249481201171875,-120.40876770019531,MERCED,UNINCORPORATED,-120.40908813476562,37.249080657958984
91261140,2020,2020-06-30,9460,2020-06-20,1835,019838,,6,2,9,2400,0,2,4,,1,031,"WINTON WAY","BRIDGET CT",0.00,,Y,A,-,N,,,,,,,,,,Y,3,0,1,2,A,-,09,21802,A,N,D,C,A,A,H,-,A,A,0,,,,,Y,,A,01,0,1,0,0,0,0,0,0,0,"- ","- ",37.382598876953125,-120.61350250244141,MERCED,UNINCORPORATED,-120.61354827880859,37.382621765136719
91261155,2020,2020-06-30,9460,2020-06-20,1930,019838,,6,2,9,2400,0,1,3,,2,002,"SR-99 N/B","APPLEGATE RD",5280.00,N,N,A,-,Y,,,99,,,,,,N,N,3,0,1,3,A,-,03,22350,,N,C,C,A,A,D,-,A,D,0,,,,,Y,,A,01,0,1,0,0,0,0,0,0,0,"- ","- ",37.351799011230469,-120.62439727783203,MERCED,UNINCORPORATED,-120.62442779541016,37.351772308349609
91261389,2020,2020-07-01,9460,2020-06-21,0225,020967,,7,3,9,2400,0,3,5,,2,040,"SHAFFER RD","EUCALYPTUS AVE",0.00,,Y,A,-,N,,,,,,,,,,Y,2,0,4,2,A,-,01,23152,A,N,D,C,A,A,H,-,D,A,0,,,,,Y,Y,A,01,2,0,2,0,0,0,0,0,0,"- ","- ",37.403968811035156,-120.594970703125,MERCED,UNINCORPORATED,-120.594970703125,37.403961181640625
91261423,2020,2020-07-01,9460,2020-06-21,0015,020967,,7,3,9,2400,0,1,3,,2,002,"SR-99 N/B","WESTSIDE BLVD",2640.00,S,N,A,-,Y,,,99,,,,,,N,Y,3,0,1,1,A,-,01,23152,A,N,E,I,A,A,D,-,D,D,0,,,,,Y,Y,A,07,0,1,0,0,0,0,0,0,0,"- ","- ",37.354961395263672,-120.6319580078125,MERCED,UNINCORPORATED,-120.63197326660156,37.354869842529297
91261480,2020,2020-07-01,9460,2020-06-22,1655,018603,,1,2,9,2400,0,3,5,,2,020,"OAKDALE RD.","LOONEY RD.",5280.00,E,N,A,-,N,,,,,,,,,,Y,3,0,1,1,A,-,01,23152,A,N,E,I,A,A,H,-,A,D,0,,,,,Y,Y,A,01,0,1,0,0,0,0,0,0,0,"- ","- ",37.460670471191406,-120.61564636230469,MERCED,UNINCORPORATED,-120.61595153808594,37.460601806640625
91261496,2020,2020-07-01,9460,2020-06-22,0554,016917,,1,3,9,2400,0,3,5,,2,090,"MAGNOLIA AVE","DWIGHT WAY",2323.00,W,N,A,-,N,,,,,,,,,,Y,2,0,1,2,A,-,09,21801,A,N,A,C,A,A,H,-,A,D,0,,,Y,,Y,,A,01,1,0,0,0,0,0,0,0,1,"- ","- ",37.367660522460938,-120.71347808837891,MERCED,UNINCORPORATED,-120.71340942382812,37.367771148681641
91261568,2020,2020-07-01,9460,2020-06-22,1212,016917,,1,1,9,2400,0,1,3,,2,002,"SR-99 N/B","WEST ATWATER BLVD",1320.00,N,N,A,-,Y,,,99,,,,,,N,Y,3,0,1,3,A,-,03,22350,,N,C,C,A,A,D,-,A,D,0,,,,Y,Y,,F,26,0,1,0,0,0,0,0,0,0,"- ","- ",37.3538818359375,-120.62718963623047,MERCED,UNINCORPORATED,-120.62722778320312,37.353801727294922