CASE_ID,ACCIDENT_YEAR,PROC_DATE,JURIS,COLLISION_DATE,COLLISION_TIME,OFFICER_ID,REPORTING_DISTRICT,DAY_OF_WEEK,CHP_SHIFT,POPULATION,CNTY_CITY_LOC,SPECIAL_COND,BEAT_TYPE,CHP_BEAT_TYPE,CITY_DIVISION_LAPD,CHP_BEAT_CLASS,BEAT_NUMBER,PRIMARY_RD,SECONDARY_RD,DISTANCE,DIRECTION,INTERSECTION,WEATHER_1,WEATHER_2,STATE_HWY_IND,CALTRANS_COUNTY,CALTRANS_DISTRICT,STATE_ROUTE,ROUTE_SUFFIX,POSTMILE_PREFIX,POSTMILE,LOCATION_TYPE,RAMP_INTERSECTION,SIDE_OF_HWY,TOW_AWAY,COLLISION_SEVERITY,NUMBER_KILLED,NUMBER_INJURED,PARTY_COUNT,PRIMARY_COLL_FACTOR,PCF_CODE_OF_VIOL,PCF_VIOL_CATEGORY,PCF_VIOLATION,PCF_VIOL_SUBSECTION,HIT_AND_RUN,TYPE_OF_COLLISION,MVIW,PED_ACTION,ROAD_SURFACE,ROAD_COND_1,ROAD_COND_2,LIGHTING,CONTROL_DEVICE,CHP_ROAD_TYPE,PEDESTRIAN_ACCIDENT,BICYCLE_ACCIDENT,MOTORCYCLE_ACCIDENT,TRUCK_ACCIDENT,NOT_PRIVATE_PROPERTY,ALCOHOL_INVOLVED,STWD_VEHTYPE_AT_FAULT,CHP_VEHTYPE_AT_FAULT,COUNT_SEVERE_INJ,COUNT_VISIBLE_INJ,COUNT_COMPLAINT_PAIN,COUNT_PED_KILLED,COUNT_PED_INJURED,COUNT_BICYCLIST_KILLED,COUNT_BICYCLIST_INJURED,COUNT_MC_KILLED,COUNT_MC_INJURED,PRIMARY_RAMP,SECONDARY_RAMP,LATITUDE,LONGITUDE,COUNTY,CITY,POINT_X,POINT_Y
91321623,2020,2020-10-12,9460,2020-10-06,1440,019806,,2,2,9,2400,0,3,5,,2,040,"SHAFFER RD","MEADOW DR",0.00,,Y,A,-,N,,,,,,,,,,N,4,0,1,2,A,-,12,22450,A,N,D,C,A,A,H,-,A,A,0,,,,,Y,,A,07,0,0,1,0,0,0,0,0,0,"- ","- ",37.429229736328125,-120.59452056884766,MERCED,UNINCORPORATED,-120.59449768066406,37.429241180419922
91321716,2020,2020-10-12,9461,2020-10-03,2230,021854,,6,3,9,2400,0,3,5,,2,040,"HUTCHINS RD","CARLUCCI RD",2640.00,E,N,A,-,N,,,,,,,,,,Y,3,0,1,1,A,-,08,22107,,N,E,A,A,A,H,-,D,D,0,,,,,Y,,A,01,0,1,0,0,0,0,0,0,0,"- ","- ",37.093441009521484,-120.67253112792969,MERCED,UNINCORPORATED,-120.67290496826172,37.094215393066406
91321847,2020,2020-10-12,9460,2020-10-07,2035,020822,,3,2,9,2400,0,1,3,,1,590,SR-59,"BELCHER AVE",1056.00,S,N,A,-,Y,,,59,,,,,,,Y,4,0,5,3,A,-,03,22350,,N,C,C,A,A,H,-,D,D,0,,,,,Y,,A,01,0,0,5,0,0,0,0,0,0,"- ","- ",37.336181640625,-120.50441741943359,MERCED,UNINCORPORATED,-120.50444793701172,37.336181640625
91321939,2020,2020-11-09,9460,2020-10-09,1535,020822,,5,2,9,2400,0,1,3,,2,001,"SR-99 N/B","WINTON PKWY",2112.00,N,N,A,-,Y,,,99,,,,,,N,Y,4,0,2,2,A,-,03,22350,,N,C,C,A,A,H,-,A,D,0,,,,,Y,,D,22,0,0,2,0,0,0,0,0,0,"- ","- ",37.395591735839844,-120.74027252197266,MERCED,UNINCORPORATED,-120.740234375,37.395603179931641
91322776,2020,2020-10-13,9460,2020-10-06,2100,018603,,2,2,9,2400,0,1,3,,2,001,"SR-99 S/B","WINTON PARKWAY",1500.00,N,N,A,-,Y,,,,,,,,,,Y,3,0,1,3,A,-,07,21658,A,N,B,C,A,A,H,-,D,D,0,,,,Y,Y,,D,22,0,1,0,0,0,0,0,0,0,"- ","- ",37.233600616455078,-120.44229888916016,MERCED,UNINCORPORATED,-120.73976898193359,37.393466949462891
91322939,2020,2020-10-13,9460,2020-08-26,2210,020365,,3,3,9,2400,0,2,4,,1,041,"SANTA FE DR","CHESTNUT LN",100.00,E,N,A,-,N,,,,,,,,,,Y,4,0,1,2,A,-,03,22350,,F,C,C,A,A,H,-,D,D,0,,,,,Y,,A,01,0,0,1,0,0,0,0,0,0,"- ","- ",37.380031585693359,-120.60421752929688,MERCED,UNINCORPORATED,-120.60428619384766,37.380031585693359
91323520,2020,2020-11-23,9460,2020-10-07,0628,016476,,3,1,9,2400,0,3,5,,2,010,"COLUMBUS AVE","BLOSS AVE",0.00,,Y,A,-,N,,,,,,,,,,Y,2,0,1,2,A,-,12,22450,A,N,D,C,A,A,H,-,B,A,0,,,,,Y,,D,22,1,0,0,0,0,0,0,0,0,"- ","- ",37.404350280761719,-120.86801147460938,MERCED,UNINCORPORATED,-120.86834716796875,37.404388427734375
91323596,2020,2020-10-14,9460,2020-10-09,1345,019838,,5,1,9,2400,0,3,5,,2,030,"WINTON WAY","OLIVE AVE",50.00,N,N,A,-,N,,,,,,,,,,N,3,0,1,2,A,-,03,22350,,N,C,C,A,A,H,-,A,D,0,,,,,Y,,D,22,0,1,0,0,0,0,0,0,0,"- ","- ",37.396701812744141,-120.61329650878906,MERCED,UNINCORPORATED,-120.61333465576172,37.396797180175781
9132373,2020,2020-11-13,2401,2020-07-14,2153,720,2401,2,5,3,2401,0,0,0,,0,003,"BELL LN","RT 99",320.00,S,N,A,-,N,,,,,,,,,,Y,4,0,1,1,A,-,07,21658,A,N,A,I,A,A,H,-,C,A,0,,,,,Y,,A,07,0,0,1,0,0,0,0,0,0,"- ","- ",,,MERCED,ATWATER,,
9132374,2020,2020-11-10,2401,2020-07-05,2059,720,2401,7,5,3,2401,0,0,0,,0,003,"JUNIPER AV","BIRCHWOOD WY",363.00,E,N,A,-,N,,,,,,,,,,Y,2,0,2,3,A,-,07,21658,A,N,G,B,F,A,H,-,C,D,0,Y,,,,Y,,A,07,2,0,0,0,2,0,0,0,0,"- ","- ",,,MERCED,ATWATER,-120.61127471923828,37.355545043945312
9132375,2020,2020-11-10,2401,2020-07-06,1907,725,2401,1,5,3,2401,0,0,0,,0,003,"WINTON WY","FRUITLAND AV",174.00,S,N,A,-,N,,,,,,,,,,Y,3,0,1,2,A,-,03,22350,,N,C,C,A,A,H,-,A,D,0,,,,,Y,,A,01,0,1,0,0,0,0,0,0,0,"- ","- ",,,MERCED,ATWATER,-120.61387634277344,37.363632202148438
9132376,2020,2020-11-10,2401,2020-07-27,1142,723,2401,1,5,3,2401,0,0,0,,0,003,"ATWATER BL","WILBUR WY",38.00,E,N,A,-,N,,,,,,,,,,Y,3,0,2,2,-,-,"- ",,,M,F,J,A,A,H,-,A,D,0,,,,,Y,,A,01,0,2,0,0,0,0,0,0,0,"- ","- ",,,MERCED,ATWATER,-120.62754821777344,37.352485656738281
91324347,2020,2020-10-15,9460,2020-10-11,1421,021407,,7,2,9,2400,0,3,5,,2,010,"COLUMBUS AVE","BLOSS AVE",0.00,,Y,A,-,N,,,,,,,,,,Y,3,0,1,2,A,-,12,22450,A,N,D,C,A,A,H,-,A,A,0,,,,,Y,,E,22,0,1,0,0,0,0,0,0,0,"- ","- ",37.404300689697266,-120.86849975585938,MERCED,UNINCORPORATED,-120.86834716796875,37.404388427734375
9132462,2020,2020-10-02,2401,2020-07-20,1244,724,2401,1,5,3,2401,0,0,0,,0,003,"SHAFFER RD","DRAKELEY AV",0.00,,Y,A,-,N,,,,,,,,,,Y,4,0,1,1,A,-,07,21658,A,N,E,I,A,D,H,-,A,D,0,,,,,Y,Y,D,22,0,0,1,0,0,0,0,0,0,"- ","- ",,,MERCED,ATWATER,-120.59591674804688,37.343849182128906
91324721,2020,2020-10-15,9461,2020-10-12,0700,017183,,1,1,9,2400,0,2,4,,1,415,"HENRY MILLER AVENUE E/B",SR-165,724.00,E,N,A,-,N,,,,,,,,,,Y,3,0,1,2,A,-,08,22107,,N,D,C,A,A,H,-,B,D,0,,,,,Y,,A,01,0,1,0,0,0,0,0,0,0,"- ","- ",37.099918365478516,-120.83262634277344,MERCED,UNINCORPORATED,-120.83237457275391,37.09967041015625
91325831,2020,2020-10-19,9461,2020-10-11,1520,020486,,7,2,9,2400,0,1,1,,2,105,"INTERSTATE 5","WHITWORTH RD",528.00,N,N,A,-,Y,,,5,,,,,,,Y,4,0,1,2,A,-,08,22107,,N,C,C,A,A,H,-,A,D,0,,,,Y,Y,,A,01,0,0,1,0,0,0,0,0,0,"- ","- ",37.133998870849609,-121.03468322753906,MERCED,UNINCORPORATED,-121.03466796875,37.134006500244141
91325838,2020,2020-10-19,9460,2020-10-11,0110,020857,,7,3,9,2400,0,1,3,,2,002,"SR-99 S/B","FRANKLIN RD",506.00,N,N,A,-,Y,,,99,,,,,,S,Y,3,0,1,1,A,-,08,22107,,N,E,I,A,A,H,-,D,D,0,,,,,Y,,A,07,0,1,0,0,0,0,0,0,0,"- ","- ",37.322120666503906,-120.54470062255859,MERCED,UNINCORPORATED,-120.54468536376953,37.322162628173828
91325909,2020,2020-10-19,9460,2020-10-09,1315,018778,,5,1,5,2406,0,1,3,,2,003,"SR-99 N/B","O STREET",150.00,S,N,A,-,Y,,,99,,,,,,N,N,4,0,1,2,A,-,03,22350,,N,C,C,A,A,H,-,A,D,0,,,,Y,Y,,G,25,0,0,1,0,0,0,0,0,0,"- ","- ",37.299209594726562,-120.48947906494141,MERCED,MERCED,-120.48948669433594,37.299190521240234
91325980,2020,2020-10-19,9460,2020-10-09,2030,020822,,5,2,9,2400,0,3,5,,2,040,"THIRD ST.","CROCKER AVE",114.00,S,N,A,-,N,,,,,,,,,,N,2,0,1,1,A,-,17,21712,A,N,H,A,A,A,H,-,C,D,0,,,,,Y,,D,22,1,0,0,0,0,0,0,0,0,"- ","- ",37.420738220214844,-120.66581726074219,MERCED,UNINCORPORATED,-120.66571807861328,37.420833587646484
91326442,2020,2020-10-19,9460,2020-10-10,0235,021511,,6,3,9,2400,0,1,3,,2,002,"SR-99 N/B","ATWATER BLVD",2835.00,N,N,A,-,Y,,,99,,,,,,N,Y,3,0,1,1,A,-,08,22107,,N,E,I,A,A,H,-,D,D,0,,,,Y,Y,,F,26,0,1,0,0,0,0,0,0,0,"- ","- ",37.354969024658203,-120.63197326660156,MERCED,UNINCORPORATED,-120.63198089599609,37.354873657226562
91327280,2020,2020-10-20,9460,2020-10-14,1518,018603,,3,2,9,2400,0,1,3,,2,001,"SR-99 (SOUTHBOUND) TO WINTON PARKWAY","WINTON PARKWAY",1000.00,N,N,A,-,Y,,,,,,,,,,Y,4,0,2,2,A,-,03,22350,,N,C,C,A,A,H,-,A,D,0,,,,,Y,,A,01,0,0,2,0,0,0,0,0,0,"- ","- ",37.233001708984375,-120.73889923095703,MERCED,UNINCORPORATED,-120.7388916015625,37.392288208007812
91327341,2020,2020-10-20,9460,2020-10-12,1417,021407,,1,2,9,2400,0,1,3,,2,002,"SR-99 S/B","WESTSIDE BLVD",1056.00,S,N,A,-,Y,,,99,,,,,,S,Y,3,0,1,2,A,-,08,22107,,N,B,C,A,A,H,-,A,D,0,,,,Y,Y,,A,01,0,1,0,0,0,0,0,0,0,"- ","- ",37.359100341796875,-120.64389801025391,MERCED,UNINCORPORATED,-120.64388275146484,37.359130859375
91327448,2020,2020-11-12,9461,2020-09-08,0453,021387,,2,3,9,2400,0,1,1,,2,105,"INTERSTATE 5 SOUTHBOUND","COTTONWOOD ROAD",3168.00,N,N,A,-,Y,,,5,,,,,,S,Y,1,1,0,2,A,-,03,22350,,N,G,B,E,A,H,-,D,D,0,Y,,,Y,Y,,G,25,0,0,0,1,0,0,0,0,0,"- ","- ",37.196018218994141,-121.07565307617188,MERCED,UNINCORPORATED,-121.07558441162109,37.196056365966797
91327506,2020,2020-10-20,9460,2020-10-14,1415,019838,,3,2,9,2400,0,1,3,,2,002,"SR-99 N/B","FRANKLIN RD",1584.00,S,N,A,-,Y,,,99,,,,,,N,Y,3,0,5,2,A,-,08,22107,,N,B,C,A,A,H,-,A,D,0,,,,,Y,,A,01,0,5,0,0,0,0,0,0,0,"- ","- ",37.320701599121094,-120.54000091552734,MERCED,UNINCORPORATED,-120.54001617431641,37.320663452148438
91328892,2020,2020-10-21,9460,2020-10-18,0842,019005,,7,1,9,2400,0,1,3,,1,165,SR-165,"BLOSS AVE",30.00,N,N,A,-,Y,,,165,,,,,,,Y,4,0,2,2,A,-,08,22107,,N,C,C,A,A,H,-,A,A,0,,,,,Y,,A,01,0,0,2,0,0,0,0,0,0,"- ","- ",37.404460906982422,-120.85015106201172,MERCED,UNINCORPORATED,-120.85013580322266,37.404460906982422
91328915,2020,2020-10-21,9460,2020-10-16,1501,019806,,5,2,9,2400,0,3,5,,2,080,"GURR RD","BAILEY AVE",0.00,,Y,A,-,N,,,,,,,,,,Y,2,0,1,2,A,-,09,21801,A,N,D,C,A,A,H,-,A,D,0,,,Y,,Y,,A,01,1,0,0,0,0,0,0,0,1,"- ","- ",37.288089752197266,-120.55982971191406,MERCED,UNINCORPORATED,-120.55986022949219,37.288089752197266
91328967,2020,2020-10-21,9460,2020-10-15,0729,015398,,4,1,9,2400,0,3,5,,2,020,"SANTA FE DR.","LINWOOD RD.",168.00,S,N,E,-,N,,,,,,,,,,Y,4,0,2,2,A,-,03,22350,,N,B,C,A,A,H,-,A,D,0,,,,,Y,,A,01,0,0,2,0,0,0,0,0,0,"- ","- ",37.477161407470703,-120.74320220947266,MERCED,UNINCORPORATED,-120.74324035644531,37.477180480957031
91328976,2020,2020-10-21,9460,2020-10-17,1739,019806,,6,2,9,2400,0,1,3,,1,590,SR-59,"OAKDALE RD",2640.00,S,N,A,-,Y,,,59,,,,,,,Y,3,0,1,1,A,-,08,22107,,N,F,A,A,A,H,-,A,D,0,,,Y,,Y,,C,02,0,1,0,0,0,0,0,0,1,"- ","- ",37.410881042480469,-120.50521087646484,MERCED,UNINCORPORATED,-120.50527954101562,37.410846710205078
91328979,2020,2020-10-21,9460,2020-10-17,1357,019806,,6,1,9,2400,0,1,3,,1,591,SR-59,"EL NIDO RD",545.00,S,N,A,-,Y,,,59,,,,,,,Y,3,0,2,2,A,-,03,22350,,N,C,C,A,A,H,-,A,D,0,,,,,Y,,A,01,0,1,1,0,0,0,0,0,0,"- ","- ",37.133369445800781,-120.49221038818359,MERCED,UNINCORPORATED,-120.49220275878906,37.133369445800781
91329734,2020,2020-10-22,9460,2020-10-17,1920,019918,,6,2,9,2400,0,3,5,,2,030,"ASHBY ROAD","FRANKLIN ROAD",0.00,,Y,A,-,N,,,,,,,,,,Y,3,0,1,2,A,-,09,21801,A,N,D,C,A,A,H,-,D,D,0,,,,,Y,,A,01,0,1,0,0,0,0,0,0,0,"- ","- ",37.323070526123047,-120.54216766357422,MERCED,UNINCORPORATED,-120.54208374023438,37.323089599609375
91329839,2020,2020-10-22,9461,2020-10-18,1710,020486,,7,2,9,2400,0,1,3,,1,153,"STATE HIGHWAY 152","UPPER COTTONWOOD ROAD",5280.00,E,N,A,-,Y,,,152,,,,,,,Y,3,0,1,1,A,-,08,22107,,N,E,I,A,A,H,-,A,D,0,,,,,Y,,D,22,0,1,0,0,0,0,0,0,0,"- ","- ",37.086818695068359,-121.17431640625,MERCED,UNINCORPORATED,-121.17432403564453,37.086856842041016
91330101,2020,2020-10-23,9460,2020-10-21,1550,018603,,3,2,9,2400,0,1,3,,2,001,"SR-99 N/B","COLLIER RD",3696.00,N,N,A,-,Y,,,,,,,,,,Y,4,0,1,2,A,-,03,22350,,N,C,C,A,A,H,-,A,D,0,,,,,Y,,D,22,0,0,1,0,0,0,0,0,0,"- ","- ",37.250400543212891,-120.45379638671875,MERCED,UNINCORPORATED,-120.75967407226562,37.417045593261719
91330267,2020,2020-10-23,9461,2020-10-16,1645,021056,,5,2,9,2400,0,2,4,,1,415,"HENRY MILLER AVE W/B",SR-165,6864.00,E,N,A,-,N,,,,,,,,,,Y,3,0,1,1,A,-,08,22107,,N,E,A,A,A,H,-,A,D,0,,,,,Y,,A,01,0,1,0,0,0,0,0,0,0,"- ","- ",37.099571228027344,-120.81120300292969,MERCED,UNINCORPORATED,-120.81132507324219,37.099517822265625
91330308,2020,2020-10-23,9461,2020-10-16,2115,020486,,5,2,9,2400,0,1,3,,1,153,"STATE HIGHWAY 152","UPPER COTTON WOOD",2640.00,E,N,A,-,Y,,,152,,,,,,,Y,3,0,3,2,A,-,01,23152,A,N,B,C,A,A,H,-,D,D,0,,,,,Y,Y,A,01,0,1,2,0,0,0,0,0,0,"- ","- ",37.086940765380859,-121.17392730712891,MERCED,UNINCORPORATED,-121.17392730712891,37.086929321289062
91330411,2020,2020-10-23,9460,2020-10-21,0530,015398,,3,3,9,2400,0,3,5,,2,020,"SHANKS RD.","VINCENT RD.",115.00,W,N,A,-,N,,,,,,,,,,Y,2,0,1,2,A,-,05,21460,A,N,E,I,A,A,H,-,C,A,0,,,Y,,Y,,-,99,1,0,0,0,0,0,0,0,1,"- ","- ",37.438831329345703,-120.77715301513672,MERCED,UNINCORPORATED,-120.77707672119141,37.43878173828125
91330444,2020,2020-10-23,9460,2020-10-15,2320,020365,,4,3,9,2400,0,3,5,,2,060,"PLAINSBURG RD","LE GRAND RD",1056.00,S,N,A,-,N,,,,,,,,,,Y,3,0,1,1,A,-,01,23152,A,N,E,I,A,A,H,-,D,D,0,,,,,Y,Y,A,07,0,1,0,0,0,0,0,0,0,"- ","- ",37.224800109863281,-120.32489013671875,MERCED,UNINCORPORATED,-120.32492828369141,37.22637939453125
91330547,2020,2020-10-23,9460,2020-10-17,0755,016476,,6,1,9,2400,0,2,4,,1,101,"WESTSIDE BLVD","ROBIN AVE",0.00,,Y,A,-,N,,,,,,,,,,N,4,0,1,2,D,-,00,,,N,D,C,A,A,H,-,A,A,0,,,,,Y,,-,"- ",0,0,1,0,0,0,0,0,0,"- ","- ",37.360988616943359,-120.74185180664062,MERCED,UNINCORPORATED,-120.74191284179688,37.360458374023438
91330683,2020,2020-10-26,9460,2020-10-23,1523,019918,,5,2,9,2400,0,1,3,,2,001,"SR-99 N/B","COLLIER ROAD",2640.00,S,N,A,-,Y,,,99,,,,,,N,N,4,0,1,2,A,-,03,22350,,N,C,C,A,A,H,-,A,D,0,,,,,Y,,D,22,0,0,1,0,0,0,0,0,0,"- ","- ",37.401771545410156,-120.74463653564453,MERCED,UNINCORPORATED,-120.74463653564453,37.401771545410156
91330820,2020,2020-10-26,9460,2020-10-18,1435,018778,,7,2,9,2400,0,3,5,,2,040,"OAKDALE ROAD","SHAFFER ROAD",2112.00,W,N,A,-,N,,,,,,,,,,Y,2,0,1,1,A,-,01,23152,A,N,E,I,A,A,H,-,A,D,0,,,,,Y,Y,A,01,1,0,0,0,0,0,0,0,0,"- ","- ",37.448661804199219,-120.60067749023438,MERCED,UNINCORPORATED,-120.60013580322266,37.448371887207031
91331067,2020,2020-10-26,9461,2020-10-20,1845,019052,,2,2,9,2400,0,3,5,,2,050,"CUSTER AVE","SHAIN AVE",55.00,S,N,A,-,N,,,,,,,,,,Y,3,0,1,1,A,-,08,22107,,N,E,I,A,A,H,-,D,D,0,,,,,Y,,D,22,0,1,0,0,0,0,0,0,0,"- ","- ",36.966991424560547,-120.59040832519531,MERCED,UNINCORPORATED,-120.59049987792969,36.966968536376953
91331477,2020,2020-10-26,9460,2020-10-19,0005,021150,,1,3,9,2400,0,1,3,,2,001,"SR-99 N/B","EL CAPITAN WAY",800.00,S,N,A,-,Y,,,99,,,,,,N,Y,3,0,1,1,A,-,08,22107,,N,E,I,A,A,H,-,C,D,0,,,,,Y,,A,01,0,1,0,0,0,0,0,0,0,"- ","- ",37.432151794433594,-120.77638244628906,MERCED,UNINCORPORATED,-120.77656555175781,37.431941986083984
91331537,2020,2020-10-26,9461,2020-10-23,0430,018910,,5,3,9,2400,0,1,3,,1,152,"STATE ROUTE 152 EASTBOUND","SAN JOAQUIN RIVER BRIDGE",500.00,E,N,A,-,Y,,,152,,,,,,E,Y,3,0,1,1,C,-,18,,,N,E,J,A,A,H,-,D,D,0,,,,,Y,,-,"- ",0,1,0,0,0,0,0,0,0,"- ","- ",37.058101654052734,-120.54650115966797,MERCED,UNINCORPORATED,-120.54658508300781,37.058170318603516
91331665,2020,2020-10-26,9460,2020-10-18,1024,019005,,7,1,9,2400,0,3,5,,2,020,"EL CAPITAN AVE","SANTA FE DRIVE",4752.00,W,N,A,-,N,,,,,,,,,,Y,2,0,2,2,A,-,01,23152,F,N,A,C,A,A,H,-,A,D,0,,,,,Y,,A,01,1,1,0,0,0,0,0,0,0,"- ","- ",37.433738708496094,-120.68692779541016,MERCED,UNINCORPORATED,-120.69199371337891,37.433742523193359
91331940,2020,2020-10-27,9461,2020-10-24,1757,021280,,6,2,9,2400,0,1,3,,1,152,"SR-152 W/B","DINOSAUR POINT RD.",1056.00,E,N,A,-,Y,,,152,,,,,,W,Y,3,0,1,1,A,-,08,22107,,N,E,I,A,A,H,-,A,D,0,,,,,Y,,A,01,0,1,0,0,0,0,0,0,0,"- ","- ",37.072788238525391,-121.21044158935547,MERCED,UNINCORPORATED,-121.21056365966797,37.072849273681641
91331954,2020,2020-10-27,9460,2020-10-21,0930,014541,,3,1,9,2400,0,2,4,,1,041,"EUCALYPTUS AVENUE","SANTA FE DRIVE",0.00,,Y,A,-,N,,,,,,,,,,N,4,0,1,2,A,-,09,21802,A,N,D,C,A,A,H,-,A,A,0,,,Y,,Y,,D,22,0,0,1,0,0,0,0,0,1,"- ","- ",37.404220581054688,-120.64286804199219,MERCED,UNINCORPORATED,-120.64302062988281,37.404159545898438
91332273,2020,2020-10-27,9461,2020-10-24,1316,021387,,6,1,9,2400,0,1,3,,1,152,"SR-152 W/B","ROMERO VISITOR CENTER",3696.00,E,N,A,-,Y,,,152,,,,,,W,Y,4,0,1,2,A,-,03,22350,,N,C,C,A,A,H,-,A,D,0,,,,,Y,,A,01,0,0,1,0,0,0,0,0,0,"- ","- ",37.080429077148438,-121.09065246582031,MERCED,UNINCORPORATED,-121.09065246582031,37.080432891845703
91332635,2020,2021-06-01,9460,2020-10-16,2040,019286,,5,2,9,2400,0,3,5,,2,020,"CORTEZ AVENUE","NORTH AVENUE",700.00,S,N,A,-,N,,,,,,,,,,Y,4,0,1,2,A,-,09,21804,A,N,D,C,A,A,H,-,D,D,0,,,,,Y,,D,22,0,0,1,0,0,0,0,0,0,"- ","- ",37.439018249511719,-120.74019622802734,MERCED,UNINCORPORATED,-120.74015808105469,37.4390869140625
91332935,2020,2020-10-28,9461,2020-10-24,2008,021280,,6,2,9,2400,0,1,1,,2,206,"I-5 N/B","LAGUNA SECA U/C",1056.00,S,N,A,-,Y,,,5,,,,,,N,Y,3,0,3,2,A,-,01,23152,F,N,C,C,A,A,H,-,D,D,0,,,,,Y,,A,01,0,1,2,0,0,0,0,0,0,"- ","- ",36.886619567871094,-120.79875946044922,MERCED,UNINCORPORATED,-120.79872131347656,36.886646270751953
91333826,2020,2020-10-29,9460,2020-10-28,1640,018603,,3,2,9,2400,0,1,3,,1,165,"SR-165 N/B","AUGUST AVE",700.00,S,N,A,-,Y,,,,,,,,,,Y,4,0,2,3,A,-,03,22350,,N,C,C,A,A,H,-,A,D,0,,,,,Y,,A,01,0,0,2,0,0,0,0,0,0,"- ","- ",37.25,-120.50589752197266,MERCED,UNINCORPORATED,-120.8499755859375,37.416828155517578
91334193,2020,2020-10-29,9461,2020-10-23,1555,021056,,5,2,9,2400,0,1,3,,1,152,"SR-152 E/B","ROMERO VISITOR CENTER",2640.00,E,N,A,-,Y,,,152,,,,,,E,Y,3,0,1,2,A,-,08,22107,,N,D,C,A,A,H,-,A,D,0,,,,,Y,,A,01,0,1,0,0,0,0,0,0,0,"- ","- ",37.081668853759766,-121.09310913085938,MERCED,UNINCORPORATED,-121.09312438964844,37.081642150878906
91335276,2020,2021-04-29,9461,2020-09-29,1650,020351,,2,2,9,2400,0,2,4,,1,110,"INGOMAR GRADE","SYLVESTER ROAD",1698.00,N,N,A,-,N,,,,,,,,,,Y,1,1,3,1,A,-,00,22017,,N,F,A,A,A,H,-,A,A,0,,,,,Y,,A,07,0,3,0,0,0,0,0,0,0,"- ","- ",37.092979431152344,-120.91442108154297,MERCED,UNINCORPORATED,-120.91445922851562,37.092952728271484
91335684,2020,2020-10-30,9460,2020-10-24,1840,018778,,6,2,9,2400,0,1,3,,1,143,SR-140,"PLAINSBURG RD",0.00,,Y,A,-,Y,,,140,,,,,,,N,4,0,1,2,A,-,09,21802,A,N,D,C,A,A,H,-,C,A,0,,,,,Y,Y,A,01,0,0,1,0,0,0,0,0,0,"- ","- ",37.29541015625,-120.3248291015625,MERCED,UNINCORPORATED,-120.3248291015625,37.295383453369141
91335859,2020,2020-10-30,9460,2020-10-23,1712,021407,,5,2,9,2400,0,3,5,,2,020,"EL CAPITAN WAY","BALLICO AVENUE",100.00,W,N,A,-,N,,,,,,,,,,Y,4,0,3,2,A,-,03,22350,,N,C,C,A,A,H,-,A,D,0,,,,,Y,,A,01,0,0,3,0,0,0,0,0,0,"- ","- ",37.433601379394531,-120.70189666748047,MERCED,UNINCORPORATED,-120.70181274414062,37.433773040771484
91336025,2020,2020-10-30,9460,2020-10-23,1410,020822,,5,2,9,2400,0,1,3,,2,001,"SR-99 S/B","BRADBURY RD",1162.00,N,N,A,-,Y,,,99,,,,,,S,Y,2,0,2,1,A,-,08,22107,,N,F,A,A,A,H,-,A,D,0,,,,,Y,,A,07,1,1,0,0,0,0,0,0,0,"- ","- ",37.450649261474609,-120.79933929443359,MERCED,UNINCORPORATED,-120.79927062988281,37.450698852539062
91336451,2020,2020-11-02,9461,2020-10-26,1350,019052,,1,1,9,2400,0,1,3,,1,465,SR-165,"BLUE GOOSE",4224.00,S,N,A,-,Y,,,165,,,,,,,Y,3,0,1,2,A,-,03,22350,,N,B,C,A,A,H,-,A,D,0,,,,Y,Y,,D,22,0,1,0,0,0,0,0,0,0,"- ","- ",37.20098876953125,-120.84339904785156,MERCED,UNINCORPORATED,-120.84330749511719,37.201030731201172
91336483,2020,2020-11-02,9460,2020-10-17,1416,019806,,6,2,9,2400,0,1,3,,1,591,SR-59,"EL NIDO RD",477.00,S,N,A,-,Y,,,59,,,,,,,N,4,0,1,2,A,-,03,22350,,N,C,C,A,A,H,-,A,D,0,,,,,Y,,A,01,0,0,1,0,0,0,0,0,0,"- ","- ",37.133930206298828,-120.49221038818359,MERCED,UNINCORPORATED,-120.49220275878906,37.133930206298828
91336789,2020,2020-11-02,9460,2020-10-23,0452,020840,,5,3,9,2400,0,1,3,,2,001,"SR-99 N/B","SOUTH AVE",3168.00,S,N,A,-,Y,,,99,,,,,,N,Y,3,0,2,1,A,-,08,22107,,N,F,A,A,A,H,-,D,D,0,,,,,Y,,A,01,0,2,0,0,0,0,0,0,0,"- ","- ",37.420791625976562,-120.76380920410156,MERCED,UNINCORPORATED,-120.76383972167969,37.420753479003906
91336885,2020,2020-11-02,9461,2020-10-24,1520,018778,,6,2,9,2400,0,3,5,,2,040,"W. SANDY MUSH RD","NICKLE RD",250.00,E,N,A,-,N,,,,,,,,,,Y,4,0,1,1,A,-,08,22107,,N,E,I,A,A,H,-,A,A,0,,,,,Y,,A,01,0,0,1,0,0,0,0,0,0,"- ","- ",37.186168670654297,-120.68180847167969,MERCED,UNINCORPORATED,-120.68189239501953,37.186153411865234