CASE_ID,ACCIDENT_YEAR,PROC_DATE,JURIS,COLLISION_DATE,COLLISION_TIME,OFFICER_ID,REPORTING_DISTRICT,DAY_OF_WEEK,CHP_SHIFT,POPULATION,CNTY_CITY_LOC,SPECIAL_COND,BEAT_TYPE,CHP_BEAT_TYPE,CITY_DIVISION_LAPD,CHP_BEAT_CLASS,BEAT_NUMBER,PRIMARY_RD,SECONDARY_RD,DISTANCE,DIRECTION,INTERSECTION,WEATHER_1,WEATHER_2,STATE_HWY_IND,CALTRANS_COUNTY,CALTRANS_DISTRICT,STATE_ROUTE,ROUTE_SUFFIX,POSTMILE_PREFIX,POSTMILE,LOCATION_TYPE,RAMP_INTERSECTION,SIDE_OF_HWY,TOW_AWAY,COLLISION_SEVERITY,NUMBER_KILLED,NUMBER_INJURED,PARTY_COUNT,PRIMARY_COLL_FACTOR,PCF_CODE_OF_VIOL,PCF_VIOL_CATEGORY,PCF_VIOLATION,PCF_VIOL_SUBSECTION,HIT_AND_RUN,TYPE_OF_COLLISION,MVIW,PED_ACTION,ROAD_SURFACE,ROAD_COND_1,ROAD_COND_2,LIGHTING,CONTROL_DEVICE,CHP_ROAD_TYPE,PEDESTRIAN_ACCIDENT,BICYCLE_ACCIDENT,MOTORCYCLE_ACCIDENT,TRUCK_ACCIDENT,NOT_PRIVATE_PROPERTY,ALCOHOL_INVOLVED,STWD_VEHTYPE_AT_FAULT,CHP_VEHTYPE_AT_FAULT,COUNT_SEVERE_INJ,COUNT_VISIBLE_INJ,COUNT_COMPLAINT_PAIN,COUNT_PED_KILLED,COUNT_PED_INJURED,COUNT_BICYCLIST_KILLED,COUNT_BICYCLIST_INJURED,COUNT_MC_KILLED,COUNT_MC_INJURED,PRIMARY_RAMP,SECONDARY_RAMP,LATITUDE,LONGITUDE,COUNTY,CITY,POINT_X,POINT_Y
91355002,2020,2020-11-30,9461,2020-11-21,1759,020486,,6,2,9,2400,0,1,3,,1,153,"STATE HIGHWAY 152","VOLTA ROAD",0.00,,Y,A,-,Y,,,152,,,,,,,Y,4,0,2,2,A,-,03,22350,,N,B,E,A,A,H,-,D,D,0,,,,Y,Y,,A,01,0,0,2,0,0,0,0,0,0,"- ","- ",37.056308746337891,-120.92665863037109,MERCED,UNINCORPORATED,-120.92665863037109,37.056461334228516
91355115,2020,2020-11-30,9460,2020-11-23,1345,018951,,1,1,9,2400,0,1,3,,2,002,"STATE ROUTE 99 N/B FROM ATWATER BLVD.","ATWATER BOULEVARD",1056.00,N,N,A,-,Y,,,99,,,,R,,N,Y,4,0,2,2,A,-,03,22350,,N,C,C,A,A,H,-,A,D,0,,,,,Y,,A,01,0,0,2,0,0,0,0,0,0,"- ","- ",37.353778839111328,-120.62693023681641,MERCED,UNINCORPORATED,-120.62693023681641,37.353778839111328
91355151,2020,2020-11-30,9460,2020-11-25,1010,016323,,3,1,9,2400,0,1,3,,1,143,"STATE ROUTE 140","ARBOLEDA DRIVE",5280.00,E,N,A,-,Y,,,140,,,,,,,Y,4,0,1,2,A,-,03,22350,,F,C,C,A,A,H,-,A,D,0,,,,,Y,,-,99,0,0,1,0,0,0,0,0,0,"- ","- ",37.295570373535156,-120.36373138427734,MERCED,UNINCORPORATED,-120.36372375488281,37.295860290527344
91355793,2020,2020-11-30,9461,2020-11-22,2115,020486,,7,2,9,2400,0,1,3,,1,152,"STATE HIGHWAY 152","ROMERO VISITOR CENTER",2640.00,W,N,A,-,Y,,,152,,,,,,,Y,4,0,1,1,A,-,08,22107,,N,E,I,A,A,H,-,D,D,0,,,,,Y,,A,01,0,0,1,0,0,0,0,0,0,"- ","- ",37.084789276123047,-121.10505676269531,MERCED,UNINCORPORATED,-121.10505676269531,37.084793090820312
91355812,2020,2020-11-30,9460,2020-11-26,2030,019918,,4,2,9,2400,0,3,5,,2,040,"PERIMETER DR","HEADWIND DR",1180.00,N,N,A,-,N,,,,,,,,,,Y,3,0,1,1,A,-,03,22350,,N,E,I,A,A,H,-,D,D,0,,,,,Y,,A,01,0,1,0,0,0,0,0,0,0,"- ","- ",37.385219573974609,-120.58392333984375,MERCED,UNINCORPORATED,-120.5838623046875,37.385196685791016
91356101,2020,2020-12-01,9461,2020-11-28,1411,019052,,6,2,9,2400,0,1,3,,1,465,SR-165,"SANTA FE GRD",1056.00,N,N,A,-,Y,,,165,,,,,,,Y,2,0,1,2,A,-,03,22350,,N,B,C,A,A,H,-,A,D,0,,,Y,,Y,,C,02,1,0,0,0,0,0,0,0,1,"- ","- ",37.106689453125,-120.83490753173828,MERCED,UNINCORPORATED,-120.83486175537109,37.106689453125
91356121,2020,2020-12-03,9460,2020-11-28,0545,018922,,6,3,9,2400,0,3,5,,2,060,"SANTA FE AVENUE","CHILDS AVENUE",0.00,,Y,A,-,N,,,,,,,,,,Y,4,0,1,1,A,-,03,22350,,N,E,I,A,A,H,-,D,D,0,,,,,Y,,A,01,0,0,1,0,0,0,0,0,0,"- ","- ",37.288150787353516,-120.32023620605469,MERCED,UNINCORPORATED,-120.31983184814453,37.287849426269531
91356428,2020,2020-12-01,9461,2020-11-25,0849,017080,,3,1,9,2400,0,1,1,,2,206,"I-5 N/B","DOS AMIGOS VISTA POINT",5280.00,S,N,A,-,Y,,,5,,,,,,N,Y,4,0,1,2,A,-,03,22350,,N,D,C,A,A,H,-,A,D,0,,,,Y,Y,,A,01,0,0,1,0,0,0,0,0,0,"- ","- ",36.905769348144531,-120.81497192382812,MERCED,UNINCORPORATED,-120.81497955322266,36.905765533447266
91356639,2020,2020-12-01,9461,2020-11-27,2055,021387,,5,2,9,2400,0,1,3,,1,152,"SR-152 E/B",FOREBAY,2640.00,W,N,A,-,Y,,,152,,,,,,E,Y,3,0,2,1,A,-,08,22107,,N,F,A,A,A,H,-,D,D,0,,,,,Y,,D,22,0,1,1,0,0,0,0,0,0,"- ","- ",37.074840545654297,-121.08130645751953,MERCED,UNINCORPORATED,-121.08134460449219,37.074775695800781
91356728,2020,2020-12-01,9460,2020-11-24,1235,014541,,2,1,9,2400,0,3,5,,2,040,"BELCHER AVENUE","BEACHWOOD DRIVE",1056.00,W,N,A,-,N,,,,,,,,,,Y,4,0,1,1,A,-,08,22107,,N,E,I,A,A,H,-,A,D,0,,,,,Y,,A,01,0,0,1,0,0,0,0,0,0,"- ","- ",37.3389892578125,-120.53057098388672,MERCED,UNINCORPORATED,-120.53096008300781,37.338966369628906
91357213,2020,2020-12-02,9461,2020-11-25,0115,021536,,3,3,3,2405,0,1,1,,2,206,"I-5 S/B","SR-165 (MERCY SPRINGS RD.)",2100.00,S,N,A,-,Y,,,,,,,,,,Y,3,0,2,3,A,-,01,23152,A,N,B,C,A,A,H,-,D,D,0,,,,Y,Y,Y,A,07,0,1,1,0,0,0,0,0,0,"- ","- ",36.925701141357422,-120.83596038818359,MERCED,"LOS BANOS",-120.83599853515625,36.925804138183594
91357372,2020,2021-01-15,9461,2020-11-26,2020,021056,,4,2,9,2400,0,1,1,,2,105,"I-5 S/B","WHITWORTH RD",528.00,S,N,A,-,Y,,,5,,,,,,S,Y,2,0,2,1,A,-,08,22107,,N,E,I,A,A,H,-,D,D,0,,,,,Y,,D,22,1,0,1,0,0,0,0,0,0,"- ","- ",37.130081176757812,-121.03256225585938,MERCED,UNINCORPORATED,-121.03254699707031,37.130088806152344
91357606,2020,2020-12-02,9460,2020-11-28,1440,018778,,6,2,9,2400,0,1,3,,2,003,"SR-99 S/B","MCHENRY RD",1000.00,N,N,A,-,Y,,,99,,,,,,S,N,4,0,1,2,A,-,03,22350,,N,C,C,A,A,H,-,A,D,0,,,,,Y,,A,01,0,0,1,0,0,0,0,0,0,"- ","- ",37.2601318359375,-120.42249298095703,MERCED,UNINCORPORATED,-120.42255401611328,37.260059356689453
91358106,2020,2020-12-03,9460,2020-11-18,2250,021530,,3,3,9,2400,0,3,5,,2,020,"OAKDALE RD","TURLOCK RD",400.00,E,N,A,-,N,,,,,,,,,,Y,4,0,1,1,A,-,08,22107,,N,E,I,A,A,H,-,D,D,0,,,,,Y,,A,01,0,0,1,0,0,0,0,0,0,"- ","- ",37.476249694824219,-120.64337921142578,MERCED,UNINCORPORATED,-120.64350891113281,37.476299285888672
91358977,2020,2020-12-22,9460,2020-12-01,1100,014541,,2,1,9,2400,0,3,5,,2,090,"STEINBERG ROAD","LONGVIEW AVENUE",0.00,,Y,A,-,N,,,,,,,,,,Y,3,0,1,2,A,-,08,22107,,N,B,C,A,A,H,-,A,D,0,,,,,Y,,A,01,0,1,0,0,0,0,0,0,0,"- ","- ",37.353038787841797,-120.65963745117188,MERCED,UNINCORPORATED,-120.65963745117188,37.353038787841797
91359072,2020,2020-12-04,9460,2020-11-24,2045,018673,,2,2,9,2400,0,3,5,,2,050,"MERCED FALLS RD","LA GRANGE RD",15312.00,E,N,A,-,N,,,,,,,,,,Y,3,0,1,1,A,-,01,23152,A,N,E,I,A,A,H,-,D,D,0,,,,,Y,Y,A,01,0,1,0,0,0,0,0,0,0,"- ","- ",37.517921447753906,-120.37718200683594,MERCED,UNINCORPORATED,-120.37796783447266,37.518123626708984
91359516,2020,2020-12-07,9460,2020-11-27,0455,021320,,5,3,9,2400,0,1,3,,2,001,"SR-99 S/B","HAMMATT AVE",1056.00,N,N,A,-,Y,,,,,,,,,,Y,3,0,2,1,A,-,08,22107,,N,E,I,A,A,H,-,D,D,0,,,,,Y,Y,A,01,0,2,0,0,0,0,0,0,0,"- ","- ",37.386249542236328,-120.71817016601562,MERCED,UNINCORPORATED,-120.71649932861328,37.385719299316406
91359953,2020,2020-12-07,9460,2020-12-02,1423,021407,,3,2,9,2400,0,3,5,,2,050,"MCKEE RD","EAST 27TH STREET",320.00,S,N,A,-,N,,,,,,,,,,Y,4,0,2,2,A,-,09,21801,A,N,D,C,A,A,H,-,A,D,0,,,,,Y,,A,01,0,0,2,0,0,0,0,0,0,"- ","- ",37.302700042724609,-120.44509887695312,MERCED,UNINCORPORATED,-120.44502258300781,37.302803039550781
91360040,2020,2020-12-07,9460,2020-10-08,0840,015398,,4,1,9,2400,0,3,5,,2,020,"PALM STREET","BLOSS AVENUE",0.00,,Y,A,-,N,,,,,,,,,,Y,1,1,2,2,A,-,12,22450,A,F,D,C,A,A,H,-,A,A,0,,,,,Y,,A,01,1,1,0,0,0,0,0,0,0,"- ","- ",37.404941558837891,-120.76856994628906,MERCED,UNINCORPORATED,-120.76851654052734,37.404930114746094
91360140,2020,2020-12-07,9461,2020-11-29,1229,020351,,7,1,9,2400,0,1,1,,2,105,"I-5 S/B","CA AQUEDUCT",1200.00,N,N,A,-,Y,,,5,,,,,,S,Y,4,0,1,3,A,-,03,22350,,M,C,C,A,A,H,-,A,D,0,,,,,Y,,A,01,0,0,1,0,0,0,0,0,0,"- ","- ",37.070461273193359,-120.98332977294922,MERCED,UNINCORPORATED,-120.98332977294922,37.070461273193359
91360572,2020,2020-12-07,9460,2020-11-19,0100,020365,,4,3,9,2400,0,1,3,,2,001,"SR-99 N/B","SOUTH AVE",2640.00,S,N,A,-,Y,,,99,,,,,,N,Y,2,0,1,2,A,-,01,23152,A,N,C,C,A,A,G,-,D,D,0,,,,Y,Y,Y,D,22,1,0,0,0,0,0,0,0,0,"- ","- ",37.422119140625,-120.76553344726562,MERCED,UNINCORPORATED,-120.76552581787109,37.422122955322266
91361034,2020,2020-12-08,9460,2020-12-01,0035,020099,,2,3,9,2400,0,1,3,,2,002,"SR-99 N/B","FRANKLIN RD",215.00,S,N,A,-,Y,,,99,,,,,,N,Y,4,0,1,1,A,-,08,22107,,N,E,I,A,A,H,-,D,D,0,,,,,Y,,A,07,0,0,1,0,0,0,0,0,0,"- ","- ",37.321018218994141,-120.54031372070312,MERCED,UNINCORPORATED,-120.54039001464844,37.320804595947266
91361209,2020,2020-12-08,9461,2020-12-05,0750,020486,,6,1,9,2400,0,2,4,,1,115,"HENRY MILLER AVENUE","CHEROKEE RD",7920.00,E,N,A,-,N,,,,,,,,,,Y,3,0,1,1,A,-,08,22107,,N,E,I,A,A,H,-,A,D,0,,,,,Y,,A,01,0,1,0,0,0,0,0,0,0,"- ","- ",37.1002197265625,-120.95011138916016,MERCED,UNINCORPORATED,-120.95008850097656,37.100257873535156
91361567,2020,2020-12-08,9461,2020-11-29,1455,021056,,7,2,9,2400,0,1,3,,1,152,"SR-152 E/B",I-5,1584.00,W,N,A,-,Y,,,152,,,,,,E,N,4,0,1,3,A,-,03,22350,,N,C,C,A,A,H,-,A,D,0,,,,,Y,,A,01,0,0,1,0,0,0,0,0,0,"- ","- ",37.056659698486328,-120.97728729248047,MERCED,UNINCORPORATED,-120.97728729248047,37.056648254394531
91361589,2020,2020-12-08,9460,2020-12-07,1722,018603,,1,2,9,2400,0,1,3,,2,002,"SR-99 N/B","ATWATER BLVD.",1056.00,N,N,A,-,Y,,,99,,,,,,N,Y,4,0,2,3,A,-,03,22350,,N,C,C,A,A,H,-,D,D,0,,,,,Y,,A,01,0,0,2,0,0,0,0,0,0,"- ","- ",37.340099334716797,-120.5968017578125,MERCED,UNINCORPORATED,-120.5968017578125,37.340156555175781
91361854,2020,2020-12-09,9460,2020-12-07,1525,018603,,1,2,9,2400,0,3,5,,2,040,"BELCHER AVE","THORNTON RD",20.00,W,N,A,-,N,,,,,,,,,,Y,4,0,1,2,A,-,03,22350,,N,C,C,A,A,H,-,A,D,0,,,,,Y,,A,01,0,0,1,0,0,0,0,0,0,"- ","- ",37.339008331298828,-120.52252197265625,MERCED,UNINCORPORATED,-120.52255249023438,37.339019775390625
91361875,2020,2020-12-09,9460,2020-12-05,2105,020857,,6,2,9,2400,0,3,5,,2,010,"AMERICAN AVE","AMBER LN",100.00,E,N,A,-,N,,,,,,,,,,N,3,0,1,2,A,-,11,21954,A,N,G,B,D,A,H,-,C,D,0,Y,,,,Y,Y,N,60,0,1,0,0,1,0,0,0,0,"- ","- ",37.411579132080078,-120.85315704345703,MERCED,UNINCORPORATED,-120.8533935546875,37.411552429199219
91361888,2020,2020-12-09,9460,2020-12-06,0910,016917,,7,1,5,2406,0,1,3,,2,003,"SR-99 S/B",SR-140,415.00,N,N,A,-,Y,,,99,,,,,,S,Y,3,0,1,1,A,-,08,22107,,N,E,I,A,A,H,-,A,D,0,,,,,Y,,A,01,0,1,0,0,0,0,0,0,0,"- ","- ",37.295398712158203,-120.46942138671875,MERCED,MERCED,-120.46944427490234,37.295318603515625
91362148,2020,2020-12-09,9460,2020-11-28,1555,020822,,6,2,9,2400,0,3,5,,2,020,"MELINDA AVE","DANNY WAY",0.00,,Y,A,-,N,,,,,,,,,,Y,3,0,2,2,A,-,09,21800,B,N,D,C,A,A,H,-,A,D,0,,,,,Y,,A,01,0,1,1,0,0,0,0,0,0,"- ","- ",37.431510925292969,-120.79328155517578,MERCED,UNINCORPORATED,-120.79328918457031,37.431529998779297
91362304,2020,2020-12-09,9460,2020-11-28,1815,020822,,6,2,9,2400,0,1,3,,2,001,"SR-99 S/B","GOLDEN STATE BLVD",1056.00,N,N,A,-,Y,,,99,,,,,,S,N,4,0,1,2,A,-,07,21658,A,F,B,C,A,A,H,-,D,D,0,,,,,Y,,-,99,0,0,1,0,0,0,0,0,0,"- ","- ",37.458370208740234,-120.80992126464844,MERCED,UNINCORPORATED,-120.80990600585938,37.458404541015625
91362321,2020,2020-12-09,9461,2020-12-04,1135,018586,,5,1,9,2400,0,3,5,,2,020,"ORTIGALITA RD","PIONEER RD",0.00,,Y,A,-,N,,,,,,,,,,Y,3,0,2,2,A,-,09,21801,A,N,D,C,A,A,H,-,A,D,0,,,,,Y,,A,07,0,2,0,0,0,0,0,0,0,"- ","- ",37.042190551757812,-120.87213897705078,MERCED,UNINCORPORATED,-120.87223052978516,37.042179107666016
91362403,2020,2020-12-09,9460,2020-11-29,2003,020822,,7,2,9,2400,0,1,3,,2,002,"SR-99 N/B","ATWATER MERCED EXPRESSWAY",1584.00,S,N,A,-,Y,,,99,,,,,,N,Y,4,0,1,2,A,-,09,21804,A,N,D,C,A,A,H,-,C,D,0,,,,Y,Y,,A,01,0,0,1,0,0,0,0,0,0,"- ","- ",37.330001831054688,-120.56365203857422,MERCED,UNINCORPORATED,-120.56387329101562,37.329399108886719
91362412,2020,2020-12-09,9460,2020-11-21,1012,016476,,6,1,9,2400,0,1,3,,1,165,SR-165,"3RD AVE",0.00,,Y,A,-,Y,,,165,,,,,,,Y,4,0,1,2,A,-,09,21802,A,N,D,C,A,A,H,-,A,A,0,,,,,Y,,A,07,0,0,1,0,0,0,0,0,0,"- ","- ",37.327541351318359,-120.85124206542969,MERCED,UNINCORPORATED,-120.85111999511719,37.327541351318359
91363067,2020,2020-12-10,9461,2020-12-04,1635,020351,,5,2,9,2400,0,1,3,,2,453,"SR-152 E/B","ISLAND ROAD",3120.00,E,N,A,-,Y,,,152,,,,,,E,Y,3,0,1,2,A,-,07,21658,A,M,B,C,A,A,H,-,D,D,0,,,,,Y,,-,99,0,1,0,0,0,0,0,0,0,"- ","- ",37.059078216552734,-120.54580688476562,MERCED,UNINCORPORATED,-120.54579162597656,37.059066772460938
91363108,2020,2020-12-10,9460,2020-12-01,1420,018951,,2,2,9,2400,0,1,3,,2,002,"STATE ROUTE 99 S/B FROM ATWATER BLVD","BUHACH ROAD",1584.00,N,N,A,-,Y,,,99,,,,R,,S,Y,4,0,1,2,A,-,03,22350,,N,C,C,A,A,H,-,A,D,0,,,Y,,Y,,C,02,0,0,1,0,0,0,0,0,1,"- ","- ",37.3360595703125,-120.58270263671875,MERCED,UNINCORPORATED,-120.58270263671875,37.3360595703125
91363142,2020,2020-12-10,9460,2020-12-06,2325,018951,,7,3,9,2400,0,1,3,,1,143,"STATE ROUTE 140","PLAINSBURG ROAD",3168.00,W,N,A,-,Y,,,140,,,,,,,Y,4,0,1,2,A,-,01,23152,A,N,C,C,A,A,H,-,A,D,0,,,,,Y,Y,A,01,0,0,1,0,0,0,0,0,0,"- ","- ",37.295520782470703,-120.33612060546875,MERCED,UNINCORPORATED,-120.33612060546875,37.295494079589844
91363189,2020,2020-12-10,9460,2020-12-07,1750,018603,,1,2,9,2400,0,1,3,,2,002,"SR-99 N/B","FRANKLIN RD",2640.00,N,N,A,-,Y,,,99,,,,,,N,N,4,0,2,2,A,-,03,22350,,F,C,C,A,A,H,-,D,D,0,,,,,Y,,-,99,0,0,2,0,0,0,0,0,0,"- ","- ",37.324298858642578,-120.55000305175781,MERCED,UNINCORPORATED,-120.54999542236328,37.324317932128906
9136385,2020,2020-10-02,2406,2020-07-18,0046,256,1,6,5,5,2406,0,0,0,,0,011,"COLLINS DR","M ST",341.00,E,N,A,-,N,,,,,,,,,,Y,2,0,1,1,A,-,01,23152,A,N,E,I,A,A,H,-,C,D,0,,,,,Y,Y,A,07,1,0,0,0,0,0,0,0,0,"- ","- ",,,MERCED,MERCED,-120.47721862792969,37.322696685791016
9136386,2020,2020-10-02,2406,2020-07-11,2128,258,3,6,5,5,2406,0,0,0,,0,031,"V ST","WEST 11TH ST",0.00,,Y,A,-,N,,,,,,,,,,Y,4,0,1,2,A,-,01,23152,A,N,C,C,A,A,H,-,D,D,0,,,,,Y,Y,A,01,0,0,1,0,0,0,0,0,0,"- ","- ",,,MERCED,MERCED,-120.50202178955078,37.300670623779297
9136441,2020,2020-09-15,2406,2020-06-15,2021,222,3,1,5,5,2406,0,0,0,,0,031,"R ST","WEST 12TH ST",0.00,,Y,A,-,N,,,,,,,,,,Y,3,0,1,2,A,-,01,23152,A,N,D,C,A,A,H,-,C,A,0,,,,,Y,Y,A,01,0,1,0,0,0,0,0,0,0,"- ","- ",,,MERCED,MERCED,-120.49545288085938,37.299461364746094
91364649,2020,2021-01-21,9461,2020-12-10,1025,020486,,4,1,9,2400,0,1,3,,1,152,"STATE HIGHWAY 152","UPPER COTTONWOOD ROAD",1056.00,W,N,A,-,Y,,,152,,,,,,,Y,4,0,1,3,A,-,07,21658,A,N,B,C,A,A,H,-,A,D,0,,,,Y,Y,,A,01,0,0,1,0,0,0,0,0,0,"- ","- ",37.084808349609375,-121.18312072753906,MERCED,UNINCORPORATED,-121.18312072753906,37.08477783203125
91366048,2020,2020-12-14,9460,2020-12-02,2200,021320,,3,3,9,2400,0,1,3,,2,003,"SR-99 S/B","MISSION AVE",5280.00,S,N,A,-,Y,,,99,,,,,,S,Y,4,0,1,2,A,-,01,23152,A,N,D,C,A,A,H,-,D,D,0,,,,Y,Y,Y,A,01,0,0,1,0,0,0,0,0,0,"- ","- ",37.260299682617188,-120.42259979248047,MERCED,UNINCORPORATED,-120.42269897460938,37.260189056396484
91366256,2020,2020-12-14,9460,2020-12-02,2335,019005,,3,3,9,2400,0,3,5,,2,020,"BALTIC WAY","PACIFIC LN",108.00,S,N,A,-,N,,,,,,,,,,Y,3,0,1,2,A,-,01,23152,A,F,C,E,A,A,H,-,C,D,0,,,,,Y,Y,A,01,0,1,0,0,0,0,0,0,0,"- ","- ",37.431850433349609,-120.78426361083984,MERCED,UNINCORPORATED,-120.78419494628906,37.431858062744141
91366263,2020,2020-12-14,9460,2020-12-02,0450,020156,,3,3,9,2400,0,1,3,,2,002,"SR-99 S/B","LIBERTY AVE",2006.00,S,N,A,-,Y,,,99,,,,,,S,Y,4,0,1,1,A,-,08,22107,,N,E,I,A,A,H,-,C,D,0,,,,Y,Y,,G,25,0,0,1,0,0,0,0,0,0,"- ","- ",37.370609283447266,-120.67643737792969,MERCED,UNINCORPORATED,-120.6763916015625,37.370697021484375
91366354,2020,2020-12-14,9460,2020-12-04,2314,018673,,5,3,9,2400,0,1,3,,1,142,SR-140,"BERT CRANE RD",1056.00,E,N,A,-,Y,,,140,,,,,,,Y,3,0,1,1,A,-,01,23152,A,N,E,I,A,A,H,-,D,D,0,,,,,Y,Y,D,22,0,1,0,0,0,0,0,0,0,"- ","- ",37.302169799804688,-120.62872314453125,MERCED,UNINCORPORATED,-120.62872314453125,37.302116394042969
91366506,2020,2020-12-14,9460,2020-12-06,0405,020822,,7,3,5,2406,0,1,3,,2,003,"SR-99 S/B","V ST",2640.00,N,N,A,-,Y,,,99,,,,,,S,Y,4,0,1,1,A,-,08,22107,,N,E,I,A,A,H,-,D,D,0,,,,,Y,,A,01,0,0,1,0,0,0,0,0,0,"- ","- ",37.306251525878906,-120.50829315185547,MERCED,MERCED,-120.50833129882812,37.306190490722656
91367469,2020,2020-12-15,9460,2020-08-23,2120,021468,,7,2,9,2400,0,3,5,,2,020,"TURLOCK ROAD","OAKDALE ROAD",0.00,,Y,F,-,N,,,,,,,,,,Y,1,1,5,3,A,-,09,21802,A,N,D,C,A,A,H,-,D,A,0,,,,,Y,,A,01,3,0,2,0,0,0,0,0,0,"- ","- ",37.476978302001953,-120.64459991455078,MERCED,UNINCORPORATED,-120.64460754394531,37.476959228515625
91367524,2020,2020-12-15,9461,2020-12-13,1125,021378,,7,1,9,2400,0,1,3,,1,152,"SR-152 E/B","DINOSAUR POINT RD",5280.00,E,N,C,-,Y,,,152,,,,,,E,Y,4,0,1,1,A,-,08,22107,,N,E,I,A,B,H,-,A,D,0,,,,,Y,,A,01,0,0,1,0,0,0,0,0,0,"- ","- ",37.076499938964844,-121.20747375488281,MERCED,UNINCORPORATED,-121.20750427246094,37.076568603515625
91367758,2020,2020-12-15,9461,2020-12-13,0810,021378,,7,1,9,2400,0,1,3,,1,152,"SR-152 E/B","ROMERO VISITOR CENTER",2640.00,E,N,C,-,Y,,,152,,,,,,E,Y,3,0,1,1,A,-,08,22107,,N,F,A,A,B,H,-,A,D,0,,,,,Y,,A,07,0,1,0,0,0,0,0,0,0,"- ","- ",37.080471038818359,-121.09113311767578,MERCED,UNINCORPORATED,-121.09112548828125,37.080482482910156
91367914,2020,2020-12-15,9461,2020-12-05,2041,020351,,6,2,9,2400,0,1,3,,1,503,SR-33,SR-152,0.00,,Y,A,-,Y,,,33,,,,,,,N,4,0,1,2,A,-,10,21950,A,M,G,B,D,A,H,-,D,D,0,Y,,,,Y,,D,22,0,0,1,0,1,0,0,0,0,"- ","- ",37.049839019775391,-120.63545227050781,MERCED,UNINCORPORATED,-120.63555145263672,37.049839019775391
91368603,2020,2020-12-16,9460,2020-12-04,1114,015398,,5,1,9,2400,0,3,5,,2,020,"BALLICO AVE.","SANTA FE DR.",105.00,S,N,A,-,N,,,,,,,,,,Y,4,0,1,2,A,-,12,22451,A,N,H,F,A,A,H,-,A,A,0,,,,Y,Y,,G,25,0,0,1,0,0,0,0,0,0,"- ","- ",37.450660705566406,-120.70126342773438,MERCED,UNINCORPORATED,-120.70130157470703,37.450733184814453
91368734,2020,2020-12-16,9460,2020-12-09,0702,015398,,3,1,9,2400,0,1,3,,2,002,"SR-99 S/B","LIBERTY AVE.",4752.00,S,N,A,-,Y,,,99,,,,,,S,Y,4,0,1,2,A,-,03,22350,,N,C,C,A,A,H,-,B,D,0,,,,Y,Y,,A,01,0,0,1,0,0,0,0,0,0,"- ","- ",37.367359161376953,-120.66779327392578,MERCED,UNINCORPORATED,-120.66779327392578,37.367347717285156
91368753,2020,2020-12-16,9460,2020-12-09,0930,019106,,3,1,3,2401,0,1,3,,2,002,"SR-99 N/B","E. ATWATER BLVD.",1584.00,N,N,A,-,Y,,,99,,,,,,N,N,4,0,1,2,A,-,07,21658,A,N,B,C,A,A,D,-,A,D,0,,,,Y,Y,,G,25,0,0,1,0,0,0,0,0,0,"- ","- ",37.340419769287109,-120.60124969482422,MERCED,ATWATER,-120.60124969482422,37.340419769287109
91368820,2020,2021-02-11,9460,2020-12-05,0253,021320,,6,3,9,2400,0,1,3,,2,003,"SR-99 N/B","MISSION AVE",8448.00,S,N,A,-,Y,,,99,,,,,,N,Y,3,0,1,2,A,-,01,23152,A,N,C,C,A,A,H,-,D,D,0,,,,Y,Y,,A,07,0,1,0,0,0,0,0,0,0,"- ","- ",37.256858825683594,-120.41790008544922,MERCED,UNINCORPORATED,-120.41819763183594,37.256488800048828
91369250,2020,2020-12-17,9460,2020-12-13,1455,021407,,7,2,9,2400,0,3,5,,2,020,"CANAL DRIVE","SOUTH AVENUE",250.00,S,N,B,-,N,,,,,,,,,,Y,4,0,1,1,A,-,08,22107,,N,E,I,A,B,H,-,A,D,0,,,,,Y,,A,01,0,0,1,0,0,0,0,0,0,"- ","- ",37.426101684570312,-120.74669647216797,MERCED,UNINCORPORATED,-120.74642944335938,37.425956726074219
91369510,2020,2020-12-22,9461,2020-12-12,0510,021387,,6,3,9,2400,0,1,3,,1,152,"SR-152 WESTBOUND","ROMERO VISITORS CENTER",1584.00,E,N,B,-,Y,,,152,,,,,,W,Y,3,0,1,1,A,-,08,22107,,N,E,I,A,B,H,-,D,D,0,,,,,Y,,D,22,0,1,0,0,0,0,0,0,0,"- ","- ",37.082931518554688,-121.09604644775391,MERCED,UNINCORPORATED,-121.09605407714844,37.082889556884766
91369533,2020,2020-12-17,9460,2020-12-11,1217,016476,,5,1,9,2400,0,1,3,,1,165,SR-165,"CAMPBELL ST",5.00,N,N,A,-,Y,,,165,,,,,,,N,3,0,1,2,A,-,10,21950,A,N,G,B,B,A,H,-,A,A,0,Y,,,,Y,,D,22,0,1,0,0,1,0,0,0,0,"- ","- ",37.402030944824219,-120.84969329833984,MERCED,UNINCORPORATED,-120.85015869140625,37.402034759521484