CASE_ID,ACCIDENT_YEAR,PROC_DATE,JURIS,COLLISION_DATE,COLLISION_TIME,OFFICER_ID,REPORTING_DISTRICT,DAY_OF_WEEK,CHP_SHIFT,POPULATION,CNTY_CITY_LOC,SPECIAL_COND,BEAT_TYPE,CHP_BEAT_TYPE,CITY_DIVISION_LAPD,CHP_BEAT_CLASS,BEAT_NUMBER,PRIMARY_RD,SECONDARY_RD,DISTANCE,DIRECTION,INTERSECTION,WEATHER_1,WEATHER_2,STATE_HWY_IND,CALTRANS_COUNTY,CALTRANS_DISTRICT,STATE_ROUTE,ROUTE_SUFFIX,POSTMILE_PREFIX,POSTMILE,LOCATION_TYPE,RAMP_INTERSECTION,SIDE_OF_HWY,TOW_AWAY,COLLISION_SEVERITY,NUMBER_KILLED,NUMBER_INJURED,PARTY_COUNT,PRIMARY_COLL_FACTOR,PCF_CODE_OF_VIOL,PCF_VIOL_CATEGORY,PCF_VIOLATION,PCF_VIOL_SUBSECTION,HIT_AND_RUN,TYPE_OF_COLLISION,MVIW,PED_ACTION,ROAD_SURFACE,ROAD_COND_1,ROAD_COND_2,LIGHTING,CONTROL_DEVICE,CHP_ROAD_TYPE,PEDESTRIAN_ACCIDENT,BICYCLE_ACCIDENT,MOTORCYCLE_ACCIDENT,TRUCK_ACCIDENT,NOT_PRIVATE_PROPERTY,ALCOHOL_INVOLVED,STWD_VEHTYPE_AT_FAULT,CHP_VEHTYPE_AT_FAULT,COUNT_SEVERE_INJ,COUNT_VISIBLE_INJ,COUNT_COMPLAINT_PAIN,COUNT_PED_KILLED,COUNT_PED_INJURED,COUNT_BICYCLIST_KILLED,COUNT_BICYCLIST_INJURED,COUNT_MC_KILLED,COUNT_MC_INJURED,PRIMARY_RAMP,SECONDARY_RAMP,LATITUDE,LONGITUDE,COUNTY,CITY,POINT_X,POINT_Y
91371913,2020,2020-12-21,9460,2020-12-11,1802,018292,,5,2,9,2400,0,1,3,,1,165,SR-165,"OSLO RD",653.00,S,N,C,-,Y,,,165,,,,,,,Y,4,0,2,3,A,-,09,21804,A,N,D,C,A,A,H,-,D,A,0,,,,Y,Y,,G,27,0,0,2,0,0,0,0,0,0,"- ","- ",37.425979614257812,-120.84980773925781,MERCED,UNINCORPORATED,-120.84983825683594,37.425979614257812
91372078,2020,2020-12-21,9460,2020-11-27,0512,020967,,5,3,9,2400,0,1,3,,1,165,SR-165,"SIX AVENUE",295.00,N,N,A,-,Y,,,165,,,,,,,Y,3,0,1,2,A,-,01,23152,A,N,B,C,A,A,H,-,D,D,0,,,,Y,Y,Y,A,01,0,1,0,0,0,0,0,0,0,"- ","- ",37.306301116943359,-120.85130310058594,MERCED,UNINCORPORATED,-120.85126495361328,37.306301116943359
91372252,2020,2020-12-21,9461,2020-12-13,0210,018910,,7,3,9,2400,0,1,3,,2,453,"STATE ROUTE 152 EASTBOUND","STATE ROUTE 59",1056.00,W,N,B,-,Y,,,152,,,,,,E,Y,2,0,3,2,A,-,01,23152,A,F,C,C,A,B,H,-,D,D,0,,,,,Y,Y,A,01,2,1,0,0,0,0,0,0,0,"- ","- ",37.08197021484375,-120.49640655517578,MERCED,UNINCORPORATED,-120.49642181396484,37.082000732421875
91372396,2020,2020-12-21,9460,2020-12-14,0950,016917,,1,1,9,2400,0,1,3,,2,001,"SR-99 S/B TO BRADBURY RD","BRADBURY RD",528.00,N,N,A,-,Y,,,99,,,,R,,S,Y,4,0,1,1,A,-,08,22107,,N,F,A,A,A,H,-,A,D,0,,,,,Y,,A,01,0,0,1,0,0,0,0,0,0,"- ","- ",37.450458526611328,-120.79929351806641,MERCED,UNINCORPORATED,-120.79929351806641,37.450458526611328
91372425,2020,2020-12-21,9460,2020-12-14,1050,016917,,1,1,9,2400,0,1,3,,2,002,"SR-99 N/B","SULTANA DR",1584.00,N,N,A,-,Y,,,99,,,,,,N,N,4,0,2,2,A,-,01,23152,A,M,B,C,A,A,H,-,A,D,0,,,,,Y,Y,D,22,0,0,2,0,0,0,0,0,0,"- ","- ",37.375209808349609,-120.68728637695312,MERCED,UNINCORPORATED,-120.68728637695312,37.375213623046875
91372900,2020,2021-02-08,9461,2020-12-13,2335,021536,,7,3,9,2400,0,1,3,,1,152,"SR-152 E/B","DINOSAUR POINT RD.",5130.00,E,N,B,-,Y,,,152,,,,,,E,Y,3,0,3,1,A,-,03,22350,,N,E,I,A,B,H,-,D,D,0,,,,,Y,,A,01,0,3,0,0,0,0,0,0,0,"- ","- ",37.076141357421875,-121.20812225341797,MERCED,UNINCORPORATED,-121.20813751220703,37.076164245605469
91373450,2020,2020-12-22,9460,2020-12-21,1826,018292,,1,2,9,2400,0,1,3,,1,165,SR-165,SR-140,35.00,N,N,E,-,Y,,,165,,,,,,,N,4,0,1,2,A,-,03,22350,,N,C,C,A,A,H,-,D,D,0,,,,,Y,,A,01,0,0,1,0,0,0,0,0,0,"- ","- ",37.313270568847656,-120.85125732421875,MERCED,UNINCORPORATED,-120.85124206542969,37.313270568847656
91373461,2020,2020-12-22,9460,2020-12-15,0845,014541,,2,1,9,2400,0,1,3,,2,001,"TRICIA DRIVE","MICHELLE AVENUE",68.00,W,N,B,E,N,,,,,,,,,,Y,4,0,1,2,A,-,08,22107,,N,A,E,A,A,H,-,A,D,0,,,,,Y,,A,01,0,0,1,0,0,0,0,0,0,"- ","- ",37.401618957519531,-120.85661315917969,MERCED,UNINCORPORATED,-120.85655212402344,37.401580810546875
91375022,2020,2020-12-24,9460,2020-12-16,1715,019286,,3,2,9,2400,0,1,3,,1,591,SR-59,"FURTADO ROAD",1584.00,N,N,B,-,Y,,,59,,,,,,,Y,4,0,1,2,A,-,03,22350,,N,C,C,A,A,H,-,D,D,0,,,,,Y,,D,22,0,0,1,0,0,0,0,0,0,"- ","- ",37.169380187988281,-120.49189758300781,MERCED,UNINCORPORATED,-120.49192810058594,37.169380187988281
91375044,2020,2020-12-24,9460,2020-12-22,1800,018603,,2,2,9,2400,0,3,5,,2,090,"SOUTHERN PACIFIC AVE","COMMERCE AVE",100.00,W,N,A,-,N,,,,,,,,,,Y,4,0,1,2,A,-,03,22350,,N,C,C,A,A,H,-,A,D,0,,,,,Y,,A,01,0,0,1,0,0,0,0,0,0,"- ","- ",37.202438354492188,-120.35421752929688,MERCED,UNINCORPORATED,-120.594735,37.340024999999997
91375082,2020,2020-12-24,9460,2020-12-22,1350,018422,,2,1,9,2400,0,1,3,,2,001,"OAKDALE RD.","LOONEY RD.",5808.00,E,N,B,-,N,,,,,,,,,,Y,4,0,1,2,A,-,05,21460,A,N,B,C,A,A,H,-,A,D,0,,,,Y,Y,,A,01,0,0,1,0,0,0,0,0,0,"- ","- ",37.460140228271484,-120.61454010009766,MERCED,UNINCORPORATED,-120.61434173583984,37.459983825683594
91375091,2020,2021-01-04,9460,2020-12-19,1920,019918,,6,2,9,2400,0,2,4,,1,031,"WINTON WAY","GERTRUDE AVE",0.00,,Y,E,-,N,,,,,,,,,,Y,4,0,1,2,A,-,12,21453,A,N,D,C,A,A,H,-,C,D,0,,,,,Y,,-,"- ",0,0,1,0,0,0,0,0,0,"- ","- ",37.37493896484375,-120.61360931396484,MERCED,UNINCORPORATED,-120.61367797851562,37.374969482421875
91375627,2020,2020-12-28,9460,2020-12-18,1140,018922,,5,1,9,2400,0,3,5,,2,060,"CHILDS AVENUE","BRANTLEY STREET",380.00,W,N,B,-,N,,,,,,,,,,Y,4,0,1,2,A,-,09,21804,A,N,B,C,A,A,H,-,A,D,0,,,,Y,Y,,G,25,0,0,1,0,0,0,0,0,0,"- ","- ",37.287830352783203,-120.46405792236328,MERCED,UNINCORPORATED,-120.46425628662109,37.287929534912109
91375641,2020,2020-12-28,9460,2020-12-21,0610,016476,,1,1,9,2400,0,1,3,,1,140,SR-140,"KEATON RD",500.00,E,N,E,-,Y,,,140,,,,,,,N,4,0,1,2,A,-,08,22107,,F,B,C,A,B,H,-,D,D,0,,,,,Y,,-,99,0,0,1,0,0,0,0,0,0,"- ","- ",37.313610076904297,-120.91484069824219,MERCED,UNINCORPORATED,-120.91482543945312,37.313453674316406
91376145,2020,2020-12-28,9460,2020-12-24,2125,019918,,4,2,9,2400,0,3,5,,2,030,"ASHBY ROAD","MILES CT",1300.00,W,N,E,-,N,,,,,,,,,,Y,4,0,1,2,A,-,05,21460,A,N,A,C,A,A,H,-,C,D,0,,,,,Y,,A,01,0,0,1,0,0,0,0,0,0,"- ","- ",37.312191009521484,-120.51316070556641,MERCED,UNINCORPORATED,-120.51309967041016,37.3121337890625
91376187,2020,2020-12-28,9461,2020-12-20,1828,020351,,7,2,9,2400,0,1,1,,2,205,"I-5 S/B","CANYON RD",750.00,S,N,E,-,Y,,,5,,,,,,S,Y,4,0,1,2,A,-,03,22350,,N,C,C,A,A,H,-,D,D,0,,,,Y,Y,,A,01,0,0,1,0,0,0,0,0,0,"- ","- ",36.990520477294922,-120.90708923339844,MERCED,UNINCORPORATED,-120.90705871582031,36.990550994873047
91376238,2020,2020-12-28,9460,2020-12-19,1625,020365,,6,2,9,2400,0,1,3,,2,001,"ARBOLEDA DR","MARIPOSA WAY",2640.00,S,N,A,-,N,,,,,,,,,,Y,4,0,1,2,A,-,03,22350,,N,C,C,A,A,H,-,A,D,0,,,,,Y,Y,A,01,0,0,1,0,0,0,0,0,0,"- ","- ",37.244880676269531,-120.37928771972656,MERCED,UNINCORPORATED,-120.37930297851562,37.243831634521484
91376273,2020,2020-12-28,9461,2020-12-20,2100,021056,,7,2,9,2400,0,3,5,,2,020,"GONZAGA RD E/B",SR-33,3168.00,E,N,A,E,N,,,,,,,,,,Y,3,0,1,1,A,-,01,23152,A,N,E,I,A,A,H,-,E,D,0,,,,,Y,Y,A,07,0,1,0,0,0,0,0,0,0,"- ","- ",37.056758880615234,-121.00411987304688,MERCED,UNINCORPORATED,,
91376378,2020,2020-12-28,9460,2020-12-26,1302,018922,,6,1,9,2400,0,3,5,,2,090,"SOUTHERN PACIFIC AVENUE","GURR ROAD",408.00,W,N,B,-,N,,,,,,,,,,Y,3,0,1,1,A,-,08,22107,,N,F,A,A,A,H,-,A,D,0,,,,,Y,,A,01,0,1,0,0,0,0,0,0,0,"- ","- ",37.327598571777344,-120.55986022949219,MERCED,UNINCORPORATED,-120.56017199999999,37.327343999999997
91376379,2020,2020-12-28,9461,2020-12-19,1720,018586,,6,2,9,2400,0,3,5,,2,050,"REYNOLDS AVE","BLOSSOM AVE",0.00,,Y,E,-,N,,,,,,,,,,Y,2,0,1,2,A,-,12,22450,A,N,D,D,A,A,H,-,C,A,0,,,Y,,Y,,C,03,1,0,0,0,0,0,0,0,1,"- ","- ",36.986118316650391,-120.64469909667969,MERCED,UNINCORPORATED,-120.64472961425781,36.986129760742188
91376380,2020,2020-12-28,9461,2020-12-19,1815,020351,,6,2,9,2400,0,1,3,,1,103,SR-33,"HUSMAN RD",0.00,,Y,A,-,Y,,,33,,,,,,,Y,3,0,3,2,A,-,09,21801,A,N,D,C,A,A,H,-,D,D,0,,,,,Y,,A,01,0,2,1,0,0,0,0,0,0,"- ","- ",37.158748626708984,-121.01396179199219,MERCED,UNINCORPORATED,-121.01395416259766,37.158748626708984
91376858,2020,2020-12-29,9461,2020-12-22,0030,021387,,2,3,9,2400,0,1,1,,2,105,"I-5 S/B TO SR-33 OFF RAMP",SR-33,1000.00,N,N,E,-,Y,,,5,,,,R,,S,Y,4,0,1,1,A,-,01,23152,A,N,F,A,A,B,H,-,C,D,0,,,,,Y,Y,A,01,0,0,1,0,0,0,0,0,0,"- ","- ",37.106571197509766,-121.01695251464844,MERCED,UNINCORPORATED,-121.01695251464844,37.106571197509766
91376895,2020,2020-12-29,9461,2020-12-22,0350,018910,,2,3,9,2400,0,1,1,,2,205,"INTERSTATE 5 NORTHBOUND","BILLY WRIGHT ROAD",100.00,S,N,E,-,Y,,,5,,,,,,N,Y,3,0,1,1,A,-,08,22107,,N,E,I,A,A,H,-,D,D,0,,,,,Y,,A,07,0,1,0,0,0,0,0,0,0,"- ","- ",37.046848297119141,-120.95992279052734,MERCED,UNINCORPORATED,-120.95996856689453,37.046798706054688
91377177,2020,2020-12-29,9461,2020-12-25,0556,021378,,5,3,9,2400,0,1,3,,1,152,"SR-152 E/B","UPPER COTTONWOOD CREEK",5808.00,E,N,A,-,Y,,,152,,,,,,E,Y,4,0,1,1,A,-,08,22107,,N,F,A,A,A,C,-,C,D,0,,,,,Y,,D,22,0,0,1,0,0,0,0,0,0,"- ","- ",37.088848114013672,-121.16017150878906,MERCED,UNINCORPORATED,-121.15972137451172,37.088283538818359
91377271,2020,2020-12-29,9461,2020-12-25,1928,021854,,5,2,9,2400,0,3,5,,2,010,"HUNT RD","COTTONWOOD RD",27.00,S,N,A,-,N,,,,,,,,,,Y,2,0,2,1,A,-,01,23152,A,N,E,I,A,A,H,-,D,B,0,,,,,Y,Y,A,01,1,1,0,0,0,0,0,0,0,"- ","- ",37.187400817871094,-120.99453735351562,MERCED,UNINCORPORATED,-120.99443054199219,37.187660217285156
91377296,2020,2020-12-29,9460,2020-12-21,1225,018922,,1,1,9,2400,0,3,5,,2,040,"SANTA FE DRIVE","MERCEDES AVENUE",603.00,N,N,E,-,N,,,,,,,,,,Y,4,0,1,1,A,-,01,23152,A,N,E,I,A,A,H,-,A,D,0,,,,,Y,Y,A,01,0,0,1,0,0,0,0,0,0,"- ","- ",37.412281036376953,-120.65583801269531,MERCED,UNINCORPORATED,-120.65584564208984,37.412101745605469
91377436,2020,2020-12-30,9460,2020-12-22,0233,020156,,2,3,9,2400,0,3,5,,2,030,"OLIVE AVE","BELLEVUE RD",167.00,S,N,E,-,N,,,,,,,,,,Y,2,0,1,1,A,-,03,22350,,N,F,A,A,B,H,-,D,D,0,,,,,Y,,A,07,1,0,0,0,0,0,0,0,0,"- ","- ",37.36029052734375,-120.64389038085938,MERCED,UNINCORPORATED,-120.64377899999999,37.360272000000002
91378147,2020,2020-12-30,9460,2020-12-26,1300,019838,,6,1,9,2400,0,1,3,,2,002,"SR99 S/B","APPLEGATE RD",40.00,S,N,A,-,Y,,,,,,,,,,Y,4,0,2,2,A,-,03,22350,,N,C,C,A,A,D,-,A,D,0,,,,,Y,,A,01,0,0,2,0,0,0,0,0,0,"- ","- ",37.344398498535156,-120.61299896240234,MERCED,UNINCORPORATED,-120.61318969726562,37.344490051269531
91378800,2020,2021-02-22,9461,2020-12-30,2500,017183,,3,4,9,2400,0,3,5,,2,020,"A LOBUE RD","COTTON GIN RD",5808.00,S,N,A,-,N,,,,,,,,,,Y,1,1,0,1,A,-,08,22107,,N,F,I,A,A,H,-,D,D,0,,,,,Y,,A,01,0,0,0,0,0,0,0,0,0,"- ","- ",36.937698364257812,-120.82041168212891,MERCED,UNINCORPORATED,-120.82085418701172,36.939292907714844
91378869,2020,2020-12-31,9460,2020-12-21,1650,019918,,1,2,9,2400,0,1,3,,2,002,"SR-99 N/B","ATWATER BOULEVARD",600.00,N,N,E,-,Y,,,99,,,,,,N,N,4,0,1,4,A,-,03,22350,,N,C,C,A,A,H,-,D,D,0,,,,,Y,,A,01,0,0,1,0,0,0,0,0,0,"- ","- ",37.3402099609375,-120.59597778320312,MERCED,UNINCORPORATED,-120.59597778320312,37.340217590332031
91378913,2020,2020-12-31,9460,2020-12-25,1335,019918,,5,1,9,2400,0,3,5,,2,030,"FRANKLIN RD","DAN WARD ROAD",125.00,N,N,B,-,N,,,,,,,,,,Y,4,0,2,2,A,-,08,22100,B,N,D,C,A,A,H,-,A,D,0,,,,,Y,,A,07,0,0,2,0,0,0,0,0,0,"- ","- ",37.332118988037109,-120.54084777832031,MERCED,UNINCORPORATED,-120.54083251953125,37.332035064697266
91378982,2020,2020-12-31,9460,2020-12-22,1500,019286,,2,2,9,2400,0,3,5,,2,080,"DICKENSON FERRY ROAD",SR-59,3168.00,W,N,B,-,N,,,,,,,,,,Y,2,0,1,1,A,-,01,23152,A,N,E,I,A,A,H,-,A,D,0,,,,,Y,Y,A,01,1,0,0,0,0,0,0,0,0,"- ","- ",37.273609161376953,-120.49861145019531,MERCED,UNINCORPORATED,-120.49872589111328,37.273571014404297
91379043,2020,2021-01-01,9460,2020-12-21,0120,021511,,1,3,9,2400,0,1,3,,2,002,"SR-99 S/B","E. ATWATER BLVD.",1100.00,S,N,E,-,Y,,,99,,,,,,S,Y,4,0,1,1,A,-,08,22107,,N,E,I,A,A,H,-,D,D,0,,,,,Y,,A,01,0,0,1,0,0,0,0,0,0,"- ","- ",37.338661193847656,-120.58715057373047,MERCED,UNINCORPORATED,-120.58708953857422,37.3387451171875
91379743,2020,2021-01-04,9460,2020-12-28,0735,014541,,1,1,9,2400,0,3,5,,2,100,"PEACH AVENUE","HAMMATT AVENUE",154.00,E,N,B,-,N,,,,,,,,,,Y,3,0,3,1,A,-,08,22107,,N,E,I,A,A,H,-,A,D,0,,,,,Y,,A,01,0,2,1,0,0,0,0,0,0,"- ","- ",37.375099182128906,-120.71372222900391,MERCED,UNINCORPORATED,-120.71379852294922,37.375034332275391
91379800,2020,2021-01-04,9460,2020-12-25,0414,021320,,5,3,9,2400,0,1,3,,2,001,"SR-99 S/B","HAMMATT AVE",6.00,N,N,E,-,Y,,,,,,,,,,Y,2,0,1,1,A,-,01,23152,A,N,E,I,A,A,H,-,D,D,0,,,,,Y,Y,A,01,1,0,0,0,0,0,0,0,0,"- ","- ",37.384761810302734,-120.71337890625,MERCED,UNINCORPORATED,-120.71311950683594,37.384708404541016
91380243,2020,2021-01-04,9461,2020-12-24,2225,021536,,4,3,9,2400,0,1,1,,2,105,"I-5 S/B","SAN LUIS CANAL",1795.00,N,N,E,-,Y,,,5,,,,,,S,Y,4,0,1,2,A,-,08,22107,,N,B,C,A,B,H,-,D,D,0,,,,Y,Y,,A,07,0,0,1,0,0,0,0,0,0,"- ","- ",37.071529388427734,-120.98439788818359,MERCED,UNINCORPORATED,-120.98439025878906,37.071540832519531
91380359,2020,2021-01-04,9460,2020-11-22,0816,018922,,7,1,9,2400,0,3,5,,2,070,"EAST SANDY MUSH ROAD","HEALY ROAD",5808.00,E,N,A,-,N,,,,,,,,,,Y,1,1,1,1,A,-,01,23152,A,N,F,A,A,A,H,-,A,D,0,,,,,Y,Y,A,01,1,0,0,0,0,0,0,0,0,"- ","- ",37.186378479003906,-120.41834259033203,MERCED,UNINCORPORATED,-120.41860961914062,37.185489654541016
91380367,2020,2021-01-04,9460,2020-08-05,0030,019005,,3,3,9,2400,0,1,3,,2,002,"SR-99 N/B","WESTSIDE BOULEVARD",4752.00,N,N,A,-,Y,,,99,,,,,,N,Y,1,1,0,2,A,-,11,21954,A,N,G,B,E,A,H,-,D,D,0,Y,,,,Y,,N,60,0,0,0,1,0,0,0,0,0,"- ","- ",37.365558624267578,-120.6622314453125,MERCED,UNINCORPORATED,-120.66222381591797,37.365581512451172
9138037,2020,2020-09-22,2406,2020-07-21,1501,201,3,2,5,5,2406,0,0,0,,0,030,"G ST","CARMEN WY",44.00,N,N,A,-,N,,,,,,,,,,Y,4,0,2,2,A,-,08,22107,,N,E,C,A,A,H,-,A,A,0,,,,,Y,,A,01,0,0,2,0,0,0,0,0,0,"- ","- ",,,MERCED,MERCED,-120.48210144042969,37.282791137695312
91380379,2020,2021-01-04,9460,2020-11-03,1731,019806,,2,2,9,2400,0,3,5,,2,030,"ASHBY RD","BEACHWOOD DR",0.00,,Y,A,-,N,,,,,,,,,,Y,2,0,1,2,A,-,09,21802,A,F,B,C,A,A,H,-,B,A,0,,,Y,,Y,,A,01,1,0,0,0,0,0,0,0,1,"- ","- ",37.316631317138672,-120.52823638916016,MERCED,UNINCORPORATED,-120.52819061279297,37.316600799560547
9138041,2020,2020-09-22,2406,2020-07-24,0544,201,3,5,5,5,2406,0,0,0,,0,031,"R ST","WEST 11TH ST",0.00,,Y,A,-,N,,,,,,,,,,N,4,0,1,3,A,-,12,22450,A,F,D,C,A,A,H,-,C,A,0,,,,,Y,,-,99,0,0,1,0,0,0,0,0,0,"- ","- ",,,MERCED,MERCED,-120.49604797363281,37.298439025878906
9138042,2020,2020-09-19,2406,2020-07-18,1404,162,22,6,5,5,2406,0,0,0,,0,002,"CHILDS AV","PARSONS AV",127.00,W,N,A,-,N,,,,,,,,,,Y,4,0,2,3,A,-,03,22350,,N,C,C,A,A,H,-,A,D,0,,,,,Y,,D,22,0,0,2,0,0,0,0,0,0,"- ","- ",,,MERCED,MERCED,-120.45203399658203,37.287849426269531
9138051,2020,2020-09-18,2406,2020-07-29,0841,183,11,3,5,5,2406,0,0,0,,0,002,"WEST OLIVE AV","COLLINS DR",0.00,,Y,A,-,N,,,,,,,,,,Y,4,0,3,2,A,-,09,21804,A,N,D,C,A,A,H,-,A,A,0,,,,,Y,,A,01,0,0,3,0,0,0,0,0,0,"- ","- ",,,MERCED,MERCED,-120.47669982910156,37.319381713867188
9138053,2020,2020-09-22,2406,2020-07-29,1323,256,2,3,5,5,2406,0,0,0,,0,020,"G ST","WEST MAIN ST",0.00,,Y,A,-,N,,,,,,,,,,Y,3,0,2,2,A,-,12,21453,A,N,D,C,A,A,H,-,A,A,0,,,,,Y,,D,22,0,2,0,0,0,0,0,0,0,"- ","- ",,,MERCED,MERCED,-120.475830078125,37.298679351806641
9138069,2020,2020-09-22,2406,2020-07-09,1501,162,3,4,5,5,2406,0,0,0,,0,031,"R ST","WEST 12TH ST",0.00,,Y,A,-,N,,,,,,,,,,N,2,0,1,2,A,-,08,22107,,N,D,G,A,A,H,-,A,D,0,,Y,,,Y,,L,04,1,0,0,0,0,0,1,0,0,"- ","- ",,,MERCED,MERCED,-120.49545288085938,37.299461364746094
9138073,2020,2020-09-22,2406,2020-07-06,1454,129,CENTR,1,5,5,2406,0,0,0,,0,,"K ST","WEST 20TH ST",0.00,,Y,A,-,N,,,,,,,,,,N,4,0,1,2,A,-,12,22450,A,N,D,C,A,-,H,-,A,A,0,,,,,Y,,A,01,0,0,1,0,0,0,0,0,0,"- ","- ",,,MERCED,MERCED,-120.48011016845703,37.303878784179688
9138077,2020,2020-09-22,2406,2020-07-16,0805,129,SOUTH,4,5,5,2406,0,0,0,,0,031,"WARDROBE AV","WEST AV",0.00,,Y,A,-,N,,,,,,,,,,Y,3,0,1,2,A,-,08,22107,,N,D,C,A,A,H,-,A,D,0,,,,,Y,,A,01,0,1,0,0,0,0,0,0,0,"- ","- ",,,MERCED,MERCED,-120.50560760498047,37.295429229736328
91382233,2021,2021-03-02,9460,2021-01-03,1025,016917,,7,1,9,2400,0,3,5,,2,040,"OAKDALE RD","AMSTERDAM RD",25.00,W,N,B,-,N,,,,,,,,,,Y,4,0,3,2,A,-,05,21460,A,N,B,C,A,A,H,-,A,D,0,,,,,Y,,D,22,0,0,3,0,0,0,0,0,0,"- ","- ",37.430320739746094,-120.54186248779297,MERCED,UNINCORPORATED,-120.54183197021484,37.430301666259766
91383645,2020,2021-01-07,9460,2020-12-28,0955,019838,,1,1,9,2400,0,3,5,,2,010,"KELLEY ROAD","TURNER ROAD",2640.00,S,N,A,-,N,,,,,,,,,,Y,3,0,2,1,A,-,08,22107,,N,E,I,A,A,H,-,A,D,0,,,,,Y,,A,01,0,2,0,0,0,0,0,0,0,"- ","- ",37.363498687744141,-120.95552825927734,MERCED,UNINCORPORATED,-120.95539093017578,37.365219116210938
91383706,2021,2021-01-07,9460,2021-01-01,1543,019838,,5,2,9,2400,0,3,5,,2,090,"LONGVIEW AVE","BERT CRANE RD",1056.00,W,N,A,-,N,,,,,,,,,,Y,4,0,1,1,A,-,08,22107,,N,E,I,A,A,H,-,A,D,0,,,,,Y,,A,01,0,0,1,0,0,0,0,0,0,"- ","- ",37.353000640869141,-120.6365966796875,MERCED,UNINCORPORATED,-120.63619232177734,37.353031158447266
91383709,2020,2021-01-07,9461,2020-12-31,0420,020385,,4,3,9,2400,0,1,1,,2,205,"I-5 N/B","NEES AVE",3168.00,N,N,B,-,Y,,,5,,,,,,N,Y,4,0,1,1,A,-,08,22107,,N,F,J,A,B,H,-,D,D,0,,,,Y,Y,,G,25,0,0,1,0,0,0,0,0,0,"- ","- ",36.858470916748047,-120.77919006347656,MERCED,UNINCORPORATED,-120.77930450439453,36.858390808105469
91383729,2021,2021-01-07,9461,2021-01-05,0001,018910,,2,3,9,2400,0,1,3,,1,152,"STATE ROUTE 152 EASTBOUND","DINOSAUR POINT ROAD",5280.00,E,N,A,B,Y,,,152,,,,,,E,Y,3,0,1,2,C,-,18,,,N,E,J,A,B,H,-,D,D,0,,,,Y,Y,,-,"- ",0,1,0,0,0,0,0,0,0,"- ","- ",37.076679229736328,-121.20710754394531,MERCED,UNINCORPORATED,-121.20713806152344,37.076751708984375
91384929,2020,2021-01-11,9460,2020-12-30,1350,020840,,3,1,9,2400,0,1,3,,2,003,"SR-99 S/B","ATHLONE RD",200.00,S,N,A,-,Y,,,99,,,,,,S,Y,4,0,2,2,A,-,01,23152,F,F,C,C,A,A,H,-,A,D,0,,,,,Y,,A,07,0,0,2,0,0,0,0,0,0,"- ","- ",37.204948425292969,-120.35343933105469,MERCED,UNINCORPORATED,-120.353759765625,37.204570770263672
91385482,2021,2021-01-11,9460,2021-01-04,1510,018422,,1,2,9,2400,0,3,5,,2,030,"OLIVE AVE.","SULTANA DR.",1056.00,W,N,B,-,N,,,,,,,,,,Y,4,0,1,1,A,-,08,22107,,N,E,I,A,A,H,-,A,D,0,,,,,Y,,D,22,0,0,1,0,0,0,0,0,0,"- ","- ",37.396690368652344,-120.69065856933594,MERCED,UNINCORPORATED,-120.68984222412109,37.396778106689453
91385493,2020,2021-01-11,9460,2020-11-09,0445,021407,,1,3,9,2400,0,1,3,,1,591,SR-59,"LINCOLN BLVD",820.00,S,N,A,-,Y,,,59,,,,,,,Y,1,1,0,1,A,-,08,22107,,N,F,A,A,A,H,-,D,D,0,,,,,Y,,A,01,0,0,0,0,0,0,0,0,0,"- ","- ",37.146701812744141,-120.49189758300781,MERCED,UNINCORPORATED,-120.49203491210938,37.146701812744141
91386355,2021,2021-01-12,9460,2021-01-04,1810,018603,,1,2,9,2400,0,3,5,,2,020,"EL CAPITAN WAY","SANTA FE DRIVE",6.00,W,N,A,-,N,,,,,,,,,,Y,3,0,1,2,A,-,01,23152,A,N,C,C,A,A,H,-,D,A,0,,,,,Y,Y,A,01,0,1,0,0,0,0,0,0,0,"- ","- ",37.433658599853516,-120.67562866210938,MERCED,UNINCORPORATED,-120.67565155029297,37.433670043945312
91386361,2020,2021-01-12,9460,2020-11-02,0445,021320,,1,3,9,2400,0,3,5,,2,020,"S. GOLDEN STATE BLVD.","GRIFFITH ROAD",1056.00,N,N,A,-,N,,,,,,,,,,Y,1,1,0,2,A,-,11,21954,A,N,G,B,D,A,H,-,C,D,0,Y,,,,Y,Y,N,60,0,0,0,1,0,0,0,0,0,"- ","- ",37.465618133544922,-120.81497955322266,MERCED,UNINCORPORATED,-120.81429290771484,37.465072631835938