CASE_ID,ACCIDENT_YEAR,PROC_DATE,JURIS,COLLISION_DATE,COLLISION_TIME,OFFICER_ID,REPORTING_DISTRICT,DAY_OF_WEEK,CHP_SHIFT,POPULATION,CNTY_CITY_LOC,SPECIAL_COND,BEAT_TYPE,CHP_BEAT_TYPE,CITY_DIVISION_LAPD,CHP_BEAT_CLASS,BEAT_NUMBER,PRIMARY_RD,SECONDARY_RD,DISTANCE,DIRECTION,INTERSECTION,WEATHER_1,WEATHER_2,STATE_HWY_IND,CALTRANS_COUNTY,CALTRANS_DISTRICT,STATE_ROUTE,ROUTE_SUFFIX,POSTMILE_PREFIX,POSTMILE,LOCATION_TYPE,RAMP_INTERSECTION,SIDE_OF_HWY,TOW_AWAY,COLLISION_SEVERITY,NUMBER_KILLED,NUMBER_INJURED,PARTY_COUNT,PRIMARY_COLL_FACTOR,PCF_CODE_OF_VIOL,PCF_VIOL_CATEGORY,PCF_VIOLATION,PCF_VIOL_SUBSECTION,HIT_AND_RUN,TYPE_OF_COLLISION,MVIW,PED_ACTION,ROAD_SURFACE,ROAD_COND_1,ROAD_COND_2,LIGHTING,CONTROL_DEVICE,CHP_ROAD_TYPE,PEDESTRIAN_ACCIDENT,BICYCLE_ACCIDENT,MOTORCYCLE_ACCIDENT,TRUCK_ACCIDENT,NOT_PRIVATE_PROPERTY,ALCOHOL_INVOLVED,STWD_VEHTYPE_AT_FAULT,CHP_VEHTYPE_AT_FAULT,COUNT_SEVERE_INJ,COUNT_VISIBLE_INJ,COUNT_COMPLAINT_PAIN,COUNT_PED_KILLED,COUNT_PED_INJURED,COUNT_BICYCLIST_KILLED,COUNT_BICYCLIST_INJURED,COUNT_MC_KILLED,COUNT_MC_INJURED,PRIMARY_RAMP,SECONDARY_RAMP,LATITUDE,LONGITUDE,COUNTY,CITY,POINT_X,POINT_Y
91401184,2021,2021-02-02,9461,2021-01-26,1800,017029,,2,2,9,2400,0,3,5,,2,020,"PIONEER RD","ORTIGALITA RD",0.00,,Y,B,-,N,,,,,,,,,,Y,3,0,3,2,A,-,09,21802,A,N,D,C,A,A,H,-,C,A,0,,,,,Y,,A,01,0,1,2,0,0,0,0,0,0,"- ","- ",37.042140960693359,-120.87223815917969,MERCED,UNINCORPORATED,-120.87223052978516,37.042182922363281
91401573,2021,2021-02-03,9460,2021-01-24,1336,021407,,7,1,9,2400,0,3,5,,2,090,"ARENA WAY","SUNSET DR",0.00,,Y,A,-,N,,,,,,,,,,Y,4,0,4,2,A,-,09,21802,A,N,D,C,A,A,H,-,A,A,0,,,,,Y,,A,07,0,0,4,0,0,0,0,0,0,"- ","- ",37.338401794433594,-120.67800140380859,MERCED,UNINCORPORATED,-120.67795562744141,37.338569641113281
91402055,2021,2021-02-03,9460,2021-01-09,1615,018778,,6,2,9,2400,0,1,3,,1,143,SR-140,"N. ORCHARD DR",260.00,W,N,A,-,Y,,,140,,,,,,,Y,3,0,1,1,A,-,01,23152,A,N,F,A,A,A,H,-,A,D,0,,,,,Y,Y,A,07,0,1,0,0,0,0,0,0,0,"- ","- ",37.295509338378906,-120.39829254150391,MERCED,UNINCORPORATED,-120.39829254150391,37.29547119140625
91402346,2021,2021-02-04,9460,2021-01-30,2242,020365,,6,3,5,2406,0,1,3,,2,003,"SR-99 S/B FROM E. 16TH ST.","YOSEMITE PKY",96.00,S,N,A,-,Y,,,99,,,,R,,S,Y,4,0,4,2,A,-,01,23152,A,N,C,C,A,A,H,-,C,D,0,,,,,Y,Y,A,01,0,0,4,0,0,0,0,0,0,"- ","- ",37.294090270996094,-120.4681396484375,MERCED,MERCED,-120.4681396484375,37.294090270996094
91402357,2021,2021-02-04,9460,2021-01-16,1800,018778,,6,2,9,2400,0,3,5,,2,050,"MCKEE RD","E. NORTH BEAR CREEK DR",0.00,,Y,A,-,N,,,,,,,,,,N,4,0,1,2,A,-,09,21802,A,N,A,C,A,A,H,-,C,A,0,,,,,Y,,D,22,0,0,1,0,0,0,0,0,0,"- ","- ",37.309879302978516,-120.44457244873047,MERCED,UNINCORPORATED,-120.44454193115234,37.309867858886719
91402398,2021,2021-02-04,9460,2021-01-03,0050,020156,,7,3,9,2400,0,1,3,,1,165,SR-165,"WESTSIDE BLVD",175.00,N,N,A,-,Y,,,165,,,,,,,Y,4,0,1,2,A,-,01,23152,A,N,A,C,A,A,H,-,D,D,0,,,,Y,Y,Y,A,01,0,0,1,0,0,0,0,0,0,"- ","- ",37.361038208007812,-120.84880065917969,MERCED,UNINCORPORATED,-120.84947204589844,37.361141204833984
91402510,2021,2021-02-04,9460,2021-01-10,1330,018778,,7,1,9,2400,0,3,5,,2,070,"S. ARBOLEDA DRIVE","LE GRAND RD",0.00,,Y,A,-,N,,,,,,,,,,Y,4,0,3,2,A,-,12,22450,A,N,D,C,A,A,H,-,A,A,0,,,,,Y,,A,01,0,0,3,0,0,0,0,0,0,"- ","- ",37.227718353271484,-120.37251281738281,MERCED,UNINCORPORATED,-120.37249755859375,37.227752685546875
91403142,2021,2021-02-05,9460,2021-01-27,1648,019918,,3,2,9,2400,0,1,3,,2,002,"SR-99 S/B","WESTSIDE BLVD",2112.00,N,N,B,C,Y,,,99,,,,,,S,Y,4,0,1,1,A,-,03,22350,,N,E,I,A,B,H,-,A,D,0,,,,,Y,,A,07,0,0,1,0,0,0,0,0,0,"- ","- ",37.363399505615234,-120.65631866455078,MERCED,UNINCORPORATED,-120.65637969970703,37.363224029541016
91403215,2020,2021-02-05,9460,2020-12-31,2315,021530,,4,3,9,2400,0,2,4,,1,042,"SANTA FE DR","CHESTNUT LN",600.00,E,N,A,-,N,,,,,,,,,,Y,3,0,3,2,A,-,01,23152,A,N,C,C,A,A,H,-,D,D,0,,,,,Y,Y,A,01,0,3,0,0,0,0,0,0,0,"- ","- ",37.378761291503906,-120.60224151611328,MERCED,UNINCORPORATED,-120.60293579101562,37.379184722900391
91403775,2021,2021-02-08,9461,2021-02-03,1345,020351,,3,1,9,2400,0,1,3,,1,465,SR-165,"SALT SLOUGH BRIDGE",11299.00,S,N,A,-,Y,,,165,,,,,,,Y,3,0,2,2,A,-,08,22107,,M,F,A,A,A,H,-,A,A,0,,,,,Y,,D,22,0,1,1,0,0,0,0,0,0,"- ","- ",37.216659545898438,-120.85192108154297,MERCED,UNINCORPORATED,-120.85190582275391,37.216663360595703
91404065,2021,2021-02-08,9460,2021-01-27,0455,018951,,3,3,9,2400,0,1,3,,2,002,"SR-99 N/B","WESTSIDE BLVD",528.00,N,N,B,C,Y,,,99,,,,,,N,Y,4,0,2,2,A,-,03,22350,,N,D,C,A,B,H,-,C,D,0,,,,,Y,,A,01,0,0,2,0,0,0,0,0,0,"- ","- ",37.362701416015625,-120.65286254882812,MERCED,UNINCORPORATED,-120.65284729003906,37.362785339355469
91404406,2021,2021-02-08,9460,2021-01-23,1751,021407,,6,2,9,2400,0,3,5,,2,020,"SYCAMORE STREET","BLOSS AVENUE",2640.00,N,N,A,-,N,,,,,,,,,,Y,3,0,1,2,A,-,06,21751,,F,B,C,A,A,H,-,D,D,0,,,,,Y,,A,07,0,1,0,0,0,0,0,0,0,"- ","- ",37.412601470947266,-120.7593994140625,MERCED,UNINCORPORATED,-120.75925445556641,37.412109375
91404528,2021,2021-02-08,9461,2021-02-04,1920,021536,,4,2,3,2405,0,1,3,,1,265,"SR-165 N/B","COTTON RD",0.00,,Y,A,-,Y,,,,,,,,,,Y,4,0,1,2,A,-,01,23152,A,N,D,C,A,A,H,-,C,A,0,,,,,Y,Y,A,01,0,0,1,0,0,0,0,0,0,"- ","- ",37.012950897216797,-120.83686828613281,MERCED,"LOS BANOS",-116.26910400390625,34.129592895507812
91404660,2021,2021-04-21,9461,2021-02-05,1242,018586,,5,1,9,2400,0,1,1,,2,105,"I-5 N/B",SR-33,1584.00,N,N,A,-,Y,,,5,,,,,,N,Y,3,0,1,2,A,-,07,21658,A,N,B,C,A,A,H,-,A,D,0,,,,Y,Y,,A,01,0,1,0,0,0,0,0,0,0,"- ","- ",37.110958099365234,-121.01949310302734,MERCED,UNINCORPORATED,-121.0194091796875,37.111026763916016
91405512,2021,2021-02-09,9460,2021-02-03,1535,018778,,3,2,9,2400,0,1,3,,2,002,"SR-99 N/B","HAMMATT AVE",1048.00,S,N,A,-,Y,,,99,,,,,,N,Y,4,0,1,1,A,-,07,21658,A,N,E,I,A,A,H,-,A,D,0,,,,,Y,,A,01,0,0,1,0,0,0,0,0,0,"- ","- ",37.38323974609375,-120.70947265625,MERCED,UNINCORPORATED,-120.70948028564453,37.383224487304688
91405537,2021,2021-02-09,9460,2021-01-21,1530,018422,,4,2,9,2400,0,3,5,,2,010,"FAITH HOME RD.","CRANE AVE.",678.00,S,N,B,-,N,,,,,,,,,,N,1,1,0,2,A,-,09,21804,A,N,D,G,A,A,H,-,A,D,0,,Y,,,Y,,L,04,0,0,0,0,0,1,0,0,0,"- ","- ",37.381168365478516,-120.92305755615234,MERCED,UNINCORPORATED,-120.92303466796875,37.381088256835938
91405926,2021,2021-02-10,9460,2021-02-08,1235,015305,,1,1,9,2400,0,3,5,,2,070,"HARVEY PETTIT ROAD","PLAINSBURG ROAD",7920.00,E,N,B,-,N,,,,,,,,,,Y,4,0,1,1,A,-,08,22107,,N,F,A,A,A,H,-,A,D,0,,,,,Y,,A,01,0,0,1,0,0,0,0,0,0,"- ","- ",37.174308776855469,-120.31282806396484,MERCED,UNINCORPORATED,-120.31270599365234,37.174148559570312
91406348,2020,2021-02-10,9460,2020-12-12,1835,020365,,6,2,9,2400,0,1,3,,1,591,SR-59,"W. SANDY MUSH RD.",0.00,,Y,B,-,Y,,,59,,,,,,,Y,1,1,5,2,A,-,12,22450,A,N,D,C,A,B,H,-,C,A,0,,,,,Y,,A,07,0,4,1,0,0,0,0,0,0,"- ","- ",37.185779571533203,-120.48821258544922,MERCED,UNINCORPORATED,-120.48822021484375,37.185779571533203
91406388,2021,2021-02-10,9460,2021-02-07,1410,019918,,7,2,9,2400,0,3,5,,2,050,"HORNITOS RD","MERCED FALLS RD",760.00,E,N,A,-,N,,,,,,,,,,N,3,0,1,1,A,-,03,22350,,N,E,I,A,A,A,-,A,D,0,,,Y,,Y,,C,02,0,1,0,0,0,0,0,0,1,"- ","- ",37.525459289550781,-120.32711029052734,MERCED,UNINCORPORATED,-120.32711791992188,37.525409698486328
91406898,2021,2021-02-11,9460,2021-02-09,1405,019005,,2,2,9,2400,0,3,5,,2,090,"SUNSET DR","ARENA WAY",0.00,,Y,B,-,N,,,,,,,,,,Y,4,0,2,2,A,-,09,21802,A,N,D,C,A,A,H,-,A,A,0,,,,,Y,,A,01,0,0,2,0,0,0,0,0,0,"- ","- ",37.338569641113281,-120.67797088623047,MERCED,UNINCORPORATED,-120.67795562744141,37.338569641113281
91406914,2021,2021-02-11,9460,2021-02-01,1440,019838,,1,2,9,2400,0,1,3,,2,002,"SR-99 N/B","FRANKLIN ROAD",6864.00,S,N,A,-,Y,,,,,,,,,,N,3,0,1,2,A,-,08,22107,,N,H,A,A,A,H,-,A,D,0,,,,Y,Y,,G,27,0,1,0,0,0,0,0,0,0,"- ","- ",37.373401641845703,-120.51840209960938,MERCED,UNINCORPORATED,-120.52190399169922,37.314064025878906
91407583,2021,2021-02-12,9460,2021-02-10,0600,015398,,3,1,9,2400,0,3,5,,2,040,"OAKDALE RD.","LOONEY RD.",5280.00,E,N,A,-,N,,,,,,,,,,N,4,0,1,1,A,-,08,22107,,N,E,I,A,A,H,-,D,D,0,,,,,Y,,A,01,0,0,1,0,0,0,0,0,0,"- ","- ",37.460441589355469,-120.61502075195312,MERCED,UNINCORPORATED,-120.61595153808594,37.460601806640625
91407838,2021,2021-02-12,9460,2021-02-02,1400,019838,,2,2,9,2400,0,1,3,,2,002,"SR-99 S/B","BELLEVUE RD",2640.00,N,N,B,C,Y,,,99,,,,,,S,Y,3,0,1,2,A,-,08,22107,,N,B,C,A,B,H,-,A,D,0,,,,Y,Y,,A,01,0,1,0,0,0,0,0,0,0,"- ","- ",37.363700866699219,-120.65760040283203,MERCED,UNINCORPORATED,-120.65761566162109,37.363651275634766
91407858,2021,2021-03-04,9460,2021-02-11,1735,019918,,4,2,9,2400,0,1,3,,2,001,"SR-99 S/B","SOUTH AVENUE",1584.00,N,N,B,C,Y,,,99,,,,,,S,Y,4,0,2,4,A,-,03,22350,,N,C,C,A,B,H,-,D,D,0,,,,,Y,,A,01,0,0,2,0,0,0,0,0,0,"- ","- ",37.429908752441406,-120.77498626708984,MERCED,UNINCORPORATED,-120.77506256103516,37.429851531982422
91407866,2021,2021-02-12,9460,2021-02-06,1538,018778,,6,2,9,2400,0,3,5,,2,060,"DULCINEA STREET","SARAGOSA AVE",40.00,W,N,A,-,N,,,,,,,,,,N,3,0,1,2,A,-,11,21954,A,N,G,B,D,A,H,-,A,D,0,Y,,,,Y,,N,60,0,1,0,0,1,0,0,0,0,"- ","- ",37.291130065917969,-120.30835723876953,MERCED,UNINCORPORATED,-120.30828857421875,37.291149139404297
91407938,2021,2021-02-12,9460,2021-02-01,0950,014541,,1,1,9,2400,0,1,3,,2,002,"STATE ROUTE 99 N/B","APPLEGATE ROAD",1004.00,S,N,A,-,Y,,,,,,,,,,Y,4,0,2,2,A,-,07,21658,A,N,B,C,A,A,H,-,A,D,0,,,,,Y,,A,01,0,0,2,0,0,0,0,0,0,"- ","- ",37.343399047851562,-120.61013031005859,MERCED,UNINCORPORATED,-120.61007690429688,37.343544006347656
91407958,2021,2021-02-12,9460,2021-02-07,1445,021407,,7,2,9,2400,0,3,5,,2,010,"THIRD AVENUE","MCCULLAGH RD",1584.00,E,N,A,-,N,,,,,,,,,,Y,3,0,1,1,A,-,08,22107,,N,F,A,A,A,H,-,A,D,0,,,,Y,Y,,G,26,0,1,0,0,0,0,0,0,0,"- ","- ",37.327800750732422,-120.87220001220703,MERCED,UNINCORPORATED,-120.87293243408203,37.327796936035156
91407967,2021,2021-02-12,9461,2021-02-07,1725,020486,,7,2,9,2400,0,3,5,,2,010,"DIRT CANAL ROAD","PRINCE ROAD",528.00,E,N,A,-,N,,,,,,,,,,N,4,0,1,1,A,-,03,22350,,N,F,A,A,A,H,-,A,D,0,,,Y,,Y,,C,02,0,0,1,0,0,0,0,0,1,"- ","- ",37.259910583496094,-121.02040100097656,MERCED,UNINCORPORATED,,
91408357,2021,2021-02-15,9460,2021-02-12,1355,018778,,5,1,3,2401,0,1,3,,2,002,"SR-99 N/B","APPLEGATE RD",700.00,N,N,A,-,Y,,,99,,,,,,N,Y,4,0,2,2,A,-,03,22350,,N,C,C,A,A,D,-,A,D,0,,,,,Y,,A,01,0,0,2,0,0,0,0,0,0,"- ","- ",37.345420837402344,-120.61518096923828,MERCED,ATWATER,-120.61517333984375,37.345428466796875
91408391,2021,2021-02-15,9460,2021-02-08,0200,015305,,1,3,9,2400,0,3,5,,2,060,"PLAINSBURG ROAD","SANTA FE AVENUE",0.00,,Y,A,-,N,,,,,,,,,,N,3,0,1,3,A,-,08,22107,,N,D,E,A,A,H,-,D,D,0,,,,Y,Y,,A,01,0,1,0,0,0,0,0,0,0,"- ","- ",37.292709350585938,-120.32473754882812,MERCED,UNINCORPORATED,-120.32483673095703,37.292903900146484
91408433,2021,2021-02-15,9460,2021-02-07,1240,018951,,7,1,9,2400,0,2,4,,1,031,"WINTON WAY","SANTA FE DRIVE",0.00,,Y,A,-,N,,,,,,,,,,Y,3,0,1,2,A,-,05,21460,A,N,D,C,A,A,H,-,A,D,0,,,,,Y,,D,22,0,1,0,0,0,0,0,0,0,"- ","- ",37.386329650878906,-120.61347961425781,MERCED,UNINCORPORATED,-120.61347961425781,37.385791778564453
91409424,2020,2021-02-16,9460,2020-12-05,0258,021320,,6,3,9,2400,0,1,3,,2,003,"SR-99 N/B","MISSION AVE",8448.00,S,N,A,-,Y,,,99,,,,,,N,Y,1,1,0,2,C,-,18,,,N,D,C,A,A,H,-,D,D,0,,,,Y,Y,,-,"- ",0,0,0,0,0,0,0,0,0,"- ","- ",37.256881713867188,-120.41789245605469,MERCED,UNINCORPORATED,-120.41820526123047,37.256488800048828
91410125,2021,2021-02-17,9461,2021-02-10,1754,020351,,3,2,9,2400,0,1,3,,1,452,"SR-152 W/B","DELTA ROAD",0.00,,Y,A,-,Y,,,152,,,,,,W,Y,4,0,2,2,A,-,09,21802,A,N,D,C,A,A,H,-,D,A,0,,,,,Y,,A,07,0,0,2,0,0,0,0,0,0,"- ","- ",37.055648803710938,-120.76219940185547,MERCED,UNINCORPORATED,-120.76219940185547,37.055633544921875
91410257,2021,2021-02-17,9461,2021-02-13,0101,021387,,6,3,9,2400,0,1,3,,1,152,"SR-152 E/B","ROCK BRIDGE",3696.00,W,N,A,-,Y,,,152,,,,,,E,Y,3,0,3,1,A,-,08,22107,,N,E,I,A,A,H,-,D,D,0,,,,,Y,,A,01,0,3,0,0,0,0,0,0,0,"- ","- ",37.097278594970703,-121.15064239501953,MERCED,UNINCORPORATED,-121.15062713623047,37.097255706787109
91410301,2021,2021-02-17,9461,2021-02-14,1935,021378,,7,2,9,2400,0,1,3,,1,152,"SR-152 E/B","DINOSAUR POINT RD",5280.00,E,N,A,-,Y,,,152,,,,,,E,Y,3,0,1,1,A,-,08,22107,,N,F,A,A,A,H,-,D,D,0,,,,,Y,,E,22,0,1,0,0,0,0,0,0,0,"- ","- ",37.075920104980469,-121.20841217041016,MERCED,UNINCORPORATED,-121.20842742919922,37.075939178466797
91411087,2021,2021-02-18,9460,2021-02-14,1935,018778,,7,2,9,2400,0,1,3,,2,003,"SR-99 S/B","V ST",2200.00,N,N,A,-,Y,,,,,,,,,,Y,4,0,1,3,A,-,07,21658,A,F,E,I,A,A,H,-,D,D,0,,,,,Y,,-,99,0,0,1,0,0,0,0,0,0,"- ","- ",37.305461883544922,-120.50688171386719,MERCED,UNINCORPORATED,-120.50052642822266,37.303279876708984
91411213,2021,2021-02-18,9460,2021-02-17,1703,019005,,3,2,9,2400,0,2,4,,1,042,"SANTA FE DR","SHAFFER RD",770.00,W,N,A,-,N,,,,,,,,,,N,4,0,1,2,A,-,05,21460,A,N,B,C,A,A,H,-,A,D,0,,,,,Y,,A,01,0,0,1,0,0,0,0,0,0,"- ","- ",37.375961303710938,-120.59770202636719,MERCED,UNINCORPORATED,-120.59763336181641,37.375888824462891
91411243,2021,2021-02-18,9460,2021-02-12,1748,019005,,5,2,9,2400,0,3,5,,2,090,"ATWATER JORDAN RD.","SULTANA DR.",1584.00,E,N,A,-,N,,,,,,,,,,Y,3,0,1,1,A,-,01,23152,A,N,E,I,A,A,H,-,D,D,0,,,,,Y,Y,A,07,0,1,0,0,0,0,0,0,0,"- ","- ",37.331199645996094,-120.68090057373047,MERCED,UNINCORPORATED,-120.68170166015625,37.331325531005859
91411752,2021,2021-03-18,9461,2021-02-12,1530,020486,,5,2,9,2400,0,1,3,,1,103,"STATE HIGHWAY 33","STATE HIGHWAY 152",0.00,,Y,A,-,Y,,,33,,,,,,,N,4,0,1,2,A,-,09,21802,A,N,D,C,A,A,H,-,A,D,0,,,,,Y,,A,08,0,0,1,0,0,0,0,0,0,"- ","- ",37.056388854980469,-121.01627349853516,MERCED,UNINCORPORATED,-121.01627349853516,37.056873321533203
91412859,2021,2021-02-22,9461,2021-02-12,1830,020486,,5,2,9,2400,0,1,1,,2,205,"JOHN ERRECA REST AREA N/B","INTERSTATE 5",200.00,E,N,A,-,Y,,,,,,,,,,N,4,0,1,1,A,-,03,22350,,N,E,I,A,A,H,-,D,D,0,,,,,Y,,A,01,0,0,1,0,0,0,0,0,0,"- ","- ",36.864288330078125,-120.78275299072266,MERCED,UNINCORPORATED,,
91412900,2021,2021-02-22,9461,2021-02-13,0315,018910,,6,3,9,2400,0,1,1,,2,205,"INTERSTATE 5 NORTHBOUND","CANYON ROAD",2112.00,S,N,A,-,Y,,,5,,,,,,N,Y,1,1,0,1,A,-,08,22107,,N,F,A,A,A,H,-,D,D,0,,,,,Y,Y,A,01,0,0,0,0,0,0,0,0,0,"- ","- ",36.985908508300781,-120.90248107910156,MERCED,UNINCORPORATED,-120.90251159667969,36.985885620117188
91412937,2021,2021-02-22,9461,2021-02-18,1710,020486,,4,2,9,2400,0,1,3,,1,103,"STATE HIGHWAY 33","SANCHES RD",0.00,,Y,A,-,Y,,,33,,,,,,,Y,4,0,2,2,A,-,09,21802,A,N,D,C,A,A,H,-,B,A,0,,,,,Y,,A,01,0,0,2,0,0,0,0,0,0,"- ","- ",37.2965087890625,-121.01335906982422,MERCED,UNINCORPORATED,-121.01332855224609,37.296524047851562
91412953,2021,2021-02-22,9460,2021-02-11,1103,016323,,4,1,9,2400,0,3,5,,2,020,"WALNUT AVENUE","SULTANA AVENUE",640.00,W,N,B,-,N,,,,,,,,,,Y,3,0,1,1,A,-,08,22107,,N,E,J,A,A,H,-,A,D,0,,,,,Y,,A,01,0,1,0,0,0,0,0,0,0,"- ","- ",37.389511108398438,-120.68856811523438,MERCED,UNINCORPORATED,-120.68851470947266,37.3895263671875
91413494,2021,2021-02-23,9460,2021-02-16,0745,019286,,2,1,9,2400,0,1,3,,1,165,SR-165,"AMERICAN AVENUE",528.00,N,N,A,-,Y,,,165,,,,,,,N,4,0,1,2,A,-,09,21804,A,N,D,C,A,A,H,-,A,D,0,,,,Y,Y,,A,08,0,0,1,0,0,0,0,0,0,"- ","- ",37.415531158447266,-120.84996795654297,MERCED,UNINCORPORATED,-120.85001373291016,37.415531158447266
91413849,2021,2021-02-23,9461,2021-02-22,1815,020351,,1,2,9,2400,0,1,3,,1,452,"SR-152 W/B","DELTA ROAD",0.00,,Y,A,-,Y,,,152,,,,,,W,Y,2,0,2,2,A,-,09,21802,A,F,D,C,A,A,H,-,D,A,0,,,,,Y,Y,D,22,1,1,0,0,0,0,0,0,0,"- ","- ",37.055591583251953,-120.76223754882812,MERCED,UNINCORPORATED,-120.76223754882812,37.055637359619141
91413863,2021,2021-02-23,9461,2021-01-02,2500,017080,,6,4,9,2400,0,3,5,,2,020,"ALMOND DRIVE","ORTIGALITA ROAD",390.00,W,N,A,-,N,,,,,,,,,,Y,1,2,0,1,A,-,08,22107,,N,E,I,A,A,H,-,A,D,0,,,,,Y,,A,01,0,0,0,0,0,0,0,0,0,"- ","- ",36.998138427734375,-120.87454986572266,MERCED,UNINCORPORATED,-120.87477111816406,36.99127197265625
91413954,2021,2021-02-23,9460,2021-02-18,1840,018603,,4,2,9,2400,0,1,3,,1,165,SR-165,"THIRD AVE.",150.00,N,N,A,-,Y,,,,,,,,,,Y,4,0,1,2,A,-,03,22350,,N,C,C,A,A,H,-,C,D,0,,,,,Y,,A,01,0,0,1,0,0,0,0,0,0,"- ","- ",37.194110870361328,-120.51043701171875,MERCED,UNINCORPORATED,-120.85114288330078,37.328083038330078
91414500,2021,2021-02-24,9460,2021-02-14,0206,021320,,7,3,9,2400,0,3,5,,2,040,"MEADOW DR","WINTON WAY",0.00,,Y,A,-,N,,,,,,,,,,Y,3,0,1,1,A,-,01,23152,A,N,E,I,A,A,H,-,D,A,0,,,,,Y,Y,A,07,0,1,0,0,0,0,0,0,0,"- ","- ",37.42919921875,-120.61261749267578,MERCED,UNINCORPORATED,-120.61261749267578,37.429172515869141
91415082,2021,2021-02-25,9460,2021-02-23,0605,015398,,2,1,9,2400,0,1,3,,2,002,"SR-99 N/B","LIBERTY AVE.",590.00,N,N,A,-,Y,,,99,,,,,,N,Y,4,0,1,2,A,-,16,24002,A,N,H,C,A,A,H,-,D,D,0,,,Y,,Y,,D,22,0,0,1,0,0,0,0,0,1,"- ","- ",37.374610900878906,-120.68367767333984,MERCED,UNINCORPORATED,-120.68368530273438,37.374599456787109
91415155,2021,2021-02-25,9461,2021-02-15,1250,017329,,1,1,9,2400,0,1,1,,2,105,"I-5 N/B",SR-33,1979.00,N,N,B,-,Y,,,5,,,,,,N,Y,3,0,2,3,A,-,07,21658,A,N,F,A,A,A,H,-,A,D,0,,,,Y,Y,,D,22,0,2,0,0,0,0,0,0,0,"- ","- ",37.111068725585938,-121.01953125,MERCED,UNINCORPORATED,-121.01947784423828,37.111110687255859
91415494,2021,2021-02-25,9460,2021-02-21,1539,018778,,7,2,9,2400,0,3,5,,2,080,"GURR RD","BAILEY AVE",1100.00,S,N,A,-,N,,,,,,,,,,Y,4,0,3,1,A,-,08,22107,,N,F,A,A,A,H,-,A,D,0,,,,,Y,,A,07,0,0,3,0,0,0,0,0,0,"- ","- ",37.285160064697266,-120.56047821044922,MERCED,UNINCORPORATED,-120.56093597412109,37.285373687744141
91415503,2021,2021-02-25,9460,2021-02-13,1744,018778,,6,2,9,2400,0,1,3,,1,590,SR-59,"YOSEMITE AVE",21.00,N,N,A,-,Y,,,59,,,,,,,N,4,0,4,2,A,-,05,21460,A,N,D,C,A,A,H,-,B,A,0,,,,,Y,,D,22,0,0,4,0,0,0,0,0,0,"- ","- ",37.331951141357422,-120.50462341308594,MERCED,UNINCORPORATED,-120.50457000732422,37.331947326660156
91415524,2021,2021-02-25,9460,2021-02-23,1614,018292,,2,2,9,2400,0,3,5,,2,100,"COLUMBUS AVE.","AUGUST AVE.",0.00,,Y,A,-,N,,,,,,,,,,Y,4,0,3,2,A,-,09,21802,A,N,D,C,A,A,H,-,A,A,0,,,,,Y,,D,22,0,0,3,0,0,0,0,0,0,"- ","- ",37.418941497802734,-120.86817932128906,MERCED,UNINCORPORATED,-120.86817169189453,37.41888427734375
9141658,2020,2020-10-19,2406,2020-08-03,0924,256,2,1,5,5,2406,0,0,0,,0,020,"PARSONS AV","MERCED AV",150.00,S,N,A,-,N,,,,,,,,,,Y,3,0,1,2,A,-,07,21658,A,N,B,C,A,A,H,-,A,D,0,,,,Y,Y,,G,25,0,1,0,0,0,0,0,0,0,"- ","- ",,,MERCED,MERCED,-120.45157623291016,37.291099548339844
9141666,2020,2020-10-19,2406,2020-08-03,0845,129,NORTH,1,5,5,2406,0,0,0,,0,011,"N HWY 59","WEST OLIVE AV",60.00,S,N,A,-,N,,,,,,,,,,Y,4,0,1,2,A,-,03,22350,,N,C,C,A,A,H,-,A,A,0,,,,,Y,,D,22,0,0,1,0,0,0,0,0,0,"- ","- ",,,MERCED,MERCED,-120.50495910644531,37.318996429443359
9141674,2020,2020-10-19,2406,2020-08-03,1331,129,CENTR,1,5,5,2406,0,0,0,,0,020,"G ST","21ST ST",40.00,N,N,A,-,N,,,,,,,,,,N,4,0,1,3,A,-,03,22350,,N,C,C,A,A,H,-,A,A,0,,,,,Y,,A,01,0,0,1,0,0,0,0,0,0,"- ","- ",,,MERCED,MERCED,-120.47350311279297,37.302799224853516
91416903,2021,2021-02-26,9460,2021-02-19,1347,019838,,5,1,9,2400,0,1,3,,1,165,SR-165,"RIVER ROAD",0.00,,Y,A,-,N,,,165,,,,,,,Y,3,0,1,3,A,-,12,22450,A,N,D,C,A,A,H,-,A,A,0,,,,Y,Y,,A,01,0,1,0,0,0,0,0,0,0,"- ","- ",37.362041473388672,-120.85003662109375,MERCED,UNINCORPORATED,-120.85005187988281,37.362026214599609