CASE_ID,ACCIDENT_YEAR,PROC_DATE,JURIS,COLLISION_DATE,COLLISION_TIME,OFFICER_ID,REPORTING_DISTRICT,DAY_OF_WEEK,CHP_SHIFT,POPULATION,CNTY_CITY_LOC,SPECIAL_COND,BEAT_TYPE,CHP_BEAT_TYPE,CITY_DIVISION_LAPD,CHP_BEAT_CLASS,BEAT_NUMBER,PRIMARY_RD,SECONDARY_RD,DISTANCE,DIRECTION,INTERSECTION,WEATHER_1,WEATHER_2,STATE_HWY_IND,CALTRANS_COUNTY,CALTRANS_DISTRICT,STATE_ROUTE,ROUTE_SUFFIX,POSTMILE_PREFIX,POSTMILE,LOCATION_TYPE,RAMP_INTERSECTION,SIDE_OF_HWY,TOW_AWAY,COLLISION_SEVERITY,NUMBER_KILLED,NUMBER_INJURED,PARTY_COUNT,PRIMARY_COLL_FACTOR,PCF_CODE_OF_VIOL,PCF_VIOL_CATEGORY,PCF_VIOLATION,PCF_VIOL_SUBSECTION,HIT_AND_RUN,TYPE_OF_COLLISION,MVIW,PED_ACTION,ROAD_SURFACE,ROAD_COND_1,ROAD_COND_2,LIGHTING,CONTROL_DEVICE,CHP_ROAD_TYPE,PEDESTRIAN_ACCIDENT,BICYCLE_ACCIDENT,MOTORCYCLE_ACCIDENT,TRUCK_ACCIDENT,NOT_PRIVATE_PROPERTY,ALCOHOL_INVOLVED,STWD_VEHTYPE_AT_FAULT,CHP_VEHTYPE_AT_FAULT,COUNT_SEVERE_INJ,COUNT_VISIBLE_INJ,COUNT_COMPLAINT_PAIN,COUNT_PED_KILLED,COUNT_PED_INJURED,COUNT_BICYCLIST_KILLED,COUNT_BICYCLIST_INJURED,COUNT_MC_KILLED,COUNT_MC_INJURED,PRIMARY_RAMP,SECONDARY_RAMP,LATITUDE,LONGITUDE,COUNTY,CITY,POINT_X,POINT_Y
91434421,2021,2021-03-24,9460,2021-03-13,2330,020967,,6,3,9,2400,0,3,5,,2,090,"GURR RD","ELLIOTT AVE",1056.00,S,N,A,-,N,,,,,,,,,,Y,3,0,1,1,A,-,01,23152,A,N,E,I,A,A,H,-,D,D,0,,,,,Y,Y,A,01,0,1,0,0,0,0,0,0,0,"- ","- ",37.317329406738281,-120.55943298339844,MERCED,UNINCORPORATED,-120.55933380126953,37.317726135253906
91434562,2021,2021-03-24,9460,2021-03-13,1740,019286,,6,2,9,2400,0,3,5,,2,010,"CYPRESS STREET","AMERICAN AVENUE",148.00,S,N,A,-,N,,,,,,,,,,Y,3,0,1,2,A,-,09,21804,A,N,A,C,A,A,H,-,A,D,0,,,,,Y,,D,22,0,1,0,0,0,0,0,0,0,"- ","- ",37.411128997802734,-120.85458374023438,MERCED,UNINCORPORATED,-120.85459136962891,37.411151885986328
91434621,2021,2021-03-26,9460,2021-03-14,0100,020967,,7,3,5,2406,0,1,3,,2,003,"SR-99 S/B","G ST",45.00,S,N,A,-,Y,,,99,,,,,,S,Y,4,0,1,1,A,-,01,23152,A,N,E,I,A,A,H,-,D,D,0,,,,,Y,Y,A,01,0,0,1,0,0,0,0,0,0,"- ","- ",37.295211791992188,-120.47614288330078,MERCED,MERCED,-120.47613525390625,37.295196533203125
91435447,2021,2021-03-25,9460,2021-01-07,2213,018673,,4,3,9,2400,0,2,4,,1,061,"SANTA FE AVENUE","CHILDS AVENUE",0.00,,Y,E,-,N,,,,,,,,,,Y,1,1,0,1,A,-,01,23152,A,N,E,I,A,A,H,-,C,D,0,,,,,Y,Y,A,01,0,0,0,0,0,0,0,0,0,"- ","- ",37.287979125976562,-120.31993103027344,MERCED,UNINCORPORATED,-120.31983184814453,37.287845611572266
91435463,2021,2021-03-25,9461,2021-03-16,1538,021280,,2,2,9,2400,0,1,3,,1,503,SR-33,"ARROYO CANAL",420.00,S,N,A,-,N,,,33,,,,,,,Y,4,0,1,2,A,-,09,21801,A,F,A,C,A,A,H,-,A,D,0,,,,,Y,,D,22,0,0,1,0,0,0,0,0,0,"- ","- ",37.034858703613281,-120.63564300537109,MERCED,UNINCORPORATED,-120.63557434082031,37.034858703613281
91435489,2021,2021-03-25,9460,2021-03-11,1946,018922,,4,2,9,2400,0,3,5,,2,080,"WEST SANDY MUSH ROAD","COMBS ROAD",323.00,W,N,B,-,N,,,,,,,,,,Y,1,1,1,1,A,-,01,23152,A,N,F,A,A,A,H,-,D,D,0,,,,,Y,Y,A,01,0,1,0,0,0,0,0,0,0,"- ","- ",37.185791015625,-120.54733276367188,MERCED,UNINCORPORATED,-120.54734039306641,37.185863494873047
91435494,2021,2021-03-25,9461,2021-03-20,1715,018910,,6,2,9,2400,0,2,4,,1,115,"HENRY MILLER AVENUE","INGOMAR GRADE",4224.00,W,N,A,-,N,,,,,,,,,,Y,3,0,1,1,A,-,08,22107,,N,E,I,A,A,H,-,A,D,0,,,,,Y,,A,01,0,1,0,0,0,0,0,0,0,"- ","- ",37.1002197265625,-120.94603729248047,MERCED,UNINCORPORATED,-120.93067169189453,37.099380493164062
91435509,2021,2021-03-25,9460,2021-03-16,1755,019286,,2,2,9,2400,0,3,5,,2,040,"WINTON WAY","PARK AVENUE",123.00,N,N,A,-,N,,,,,,,,,,N,4,0,1,2,A,-,03,22350,,N,B,C,A,A,H,-,A,D,0,,,,,Y,,A,07,0,0,1,0,0,0,0,0,0,"- ","- ",37.387519836425781,-120.61354827880859,MERCED,UNINCORPORATED,-120.61347961425781,37.387397766113281
91437055,2021,2021-03-26,9461,2021-03-24,2028,021280,,3,2,9,2400,0,1,3,,1,465,SR-165,"WOLFSEN RD.",4752.00,S,N,A,-,N,,,165,,,,,,,Y,2,0,2,2,A,-,01,23152,A,F,A,C,A,A,H,-,D,D,0,,,,,Y,Y,A,01,1,1,0,0,0,0,0,0,0,"- ","- ",37.134380340576172,-120.83450317382812,MERCED,UNINCORPORATED,-120.83450317382812,37.134380340576172
91437237,2021,2021-03-26,9461,2021-03-24,0635,017329,,3,1,9,2400,0,3,5,,2,020,"ORTIGALITA ROAD","CACTUS DRIVE",4.00,N,N,B,-,N,,,,,,,,,,Y,4,0,1,2,A,-,05,21752,D,N,D,C,A,A,H,-,B,D,0,,,,Y,Y,,F,25,0,0,1,0,0,0,0,0,0,"- ","- ",37.013031005859375,-120.87303924560547,MERCED,UNINCORPORATED,-120.87310028076172,37.013031005859375
91437288,2021,2021-03-26,9461,2021-03-24,2238,021126,,3,3,9,2400,0,1,1,,2,205,"I-5 S/B",SR-165,5280.00,N,N,A,-,Y,,,5,,,,,,S,Y,3,0,1,1,A,-,08,22107,,N,F,I,A,A,H,-,D,D,0,,,,,Y,,A,01,0,1,0,0,0,0,0,0,0,"- ","- ",36.940658569335938,-120.85331726074219,MERCED,UNINCORPORATED,-120.85333251953125,36.940643310546875
91438071,2021,2021-03-29,9461,2021-03-22,1730,021280,,1,2,9,2400,0,1,3,,1,152,"SR-152 W/B","BASALT RD.",2640.00,E,N,A,-,Y,,,152,,,,,,W,Y,4,0,1,2,A,-,08,22107,,M,B,C,A,A,H,-,A,D,0,,,,,Y,,A,01,0,0,1,0,0,0,0,0,0,"- ","- ",37.058250427246094,-121.05001068115234,MERCED,UNINCORPORATED,-121.05000305175781,37.058277130126953
91438134,2021,2021-03-29,9460,2021-03-18,2300,020840,,4,3,9,2400,0,3,5,,2,010,"3RD AVE","CEMETERY RD",0.00,,Y,A,-,N,,,,,,,,,,Y,3,0,1,1,A,-,01,23152,A,N,E,I,A,A,H,-,D,D,0,,,,,Y,Y,D,22,0,1,0,0,0,0,0,0,0,"- ","- ",37.328090667724609,-120.92401885986328,MERCED,UNINCORPORATED,-120.92395782470703,37.328022003173828
91438195,2021,2021-03-29,9461,2021-03-25,1415,018910,,4,2,9,2400,0,1,3,,1,103,"STATE ROUTE 33","BAMBAUER ROAD",0.00,,Y,A,-,Y,,,33,,,,,,,Y,3,0,1,3,A,-,09,21802,A,N,D,C,A,A,H,-,A,A,0,,,,,Y,,A,01,0,1,0,0,0,0,0,0,0,"- ","- ",37.274818420410156,-121.00498962402344,MERCED,UNINCORPORATED,-121.00501251220703,37.274810791015625
91438403,2021,2021-03-29,9461,2021-03-26,0550,017329,,5,3,9,2400,0,1,1,,2,205,"I-5 S/B","VOLTA ROAD",1000.00,N,N,A,-,Y,,,5,,,,,,S,Y,4,0,1,2,A,-,03,22350,,N,C,C,A,A,H,-,D,D,0,,,,,Y,,A,07,0,0,1,0,0,0,0,0,0,"- ","- ",37.016620635986328,-120.93116760253906,MERCED,UNINCORPORATED,-120.93120574951172,37.016586303710938
91438449,2021,2021-03-29,9461,2021-03-26,0527,019052,,5,3,9,2400,0,1,1,,2,205,"I-5 S/B","VOLTA RD",150.00,N,N,A,-,Y,,,5,,,,,,S,Y,4,0,1,1,A,-,08,22107,,N,F,A,A,A,H,-,D,D,0,,,,,Y,,D,22,0,0,1,0,0,0,0,0,0,"- ","- ",37.014671325683594,-120.92942810058594,MERCED,UNINCORPORATED,-120.92938995361328,37.01470947265625
91439182,2021,2021-03-30,9460,2021-03-27,1005,018422,,6,1,9,2400,0,1,3,,1,143,SR-140,"WATT ST.",0.00,,Y,A,-,Y,,,140,,,,,,,Y,4,0,1,2,A,-,09,21801,A,N,D,C,A,A,H,-,A,D,0,,,,,Y,,D,22,0,0,1,0,0,0,0,0,0,"- ","- ",37.295890808105469,-120.31951904296875,MERCED,UNINCORPORATED,-120.31953430175781,37.295928955078125
91439334,2021,2021-03-30,9461,2021-03-20,0725,017080,,6,1,9,2400,0,3,5,,2,010,"OVERLAND ROAD","JOHNSON ROAD",1056.00,E,N,A,-,N,,,,,,,,,,N,3,0,1,2,A,-,03,22350,,N,G,B,E,A,H,-,B,D,0,Y,,,,Y,,A,07,0,1,0,0,1,0,0,0,0,"- ","- ",37.073558807373047,-120.85616302490234,MERCED,UNINCORPORATED,-120.85723876953125,37.073680877685547
91439493,2021,2021-03-30,9460,2021-03-24,0035,020857,,3,3,9,2400,0,2,4,,1,041,"SANTA FE DR","BUSINESS PARK WAY",2640.00,E,N,A,-,N,,,,,,,,,,Y,3,0,1,1,A,-,08,22107,,N,E,I,A,A,H,-,D,D,0,,,,,Y,,A,01,0,1,0,0,0,0,0,0,0,"- ","- ",37.324020385742188,-120.51393890380859,MERCED,UNINCORPORATED,-120.51462554931641,37.324188232421875
9143990,2020,2020-10-15,2401,2020-08-04,1636,721,2401,2,5,3,2401,0,0,0,,0,001,"3RD ST","JUNIPER AV",0.00,,Y,A,-,N,,,,,,,,,,N,4,0,2,2,A,-,12,22450,A,N,B,C,A,A,H,-,A,A,0,,,,,Y,,D,22,0,0,2,0,0,0,0,0,0,"- ","- ",,,MERCED,ATWATER,-120.60517883300781,37.353290557861328
9143993,2020,2020-10-15,2401,2020-08-23,1155,716,2401,7,5,3,2401,0,0,0,,0,002,"1ST ST","BROADWAY AV",0.00,,Y,A,-,N,,,,,,,,,,N,4,0,1,2,A,-,09,21802,A,N,D,C,A,A,H,-,A,A,0,,,,,Y,,D,22,0,0,1,0,0,0,0,0,0,"- ","- ",,,MERCED,ATWATER,-120.60700988769531,37.346160888671875
91440090,2021,2021-03-31,9460,2021-03-20,1747,021407,,6,2,9,2400,0,3,5,,2,040,"NORTH WINTON WAY","PARK AVE",0.00,,Y,A,-,N,,,,,,,,,,N,3,0,1,2,A,-,21,22106,,N,D,C,A,A,H,-,A,A,0,,,Y,,Y,,C,03,0,1,0,0,0,0,0,0,1,"- ","- ",37.387001037597656,-120.61329650878906,MERCED,UNINCORPORATED,-120.61347961425781,37.387062072753906
91440163,2021,2021-03-31,9460,2021-03-19,1445,020822,,5,2,9,2400,0,3,5,,2,020,"BRADBURY RD","SR-99 S/B FROM BRADBURY RD",0.00,,Y,B,C,Y,,,,,,,,,,Y,2,0,2,2,A,-,09,21801,A,N,A,C,A,B,H,-,A,D,0,,,,,Y,,A,01,1,1,0,0,0,0,0,0,0,"- ","- ",37.448780059814453,-120.79856109619141,MERCED,UNINCORPORATED,-120.85913848876953,37.448928833007812
91440374,2021,2021-03-31,9460,2021-03-20,1655,019806,,6,2,5,2406,0,1,3,,2,003,"SR-99 N/B","CANAL STREET",120.00,S,N,A,-,Y,,,99,,,,,,N,Y,2,0,1,1,A,-,08,22107,,N,E,I,A,A,H,-,A,D,0,,,,,Y,,A,08,1,0,0,0,0,0,0,0,0,"- ","- ",37.297500610351562,-120.48499298095703,MERCED,MERCED,-120.48497772216797,37.297534942626953
91440424,2021,2021-03-31,9460,2021-03-24,1340,019005,,3,1,9,2400,0,3,5,,2,100,"WESTSIDE BLVD","WEIR AVE",200.00,E,N,A,-,N,,,,,,,,,,Y,2,0,1,1,A,-,08,22107,,N,F,A,A,A,H,-,A,D,0,,,Y,,Y,,C,02,1,0,0,0,0,0,0,0,1,"- ","- ",37.3603515625,-120.79589080810547,MERCED,UNINCORPORATED,-120.79575347900391,37.360439300537109
91440811,2021,2021-04-01,9460,2021-03-31,0930,015305,,3,1,5,2406,0,1,3,,2,003,"STATE ROUTE 99 (S/B) TO V ST. OFF-RAMP","V ST.",121.00,N,N,A,-,Y,,,99,,,,R,,,N,3,0,3,2,A,-,03,22350,,N,C,C,A,A,H,-,A,D,0,,,,,Y,,A,01,0,3,0,0,0,0,0,0,0,"- ","- ",37.302989959716797,-120.50140380859375,MERCED,MERCED,-120.50140380859375,37.302989959716797
91440982,2021,2021-04-01,9461,2021-03-23,1226,017183,,2,1,3,2405,0,1,3,,1,152,"SR-152 E/B","SANTA CLARA COUNTY",3168.00,E,N,A,-,Y,,,,,,,,,,Y,4,0,1,1,A,-,08,22107,,N,F,A,A,A,H,-,A,D,0,,,,,Y,,A,07,0,0,1,0,0,0,0,0,0,"- ","- ",37.075939178466797,-121.20839691162109,MERCED,"LOS BANOS",,
91441163,2021,2021-04-01,9461,2021-03-27,0745,021378,,6,1,9,2400,0,1,3,,1,152,"SR-152 E/B","ROMERO VISITOR CENTER ENTRANCE",2112.00,W,N,A,-,Y,,,152,,,,,,E,Y,4,0,2,2,A,-,08,22107,,N,D,C,A,A,H,-,A,D,0,,,,Y,Y,,A,01,0,0,2,0,0,0,0,0,0,"- ","- ",37.085849761962891,-121.10970306396484,MERCED,UNINCORPORATED,-121.10971069335938,37.085803985595703
91441786,2021,2021-04-02,9460,2021-03-27,1040,016476,,6,1,9,2400,0,3,5,,2,010,"COLUMBUS AVENUE","WILLIAMS AVENUE",0.00,,Y,A,-,N,,,,,,,,,,Y,3,0,6,2,A,-,12,22450,A,N,D,C,A,A,H,-,A,A,0,,,,,Y,,A,07,0,6,0,0,0,0,0,0,0,"- ","- ",37.389881134033203,-120.86849975585938,MERCED,UNINCORPORATED,-120.86850738525391,37.389896392822266
91443433,2021,2021-04-05,9460,2021-03-28,0415,020840,,7,3,9,2400,0,1,3,,2,001,"SR-99 S/B","WINTON PKY",2112.00,N,N,A,-,Y,,,99,,,,,,S,Y,3,0,1,1,A,-,03,22350,,N,E,I,A,A,H,-,D,D,0,,,,,Y,,A,07,0,1,0,0,0,0,0,0,0,"- ","- ",37.396041870117188,-120.74086761474609,MERCED,UNINCORPORATED,-120.74082946777344,37.39605712890625
91443499,2021,2021-04-05,9460,2021-03-26,0701,018951,,5,1,9,2400,0,1,3,,2,003,"STATE ROUTE 99 (NORTHBOUND)","LE GRAND ROAD",1056.00,N,N,A,-,Y,,,99,,,,,,,Y,4,0,1,2,A,-,07,21658,A,N,C,C,A,A,H,-,A,D,0,,,,Y,Y,,A,01,0,0,1,0,0,0,0,0,0,"- ","- ",37.236240386962891,-120.39266967773438,MERCED,UNINCORPORATED,-120.392822265625,37.236026763916016
91444321,2021,2021-04-06,9461,2021-03-30,1435,018910,,2,2,9,2400,0,1,3,,1,103,"STATE ROUTE 33","BAYVIEW ROAD",528.00,N,N,A,-,Y,,,33,,,,,,,N,4,0,1,2,A,-,08,22107,,N,B,C,A,A,H,-,A,D,0,,,,Y,Y,,G,25,0,0,1,0,0,0,0,0,0,"- ","- ",37.102668762207031,-121.01566314697266,MERCED,UNINCORPORATED,-121.01582336425781,37.102672576904297
91445069,2021,2021-04-07,9460,2021-03-30,1222,018951,,2,1,9,2400,0,1,3,,2,002,"STATE ROUTE 99 N/B","APPLEGATE ROAD",528.00,S,N,A,-,Y,,,,,,,,,,Y,4,0,1,3,A,-,03,22350,,N,C,C,A,A,H,-,A,D,0,,,,,Y,,A,01,0,0,1,0,0,0,0,0,0,"- ","- ",37.343418121337891,-120.61032104492188,MERCED,UNINCORPORATED,-120.61156463623047,37.344085693359375
91445232,2021,2021-04-07,9460,2021-03-28,2305,020840,,7,3,3,2401,0,1,3,,2,002,"SR-99 N/B","EAST ATWATER BLVD",1056.00,N,N,A,-,Y,,,99,,,,,,N,Y,3,0,1,2,A,-,01,23152,A,N,C,C,A,A,D,-,D,D,0,,,,Y,Y,Y,A,07,0,1,0,0,0,0,0,0,0,"- ","- ",37.340221405029297,-120.595947265625,MERCED,ATWATER,-120.595947265625,37.340221405029297
91445248,2021,2021-04-07,9460,2021-03-31,2307,020840,,3,3,9,2400,0,3,5,,2,030,"ASHBY ROAD","FERN ST",400.00,W,N,A,-,N,,,,,,,,,,Y,4,0,1,2,A,-,09,21804,A,N,A,C,A,A,H,-,C,D,0,,,,,Y,,A,01,0,0,1,0,0,0,0,0,0,"- ","- ",37.317630767822266,-120.53096771240234,MERCED,UNINCORPORATED,-120.53092956542969,37.317596435546875
91445464,2021,2021-04-07,9460,2021-03-28,0408,021511,,7,3,9,2400,0,3,5,,2,030,"ASHBY ROAD","BUHACH ROAD",0.00,,Y,A,-,N,,,,,,,,,,Y,3,0,3,1,A,-,01,23152,A,N,E,I,A,A,H,-,C,D,0,,,,,Y,Y,A,01,0,1,2,0,0,0,0,0,0,"- ","- ",37.334999084472656,-120.57536315917969,MERCED,UNINCORPORATED,-120.575439453125,37.334987640380859
91445975,2021,2021-04-08,9460,2021-04-04,2036,021407,,7,2,9,2400,0,3,5,,2,030,"DRAKE AVE","SOLIS STREET",8.00,S,N,A,-,N,,,,,,,,,,N,3,0,1,2,A,-,11,21954,A,N,G,B,D,A,H,-,C,D,0,Y,,,,Y,,N,60,0,1,0,0,1,0,0,0,0,"- ","- ",37.322700500488281,-120.52369689941406,MERCED,UNINCORPORATED,-120.52359008789062,37.32244873046875
91446080,2021,2021-04-08,9460,2021-03-27,2148,020967,,6,2,9,2400,0,3,5,,2,010,"TURNER AVE","MITCHELL RD",60.00,W,N,A,-,N,,,,,,,,,,Y,3,0,4,2,A,-,05,21460,A,N,A,C,A,A,H,-,D,D,0,,,,,Y,,A,01,0,2,2,0,0,0,0,0,0,"- ","- ",37.372318267822266,-120.94171142578125,MERCED,UNINCORPORATED,-120.94180297851562,37.372291564941406
91446088,2021,2021-04-08,9460,2021-04-03,1315,018422,,6,1,9,2400,0,1,3,,2,003,"SR-99 (S/B)","MISSION AVE.",5280.00,S,N,A,-,Y,,,99,,,,,,,Y,4,0,1,1,A,-,08,22107,,N,E,I,A,A,H,-,A,D,0,,,,,Y,,A,01,0,0,1,0,0,0,0,0,0,"- ","- ",37.262210845947266,-120.42497253417969,MERCED,UNINCORPORATED,-120.42500305175781,37.262172698974609
91446216,2021,2021-04-08,9460,2021-01-15,2253,021511,,5,3,9,2400,0,3,5,,2,030,"SANTA FE DRIVE","SPACEPORT ENTRY",2320.00,E,N,A,-,N,,,,,,,,,,Y,1,1,1,2,A,-,11,21954,A,N,G,B,E,A,H,-,D,D,0,Y,,,,Y,,N,60,0,1,0,1,0,0,0,0,0,"- ","- ",37.354949951171875,-120.56378173828125,MERCED,UNINCORPORATED,-120.564002,37.355035999999998
91447022,2021,2021-04-09,9461,2021-03-31,1512,021387,,3,2,9,2400,0,1,3,,1,452,"SR-152 E/B","ARROYA AVE",600.00,E,N,A,-,Y,,,152,,,,,,E,Y,2,0,1,2,A,-,03,22350,,N,C,C,A,A,H,-,A,D,0,,,Y,Y,Y,,C,02,1,0,0,0,0,0,0,0,1,"- ","- ",37.054039001464844,-120.669921875,MERCED,UNINCORPORATED,-120.669921875,37.0540771484375
91447340,2021,2021-04-09,9461,2021-04-08,1037,021280,,4,1,9,2400,0,1,3,,1,153,"SR-152 W/B","BILLY WRIGHT RD.",150.00,E,N,A,-,N,,,152,,,,,,W,Y,3,0,2,2,A,-,03,22350,,N,C,C,A,A,H,-,A,D,0,,,,,Y,,A,01,0,1,1,0,0,0,0,0,0,"- ","- ",37.056758880615234,-120.95365142822266,MERCED,UNINCORPORATED,-120.95365142822266,37.056781768798828
91447485,2021,2021-05-12,9461,2021-04-02,2120,020351,,5,2,9,2400,0,1,1,,2,105,"INTERSTATE 5 SOUTHBOUND","MCCABE ROAD",1710.00,N,N,A,-,Y,,,5,,,,,,S,Y,2,0,4,4,A,-,03,22350,,N,C,C,A,A,H,-,D,D,0,,,,,Y,,D,22,1,0,3,0,0,0,0,0,0,"- ","- ",37.119461059570312,-121.02558898925781,MERCED,UNINCORPORATED,-121.02558135986328,37.119464874267578
91447489,2021,2021-04-09,9461,2021-04-04,0822,018586,,7,1,9,2400,0,1,1,,2,205,"I-5 N/B",SR-165,8976.00,S,N,A,-,Y,,,5,,,,,,N,Y,4,0,1,1,A,-,08,22107,,N,E,I,A,A,H,-,A,D,0,,,,,Y,,A,07,0,0,1,0,0,0,0,0,0,"- ","- ",36.910480499267578,-120.81900787353516,MERCED,UNINCORPORATED,-120.81906890869141,36.910427093505859
91447517,2021,2021-04-12,9460,2021-04-04,1632,019918,,7,2,9,2400,0,2,4,,1,101,"WESTSIDE BLVD","ROBIN AVE",0.00,,Y,A,-,N,,,,,,,,,,Y,3,0,2,2,A,-,01,23152,A,F,D,C,A,A,H,-,A,D,0,,,,,Y,Y,D,22,0,2,0,0,0,0,0,0,0,"- ","- ",37.360599517822266,-120.74195098876953,MERCED,UNINCORPORATED,-120.74191284179688,37.360458374023438
91448013,2021,2021-04-12,9461,2021-04-02,1705,020486,,5,2,9,2400,0,1,3,,1,153,"STATE HIGHWAY 152","RAMOS ROAD",1056.00,W,N,A,-,Y,,,152,,,,,,,Y,3,0,1,1,A,-,01,23152,A,N,E,I,A,A,H,-,A,D,0,,,,,Y,Y,A,01,0,1,0,0,0,0,0,0,0,"- ","- ",37.056480407714844,-120.91673278808594,MERCED,UNINCORPORATED,-120.91673278808594,37.056537628173828
91448384,2021,2021-04-12,9460,2021-03-24,1830,019286,,3,2,9,2400,0,1,3,,2,001,"SR-99 S/B","GRIFFITH ROAD",528.00,N,N,A,-,Y,,,99,,,,,,S,N,4,0,1,2,A,-,03,22350,,M,C,C,A,A,H,-,A,D,0,,,,,Y,,A,01,0,0,1,0,0,0,0,0,0,"- ","- ",37.460491180419922,-120.81523132324219,MERCED,UNINCORPORATED,-120.81523132324219,37.460483551025391
91449178,2021,2021-04-13,9460,2021-03-27,2257,021511,,6,3,9,2400,0,3,5,,2,050,SR-59,"BELLEVUE ROAD",2140.00,N,N,A,-,Y,,,59,,,,,,,N,3,0,1,2,A,-,11,21954,A,F,G,B,D,A,H,-,D,D,0,Y,,,,Y,,N,60,0,1,0,0,1,0,0,0,0,"- ","- ",37.366859436035156,-120.50325775146484,MERCED,UNINCORPORATED,-120.50325775146484,37.366859436035156
91450165,2021,2021-04-14,9460,2021-04-03,1155,016476,,6,1,9,2400,0,1,3,,2,001,"SR-99 S/B","COLLIER RD",528.00,N,N,A,-,Y,,,99,,,,,,S,Y,4,0,2,3,A,-,07,21658,A,N,B,C,A,A,H,-,A,D,0,,,,,Y,,A,07,0,0,2,0,0,0,0,0,0,"- ","- ",37.409351348876953,-120.75241088867188,MERCED,UNINCORPORATED,-120.75264739990234,37.409137725830078
91450195,2021,2021-04-14,9460,2021-04-07,0907,016476,,3,1,3,2401,0,1,3,,2,002,"SR-99 N/B","APPLEGATE ROAD",3168.00,S,N,A,-,Y,,,99,,,,,,N,N,4,0,1,2,A,-,03,22350,,N,C,C,A,A,D,-,A,D,0,,,,,Y,,A,01,0,0,1,0,0,0,0,0,0,"- ","- ",37.345649719238281,-120.61480712890625,MERCED,ATWATER,-120.61492156982422,37.3453369140625
91450613,2021,2021-04-14,9460,2021-04-12,1849,019838,,1,2,9,2400,0,2,4,,1,031,"WINTON WAY","DORIS AVENUE",15.00,N,N,A,-,N,,,,,,,,,,N,3,0,2,2,A,-,03,22350,,N,C,C,A,A,H,-,A,D,0,,,,,Y,,A,08,0,2,0,0,0,0,0,0,0,"- ","- ",37.380760192871094,-120.61356353759766,MERCED,UNINCORPORATED,-120.61357879638672,37.380752563476562
91450624,2021,2021-04-14,9461,2021-04-08,1240,020486,,4,1,9,2400,0,1,1,,2,205,"INTERSTATE 5","NESS AVENUE",12672.00,N,N,A,-,Y,,,5,,,,,,,Y,4,0,2,2,A,-,03,22350,,N,C,C,A,A,H,-,A,D,0,,,,,Y,,A,01,0,0,2,0,0,0,0,0,0,"- ","- ",36.881969451904297,-120.79634857177734,MERCED,UNINCORPORATED,-120.79609680175781,36.88214111328125
91450642,2021,2021-04-14,9460,2021-04-04,0350,020967,,7,3,9,2400,0,1,3,,2,001,"SR-99 S/B","COLLIER RD",528.00,N,N,A,-,Y,,,99,,,,,,S,Y,3,0,1,1,A,-,01,23152,A,N,F,A,A,A,H,-,C,D,0,,,,,Y,Y,A,01,0,1,0,0,0,0,0,0,0,"- ","- ",37.412590026855469,-120.75543212890625,MERCED,UNINCORPORATED,-120.75538635253906,37.412624359130859
91451005,2021,2021-04-15,9460,2021-04-07,0450,020156,,3,3,9,2400,0,1,3,,1,591,SR-59,"GERARD AVE",0.00,,Y,A,-,Y,,,59,,,,,,,Y,3,0,1,2,A,-,09,21801,A,N,D,C,A,A,H,-,C,D,0,,,,,Y,,A,07,0,1,0,0,0,0,0,0,0,"- ","- ",37.28118896484375,-120.4874267578125,MERCED,UNINCORPORATED,-120.4876708984375,37.281196594238281
91451290,2021,2021-04-15,9461,2021-04-08,2335,021126,,4,3,9,2400,0,1,1,,2,206,"I-5 S/B","NEES AVENUE",1056.00,N,N,A,-,Y,,,5,,,,,,S,N,4,0,1,2,A,-,03,22350,,N,C,C,A,A,H,-,D,D,0,,,,,Y,,D,22,0,0,1,0,0,0,0,0,0,"- ","- ",36.856330871582031,-120.77834320068359,MERCED,UNINCORPORATED,-120.77832794189453,36.856338500976562
91452242,2021,2021-04-16,9460,2021-04-11,1500,018778,,7,2,9,2400,0,1,3,,1,590,SR-59,"OAKDALE RD",5280.00,S,N,A,-,Y,,,59,,,,,,,Y,4,0,1,1,A,-,08,22107,,N,E,I,A,A,H,-,A,D,0,,,,,Y,,A,01,0,0,1,0,0,0,0,0,0,"- ","- ",37.40496826171875,-120.50470733642578,MERCED,UNINCORPORATED,-120.50473785400391,37.40496826171875
91452378,2021,2021-04-16,9460,2021-03-30,2016,018778,,2,2,9,2400,0,1,3,,1,143,"STATE ROUTE 140","CUNNINGHAM RD",9504.00,W,N,A,-,Y,,,140,,,,,,,N,2,0,1,2,A,-,11,21954,A,F,G,B,E,A,H,-,D,D,0,Y,,,,Y,,N,60,1,0,0,0,1,0,0,0,0,"- ","- ",37.314109802246094,-120.28041839599609,MERCED,UNINCORPORATED,-120.28041839599609,37.314113616943359