CASE_ID,ACCIDENT_YEAR,PROC_DATE,JURIS,COLLISION_DATE,COLLISION_TIME,OFFICER_ID,REPORTING_DISTRICT,DAY_OF_WEEK,CHP_SHIFT,POPULATION,CNTY_CITY_LOC,SPECIAL_COND,BEAT_TYPE,CHP_BEAT_TYPE,CITY_DIVISION_LAPD,CHP_BEAT_CLASS,BEAT_NUMBER,PRIMARY_RD,SECONDARY_RD,DISTANCE,DIRECTION,INTERSECTION,WEATHER_1,WEATHER_2,STATE_HWY_IND,CALTRANS_COUNTY,CALTRANS_DISTRICT,STATE_ROUTE,ROUTE_SUFFIX,POSTMILE_PREFIX,POSTMILE,LOCATION_TYPE,RAMP_INTERSECTION,SIDE_OF_HWY,TOW_AWAY,COLLISION_SEVERITY,NUMBER_KILLED,NUMBER_INJURED,PARTY_COUNT,PRIMARY_COLL_FACTOR,PCF_CODE_OF_VIOL,PCF_VIOL_CATEGORY,PCF_VIOLATION,PCF_VIOL_SUBSECTION,HIT_AND_RUN,TYPE_OF_COLLISION,MVIW,PED_ACTION,ROAD_SURFACE,ROAD_COND_1,ROAD_COND_2,LIGHTING,CONTROL_DEVICE,CHP_ROAD_TYPE,PEDESTRIAN_ACCIDENT,BICYCLE_ACCIDENT,MOTORCYCLE_ACCIDENT,TRUCK_ACCIDENT,NOT_PRIVATE_PROPERTY,ALCOHOL_INVOLVED,STWD_VEHTYPE_AT_FAULT,CHP_VEHTYPE_AT_FAULT,COUNT_SEVERE_INJ,COUNT_VISIBLE_INJ,COUNT_COMPLAINT_PAIN,COUNT_PED_KILLED,COUNT_PED_INJURED,COUNT_BICYCLIST_KILLED,COUNT_BICYCLIST_INJURED,COUNT_MC_KILLED,COUNT_MC_INJURED,PRIMARY_RAMP,SECONDARY_RAMP,LATITUDE,LONGITUDE,COUNTY,CITY,POINT_X,POINT_Y
91470106,2020,2021-05-11,9461,2020-11-01,0909,018586,,7,1,9,2400,0,1,1,,2,105,"INTERSTATE 5 NORTHBOUND","STATE ROUTE 140",1600.00,S,N,A,-,Y,,,5,,,,,,N,Y,1,1,2,3,A,-,03,22350,,N,C,C,A,A,D,-,A,D,0,,,,,Y,,A,01,1,0,1,0,0,0,0,0,0,"- ","- ",37.241588592529297,-121.08757781982422,MERCED,UNINCORPORATED,-121.08756256103516,37.241596221923828
91470208,2021,2021-05-11,9460,2021-05-04,0630,015398,,2,1,9,2400,0,3,5,,2,020,"LEE RD.","TURLOCK RD.",2112.00,S,N,A,-,N,,,,,,,,,,Y,2,0,1,1,A,-,08,22107,,N,E,I,A,A,H,-,B,D,0,,,,,Y,,A,01,1,0,0,0,0,0,0,0,0,"- ","- ",37.47119140625,-120.64884185791016,MERCED,UNINCORPORATED,-120.64888000488281,37.471221923828125
91470210,2021,2021-05-27,9461,2021-05-06,2225,021126,,4,3,9,2400,0,2,4,,1,110,"INGOMAR GRADE","BADGER FLAT ROAD",4752.00,W,N,A,-,N,,,,,,,,,,Y,3,0,1,2,A,-,03,22350,,N,A,C,A,A,H,-,D,D,0,,,,,Y,,A,01,0,1,0,0,0,0,0,0,0,"- ","- ",37.081241607666016,-120.88836669921875,MERCED,UNINCORPORATED,-120.89022064208984,37.082038879394531
91470474,2021,2021-05-11,9461,2021-05-06,1735,021378,,4,2,9,2400,0,3,5,,2,010,"CANAL SCHOOL RD","BRAZA RD",528.00,N,N,A,-,N,,,,,,,,,,Y,2,0,1,2,A,-,08,22107,,N,A,C,A,A,H,-,A,D,0,,,,Y,Y,Y,A,01,1,0,0,0,0,0,0,0,0,"- ","- ",37.304851531982422,-121.00823974609375,MERCED,UNINCORPORATED,-121.00826263427734,37.305240631103516
91470599,2021,2021-05-11,9460,2021-04-29,1540,019005,,4,2,9,2400,0,3,5,,2,050,"KIBBY RD","E. SOUTH BEAR CREEK DRIVE",0.00,,Y,A,-,N,,,,,,,,,,N,4,0,1,2,A,-,12,22450,A,F,D,A,A,A,H,-,A,A,0,,,,,Y,,-,99,0,0,1,0,0,0,0,0,0,"- ","- ",37.310420989990234,-120.41503143310547,MERCED,UNINCORPORATED,-120.41502,37.310400000000001
91470808,2021,2021-05-27,9461,2021-05-05,0255,018910,,3,3,9,2400,0,1,3,,1,152,"STATE ROUTE 152 EASTBOUND","STATE ROUTE 33 (GONZAGA ROAD)",2112.00,E,N,A,-,Y,,,152,,,,,,E,Y,2,0,1,2,A,-,03,22350,,M,C,C,A,A,H,-,D,D,0,,,,Y,Y,,A,01,1,0,0,0,0,0,0,0,0,"- ","- ",37.05657958984375,-121.00762176513672,MERCED,UNINCORPORATED,-121.00762176513672,37.056797027587891
91471408,2021,2021-05-12,9460,2021-05-07,0755,018673,,5,1,9,2400,0,1,3,,2,003,"SR-99 S/B","BEAR CREEK",200.00,N,N,A,-,Y,,,99,,,,,,S,Y,4,0,1,2,A,-,03,22350,,N,C,C,A,A,H,-,A,D,0,,,,,Y,,D,22,0,0,1,0,0,0,0,0,0,"- ","- ",37.308570861816406,-120.51072692871094,MERCED,UNINCORPORATED,-120.51071166992188,37.308589935302734
91471910,2021,2021-05-12,9460,2021-05-09,1322,015398,,7,1,9,2400,0,1,3,,2,001,"SR-99 S/B","EL CAPITAN WAY",170.00,N,N,A,-,Y,,,99,,,,,,S,Y,4,0,1,2,A,-,03,22350,,N,C,C,A,A,H,-,A,D,0,,,,,Y,,A,01,0,0,1,0,0,0,0,0,0,"- ","- ",37.433609008789062,-120.77921295166016,MERCED,UNINCORPORATED,-120.77921295166016,37.433605194091797
91471957,2021,2021-05-27,9460,2021-05-10,1645,018603,,1,2,9,2400,0,3,5,,2,040,"SHAFFER RD.","PALM AVE.",0.00,,Y,A,-,N,,,,,,,,,,Y,4,0,1,1,A,-,08,22107,,N,E,I,A,A,H,-,A,D,0,,,,,Y,,A,07,0,0,1,0,0,0,0,0,0,"- ","- ",37.250598907470703,-120.35399627685547,MERCED,UNINCORPORATED,-120.59469604492188,37.418426513671875
91471975,2021,2021-05-12,9461,2021-05-07,1900,021378,,5,2,9,2400,0,3,5,,2,010,"COTTONWOOD RD","INGOMAR RD",250.00,W,N,A,-,N,,,,,,,,,,Y,2,0,1,1,A,-,01,23152,A,N,F,A,A,A,H,-,A,D,0,,,,,Y,Y,A,01,1,0,0,0,0,0,0,0,0,"- ","- ",37.187080383300781,-120.97196960449219,MERCED,UNINCORPORATED,-120.97244262695312,37.187347412109375
91472336,2021,2021-05-13,9460,2021-05-07,0940,016917,,5,1,9,2400,0,3,5,,2,040,"YOUD RD","AMSTERDAM RD",2640.00,E,N,A,-,N,,,,,,,,,,Y,2,0,1,1,A,-,08,22107,,N,E,I,A,A,H,-,A,D,0,,,,,Y,,A,01,1,0,0,0,0,0,0,0,0,"- ","- ",37.447158813476562,-120.53254699707031,MERCED,UNINCORPORATED,-120.53955841064453,37.442329406738281
91472350,2021,2021-05-27,9460,2021-05-10,0755,016917,,1,1,9,2400,0,1,3,,1,142,SR-140,"SCOTT RD",0.00,,Y,A,-,Y,,,140,,,,,,,Y,3,0,2,2,A,-,09,21802,A,N,D,C,A,A,H,-,A,A,0,,,,,Y,,A,07,0,1,1,0,0,0,0,0,0,"- ","- ",37.3023681640625,-120.56858062744141,MERCED,UNINCORPORATED,-120.56858062744141,37.302391052246094
91472514,2021,2021-05-13,9460,2021-05-07,1745,018951,,5,2,9,2400,0,1,3,,2,002,"STATE ROUTE 99 N/B","16TH STREET",242.00,S,N,A,-,Y,,,99,,,,,,N,N,3,0,1,2,A,-,01,23152,A,N,C,C,A,A,H,-,A,D,0,,,Y,,Y,Y,C,02,0,1,0,0,0,0,0,0,1,"- ","- ",37.309711456298828,-120.51168823242188,MERCED,UNINCORPORATED,-120.51155853271484,37.309833526611328
91472688,2021,2021-05-27,9460,2021-05-11,1535,018603,,2,2,9,2400,0,1,3,,2,001,"SR-99 S/B","WINTON PARKWAY",1500.00,N,N,A,-,Y,,,99,,,,,,S,N,4,0,1,2,A,-,03,22350,,N,C,C,A,A,H,-,A,D,0,,,,Y,Y,,F,26,0,0,1,0,0,0,0,0,0,"- ","- ",37.394741058349609,-120.74034881591797,MERCED,UNINCORPORATED,-120.74034118652344,37.394741058349609
91472883,2021,2021-05-27,9460,2021-05-11,0805,014541,,2,1,9,2400,0,3,5,,2,040,"WINTON WAY","MYRTLE AVENUE",175.00,S,N,A,-,N,,,,,,,,,,Y,4,0,3,2,A,-,09,21804,A,N,D,C,A,A,H,-,A,A,0,,,,,Y,,A,01,0,0,3,0,0,0,0,0,0,"- ","- ",37.392551422119141,-120.61345672607422,MERCED,UNINCORPORATED,-120.6134033203125,37.392559051513672
91473524,2021,2021-05-14,9460,2021-05-05,2235,020840,,3,3,9,2400,0,1,3,,2,001,"SR-99 S/B","WINTON PKY",2640.00,N,N,A,-,Y,,,99,,,,,,S,Y,3,0,5,1,A,-,08,22107,,N,E,I,A,A,H,-,D,D,0,,,,,Y,,D,22,0,4,1,0,0,0,0,0,0,"- ","- ",37.396499633789062,-120.74085235595703,MERCED,UNINCORPORATED,-120.74099731445312,37.396427154541016
91473821,2021,2021-05-27,9460,2021-05-11,1500,018951,,2,2,9,2400,0,3,5,,2,040,"LOONEY ROAD","EAST AVENUE",528.00,N,N,A,B,N,,,,,,,,,,Y,4,0,1,1,C,-,18,,,N,E,I,A,A,H,-,A,D,0,,,,,Y,,-,"- ",0,0,1,0,0,0,0,0,0,"- ","- ",37.493541717529297,-120.63072967529297,MERCED,UNINCORPORATED,-120.63077545166016,37.492851257324219
91473893,2021,2021-05-14,9460,2021-05-07,1555,018778,,5,2,5,2406,0,1,3,,2,003,"SR-99 S/B","16TH STREET",120.00,N,N,A,-,Y,,,99,,,,,,S,Y,4,0,2,2,A,-,03,22350,,N,C,C,A,A,H,-,A,D,0,,,,,Y,,A,07,0,0,2,0,0,0,0,0,0,"- ","- ",37.295501708984375,-120.47254943847656,MERCED,MERCED,-120.47255706787109,37.295562744140625
91473899,2021,2021-05-14,9460,2021-05-09,1415,019918,,7,2,9,2400,0,3,5,,2,030,"OFF-RAMP: SR-99 N/B TO WESTSIDE BLVD","WESTSIDE BLVD",0.00,,Y,A,-,Y,,,99,,,,R,,N,Y,3,0,1,2,A,-,09,21802,A,N,D,C,A,A,H,-,A,A,0,,,,,Y,,A,01,0,1,0,0,0,0,0,0,0,"- ","- ",37.361598968505859,-120.64636993408203,MERCED,UNINCORPORATED,-120.64636993408203,37.361598968505859
91474694,2021,2021-05-27,9461,2021-05-05,1848,017029,,3,2,9,2400,0,1,3,,1,153,"SR-152 E/B","ROMERO VISITOR CENTER",4752.00,E,N,A,-,Y,,,152,,,,,,E,Y,2,0,1,2,A,-,08,22107,,N,E,I,A,A,H,-,A,A,0,,,,,Y,,A,07,1,0,0,0,0,0,0,0,0,"- ","- ",37.078620910644531,-121.08802795410156,MERCED,UNINCORPORATED,-121.08800506591797,37.078659057617188
91475010,2021,2021-05-27,9461,2021-05-10,1705,021378,,1,2,9,2400,0,1,3,,1,103,"SR-33 N/B",SR-152,45.00,N,N,A,-,Y,,,33,,,,,,N,Y,4,0,2,2,A,-,21,22106,,N,D,C,A,A,H,-,A,D,0,,,,,Y,,A,01,0,0,2,0,0,0,0,0,0,"- ","- ",37.05712890625,-121.01628112792969,MERCED,UNINCORPORATED,-121.01629638671875,37.05712890625
91475056,2021,2021-05-27,9461,2021-05-10,1514,019052,,1,2,9,2400,0,1,3,,1,452,"SR-152 W/B","BRITTO RD",1056.00,W,N,A,-,Y,,,152,,,,,,W,Y,3,0,1,2,A,-,03,22350,,N,C,C,A,A,H,-,A,D,0,,,,Y,Y,,G,25,0,1,0,0,0,0,0,0,0,"- ","- ",37.05474853515625,-120.71244812011719,MERCED,UNINCORPORATED,-120.71244812011719,37.054744720458984
91475332,2021,2021-05-18,9460,2021-05-08,1545,020822,,6,2,9,2400,0,1,3,,2,001,"SR-99 N/B","SOUTH AVE",1584.00,S,N,A,-,Y,,,99,,,,,,N,Y,3,0,2,1,A,-,08,22107,,N,F,A,A,A,H,-,A,D,0,,,,,Y,,A,07,0,2,0,0,0,0,0,0,0,"- ","- ",37.422748565673828,-120.76651000976562,MERCED,UNINCORPORATED,-120.76650238037109,37.422760009765625
91475448,2021,2021-05-27,9461,2021-05-09,2012,019052,,7,2,9,2400,0,1,3,,1,465,SR-165,"CORRAL RD",10560.00,N,N,A,-,Y,,,165,,,,,,,Y,3,0,1,2,A,-,01,23152,A,N,B,C,A,A,H,-,D,D,0,,,,,Y,Y,A,08,0,1,0,0,0,0,0,0,0,"- ","- ",37.176490783691406,-120.83332061767578,MERCED,UNINCORPORATED,-120.8333740234375,37.176475524902344
91475912,2021,2021-05-27,9461,2021-05-12,0420,018910,,3,3,9,2400,0,1,1,,2,205,"INTERSTATE 5 NORTHBOUND","STATE ROUTE 165",1056.00,N,N,A,-,Y,,,5,,,,,,N,Y,3,0,2,3,A,-,03,22350,,N,C,C,A,A,H,-,D,D,0,,,,Y,Y,,A,01,0,1,1,0,0,0,0,0,0,"- ","- ",36.9327392578125,-120.84304046630859,MERCED,UNINCORPORATED,-120.84306335449219,36.932708740234375
91476584,2021,2021-05-27,9460,2021-05-11,1530,019005,,2,2,9,2400,0,2,4,,1,031,"WINTON WAY","SANTA FE DRIVE",300.00,S,N,A,-,N,,,,,,,,,,N,4,0,1,2,A,-,03,22350,,N,C,C,A,A,H,-,A,D,0,,,,,Y,,A,01,0,0,1,0,0,0,0,0,0,"- ","- ",37.384891510009766,-120.61344909667969,MERCED,UNINCORPORATED,-120.613525390625,37.384967803955078
91476682,2021,2021-05-27,9460,2021-05-12,0755,016476,,3,1,9,2400,0,3,5,,2,010,"COLUMBUS AVE","BLOSS AVE",0.00,,Y,A,-,N,,,,,,,,,,Y,3,0,2,2,A,-,09,21802,A,N,D,C,A,A,H,-,A,A,0,,,,,Y,,D,22,0,1,1,0,0,0,0,0,0,"- ","- ",37.405780792236328,-120.86818695068359,MERCED,UNINCORPORATED,-120.86834716796875,37.404388427734375
91476728,2021,2021-05-27,9460,2021-05-12,1725,018951,,3,2,9,2400,0,3,5,,2,040,"CRESSEY WAY","SANTA FE DRIVE",0.00,,Y,A,-,N,,,,,,,,,,Y,4,0,1,2,D,-,00,,,N,D,C,A,A,H,-,A,D,0,,,,,Y,,-,"- ",0,0,1,0,0,0,0,0,0,"- ","- ",37.419609069824219,-120.66770935058594,MERCED,UNINCORPORATED,-120.66767883300781,37.419559478759766
91476874,2021,2021-05-27,9460,2021-05-14,0918,019806,,5,1,9,2400,0,1,3,,2,001,"SR-99 S/B","SHANKS RD",30.00,N,N,A,-,Y,,,99,,,,,,S,Y,4,0,1,1,A,-,08,22107,,N,E,I,A,A,H,-,A,D,0,,,,,Y,,D,22,0,0,1,0,0,0,0,0,0,"- ","- ",37.436981201171875,-120.78309631347656,MERCED,UNINCORPORATED,-120.78327941894531,37.436748504638672
91476878,2021,2021-05-27,9460,2021-05-10,1515,020822,,1,2,9,2400,0,1,3,,2,002,"SR-99 N/B","HAMMATT AVE",3696.00,S,N,A,-,Y,,,99,,,,,,N,Y,4,0,1,2,A,-,07,21658,A,N,C,C,A,A,H,-,A,D,0,,,,Y,Y,,G,25,0,0,1,0,0,0,0,0,0,"- ","- ",37.379959106445312,-120.70176696777344,MERCED,UNINCORPORATED,-120.70173645019531,37.380058288574219
91477138,2021,2021-05-27,9460,2021-05-14,2235,020857,,5,3,9,2400,0,1,3,,1,591,SR-59,"EL NIDO RD",46.00,N,N,A,-,Y,,,59,,,,,,,Y,4,0,1,2,A,-,03,22350,,N,C,C,A,A,H,-,C,D,0,,,,,Y,,A,01,0,0,1,0,0,0,0,0,0,"- ","- ",37.135139465332031,-120.49214172363281,MERCED,UNINCORPORATED,-120.49214172363281,37.135139465332031
91477720,2021,2021-05-27,9461,2021-05-10,0008,021854,,1,3,9,2400,0,1,1,,2,205,"I-5 S/B","CANYON RD.",30.00,N,N,A,-,Y,,,5,,,,,,S,Y,2,0,2,2,A,-,03,22350,,N,C,C,A,A,H,-,D,D,0,,,,,Y,Y,A,08,1,1,0,0,0,0,0,0,0,"- ","- ",36.992321014404297,-120.90863800048828,MERCED,UNINCORPORATED,-120.90865325927734,36.9923095703125
91477722,2021,2021-05-27,9461,2021-05-12,0834,021387,,3,1,9,2400,0,1,1,,2,105,"I-5 N/B",SR-33,2112.00,N,N,A,-,Y,,,5,,,,,,N,Y,3,0,1,2,A,-,08,22107,,N,B,C,A,A,H,-,A,D,0,,,,Y,Y,,A,01,0,1,0,0,0,0,0,0,0,"- ","- ",37.109668731689453,-121.01835632324219,MERCED,UNINCORPORATED,-121.01832580566406,37.109699249267578
91477732,2021,2021-05-27,9461,2021-05-12,1427,019052,,3,2,9,2400,0,1,3,,1,503,SR-33,"EUCALYDTUS RD",0.00,,Y,A,-,Y,,,33,,,,,,,Y,3,0,2,3,A,-,09,21801,A,N,D,C,A,A,H,-,A,D,0,,,,,Y,,A,01,0,2,0,0,0,0,0,0,0,"- ","- ",37.010898590087891,-120.6356201171875,MERCED,UNINCORPORATED,-120.6356201171875,37.010898590087891
91477759,2021,2021-05-27,9460,2021-05-13,1430,018951,,4,2,9,2400,0,3,5,,2,030,"FRANKLIN ROAD","SANTA FE DRIVE",193.00,S,N,A,-,N,,,,,,,,,,N,4,0,4,2,A,-,03,22350,,N,C,C,A,A,H,-,A,D,0,,,,,Y,,D,22,0,0,4,0,0,0,0,0,0,"- ","- ",37.3397216796875,-120.54062652587891,MERCED,UNINCORPORATED,-120.54063415527344,37.339786529541016
91477973,2021,2021-05-27,9461,2021-05-16,2233,021280,,7,3,9,2400,0,1,3,,1,152,"SR-152 E/B",I-5,1584.00,W,N,A,G,N,,,152,,,,,,E,Y,3,0,1,2,A,-,03,22350,,N,C,C,A,A,H,-,D,D,0,,,,,Y,,A,01,0,1,0,0,0,0,0,0,0,"- ","- ",37.056648254394531,-120.97554779052734,MERCED,UNINCORPORATED,-120.97554779052734,37.056636810302734
91477980,2021,2021-05-20,9460,2021-04-30,0035,020967,,5,3,5,2406,0,3,5,,2,010,"FIRST STREET","ELLINGTON AVENUE",100.00,E,N,A,-,Y,,,,,,,,,,Y,3,0,1,3,A,-,01,23152,A,M,C,C,A,A,H,-,D,D,0,,,,,Y,Y,D,22,0,1,0,0,0,0,0,0,0,"- ","- ",37.407901763916016,-120.84687042236328,MERCED,MERCED,-120.84700775146484,37.407878875732422
91478322,2021,2021-05-27,9461,2021-05-14,1349,020351,,5,1,9,2400,0,1,3,,2,453,"SR-152 WB","FLANAGAN RD",170.00,E,N,A,-,Y,,,152,,,,,,W,Y,3,0,3,2,A,-,07,21658,A,N,C,C,A,A,H,-,A,D,0,,,,,Y,,M,46,0,3,0,0,0,0,0,0,0,"- ","- ",37.069801330566406,-120.52809143066406,MERCED,UNINCORPORATED,-120.52808380126953,37.069782257080078
91478380,2021,2021-05-27,9460,2021-05-15,1320,019005,,6,1,9,2400,0,1,3,,1,591,"STATE ROUTE 59","RED TOP RD.",200.00,N,N,A,-,Y,,,59,,,,,,,Y,4,0,1,2,A,-,03,22350,,N,C,C,A,A,H,-,A,D,0,,,,,Y,,A,01,0,0,1,0,0,0,0,0,0,"- ","- ",37.088718414306641,-120.4923095703125,MERCED,UNINCORPORATED,-120.49237823486328,37.088718414306641
91478387,2021,2021-05-27,9460,2021-05-15,1445,019918,,6,2,9,2400,0,3,5,,2,050,"MCKEE RD","ALMONDWOOD LN",65.00,S,N,A,-,N,,,,,,,,,,Y,4,0,1,1,A,-,08,22107,,N,E,I,A,A,H,-,A,C,0,,,,,Y,,A,07,0,0,1,0,0,0,0,0,0,"- ","- ",37.310428619384766,-120.44460296630859,MERCED,UNINCORPORATED,-120.44452667236328,37.310440063476562
91480298,2021,2021-06-11,9461,2021-05-16,0238,021280,,7,3,9,2400,0,1,1,,2,205,"I-5 N/B","VOLTA RD.",4224.00,N,N,A,G,Y,,,5,,,,,,N,N,3,0,4,2,A,-,03,22350,,F,C,C,A,A,H,-,D,D,0,,,,,Y,,A,01,0,1,3,0,0,0,0,0,0,"- ","- ",37.015468597412109,-120.92967987060547,MERCED,UNINCORPORATED,-120.92966461181641,37.015483856201172
91480798,2021,2021-05-27,9461,2021-05-15,0037,021280,,6,3,9,2400,0,1,3,,1,152,"SR-152 E/B","DINOSAUR POINT RD.",4224.00,E,N,A,-,Y,,,152,,,,,,E,Y,3,0,1,1,A,-,08,22107,,N,E,I,A,B,H,-,D,D,0,,,,Y,Y,,G,25,0,1,0,0,0,0,0,0,0,"- ","- ",37.076210021972656,-121.20800018310547,MERCED,UNINCORPORATED,-121.20802307128906,37.076244354248047
91481109,2021,2021-05-25,9460,2021-04-30,1535,019286,,5,2,9,2400,0,1,3,,2,001,"SR-99 S/B","SOUTH AVENUE",800.00,N,N,A,-,Y,,,,,,,,,,Y,4,0,6,3,A,-,03,22350,,F,C,C,A,A,H,-,A,D,0,,,,,Y,,A,01,0,0,6,0,0,0,0,0,0,"- ","- ",37.412700653076172,-120.77263641357422,MERCED,UNINCORPORATED,-120.77129364013672,37.425624847412109
91481223,2021,2021-05-27,9461,2021-05-14,1955,020486,,5,2,9,2400,0,2,4,,1,115,"HENRY MILLER AVENUE","INGOMAR GRADE",0.00,,Y,A,-,N,,,,,,,,,,Y,3,0,1,2,A,-,03,22350,,N,A,C,A,A,H,-,A,D,0,,,Y,,Y,,A,07,0,1,0,0,0,0,0,0,1,"- ","- ",37.100288391113281,-120.93077087402344,MERCED,UNINCORPORATED,-120.93006896972656,37.100284576416016
91481397,2021,2021-05-27,9461,2021-05-23,1650,021378,,7,2,9,2400,0,1,1,,2,305,"I-5 S/B","NEES AVE",7920.00,N,N,A,-,Y,,,5,,,,,,S,Y,2,0,4,2,A,-,05,21651,A,N,C,C,A,A,H,-,A,D,0,,,,,Y,,A,07,1,0,3,0,0,0,0,0,0,"- ","- ",36.865779876708984,-120.78485870361328,MERCED,UNINCORPORATED,-120.78483581542969,36.865795135498047
91481406,2021,2021-05-27,9461,2021-05-21,0240,021854,,5,3,9,2400,0,3,5,,2,010,"HUNT RD.","PRESTON RD.",8.00,N,N,A,-,N,,,,,,,,,,Y,3,0,1,2,A,-,01,23152,A,N,E,I,A,A,H,-,D,A,0,,,,,Y,Y,A,01,0,1,0,0,0,0,0,0,0,"- ","- ",37.289291381835938,-120.99472045898438,MERCED,UNINCORPORATED,-120.99472045898438,37.289249420166016
91481678,2021,2021-05-27,9460,2021-05-24,1440,018292,,1,2,9,2400,0,3,5,,2,100,"TEGNER RD","WILLIAMS AVE",0.00,,Y,A,-,N,,,,,,,,,,Y,4,0,1,2,A,-,12,22450,A,N,D,C,A,A,H,-,A,A,0,,,,,Y,,A,01,0,0,1,0,0,0,0,0,0,"- ","- ",37.390060424804688,-120.88683319091797,MERCED,UNINCORPORATED,-120.88677215576172,37.390022277832031
91481854,2021,2021-07-14,9460,2021-05-08,1850,019286,,6,2,9,2400,0,2,4,,1,091,"LINCOLN BOULEVARD","SUNSET DRIVE",0.00,,Y,A,-,N,,,,,,,,,,Y,2,0,2,2,A,-,09,21802,A,N,D,C,A,A,H,-,A,A,0,,,,,Y,,A,01,1,1,0,0,0,0,0,0,0,"- ","- ",37.338779449462891,-120.72376251220703,MERCED,UNINCORPORATED,-120.72377777099609,37.338760375976562
91482041,2021,2021-05-27,9460,2021-05-16,1436,019005,,7,2,9,2400,0,2,4,,1,101,"GRIFFITH AVE","WESTSIDE BLVD.",0.00,,Y,A,-,N,,,,,,,,,,Y,4,0,1,2,A,-,03,22350,,N,D,C,A,A,H,-,A,A,0,,,,,Y,,A,01,0,0,1,0,0,0,0,0,0,"- ","- ",37.360431671142578,-120.81414794921875,MERCED,UNINCORPORATED,-120.81419372558594,37.360431671142578
91482107,2021,2021-05-27,9460,2021-05-17,1528,019005,,1,2,9,2400,0,3,5,,2,090,"APPLEGATE RD.","MORAN AVE",10.00,N,N,A,-,N,,,,,,,,,,Y,3,0,4,2,A,-,05,21460,A,N,C,C,A,A,H,-,A,D,0,,,,,Y,,D,22,0,4,0,0,0,0,0,0,0,"- ","- ",37.309391021728516,-120.61470794677734,MERCED,UNINCORPORATED,-120.61473083496094,37.309417724609375
91482128,2021,2021-05-27,9460,2021-05-15,0225,020840,,6,3,9,2400,0,1,3,,2,001,"SR-99 S/B","SOUTH AVENUE",2640.00,S,N,A,-,Y,,,99,,,,,,S,N,3,0,1,1,A,-,01,23152,A,N,F,A,A,A,H,-,D,D,0,,,,,Y,Y,D,22,0,1,0,0,0,0,0,0,0,"- ","- ",37.418861389160156,-120.76232147216797,MERCED,UNINCORPORATED,-120.76230621337891,37.418880462646484
91482303,2021,2021-05-27,9460,2021-05-14,1420,019517,,5,2,9,2400,0,1,3,,2,001,SR-99,"GOLDEN STATE BLVD",1056.00,N,N,A,-,Y,,,99,,,,,,,N,4,0,1,3,A,-,03,22350,,N,C,C,A,A,H,-,A,D,0,,,,,Y,,D,22,0,0,1,0,0,0,0,0,0,"- ","- ",37.459041595458984,-120.81160736083984,MERCED,UNINCORPORATED,-120.81160736083984,37.459056854248047
91482883,2021,2021-05-27,9460,2021-05-18,2003,019005,,2,2,9,2400,0,1,3,,2,002,"SR-99 S/B","SULTANA DR.",5280.00,S,N,A,-,Y,,,99,,,,,,S,Y,2,0,1,2,A,-,03,22350,,N,C,C,A,A,H,-,D,D,0,,,Y,,Y,,C,02,1,0,0,0,0,0,0,0,1,"- ","- ",37.366298675537109,-120.66490936279297,MERCED,UNINCORPORATED,-120.6649169921875,37.366291046142578
91483355,2021,2021-05-27,9460,2021-05-16,0739,018673,,7,1,5,2406,0,1,3,,2,003,"SR-99 N/B","G STREET",275.00,N,N,A,-,Y,,,99,,,,,,N,Y,2,0,3,1,A,-,08,22107,,N,E,I,A,A,H,-,A,D,0,,,,,Y,,D,22,1,2,0,0,0,0,0,0,0,"- ","- ",37.295448303222656,-120.47882843017578,MERCED,MERCED,-120.47884368896484,37.295391082763672
91483398,2021,2021-05-27,9461,2021-05-20,1925,020486,,4,2,9,2400,0,1,3,,1,152,"STATE HIGHWAY 152","ROMERO VISITOR CENTER",1115.00,W,N,A,-,Y,,,152,,,,,,,Y,3,0,2,3,A,-,03,22350,,N,C,C,A,A,H,-,A,D,0,,,,,Y,,A,01,0,2,0,0,0,0,0,0,0,"- ","- ",37.084659576416016,-121.10532379150391,MERCED,UNINCORPORATED,-121.10532379150391,37.084651947021484
91483432,2021,2021-05-27,9460,2021-05-18,1855,020822,,2,2,9,2400,0,1,3,,2,001,"SR-99 N/B","COLLIER RD",1000.00,N,N,A,-,Y,,,99,,,,,,N,Y,4,0,1,1,A,-,08,22107,,N,F,A,A,A,H,-,A,D,0,,,,,Y,,A,01,0,0,1,0,0,0,0,0,0,"- ","- ",37.411819458007812,-120.75385284423828,MERCED,UNINCORPORATED,-120.75413513183594,37.411640167236328
91484938,2021,2021-06-07,9460,2021-05-19,1320,016917,,3,1,9,2400,0,1,3,,2,001,"SR-99 N/B","SOUTH AVE",2640.00,S,N,A,-,Y,,,99,,,,,,N,Y,4,0,1,2,A,-,03,22350,,N,C,C,A,A,H,-,A,D,0,,,,,Y,,A,07,0,0,1,0,0,0,0,0,0,"- ","- ",37.420928955078125,-120.76409912109375,MERCED,UNINCORPORATED,-120.76407623291016,37.42095947265625