CASE_ID,ACCIDENT_YEAR,PROC_DATE,JURIS,COLLISION_DATE,COLLISION_TIME,OFFICER_ID,REPORTING_DISTRICT,DAY_OF_WEEK,CHP_SHIFT,POPULATION,CNTY_CITY_LOC,SPECIAL_COND,BEAT_TYPE,CHP_BEAT_TYPE,CITY_DIVISION_LAPD,CHP_BEAT_CLASS,BEAT_NUMBER,PRIMARY_RD,SECONDARY_RD,DISTANCE,DIRECTION,INTERSECTION,WEATHER_1,WEATHER_2,STATE_HWY_IND,CALTRANS_COUNTY,CALTRANS_DISTRICT,STATE_ROUTE,ROUTE_SUFFIX,POSTMILE_PREFIX,POSTMILE,LOCATION_TYPE,RAMP_INTERSECTION,SIDE_OF_HWY,TOW_AWAY,COLLISION_SEVERITY,NUMBER_KILLED,NUMBER_INJURED,PARTY_COUNT,PRIMARY_COLL_FACTOR,PCF_CODE_OF_VIOL,PCF_VIOL_CATEGORY,PCF_VIOLATION,PCF_VIOL_SUBSECTION,HIT_AND_RUN,TYPE_OF_COLLISION,MVIW,PED_ACTION,ROAD_SURFACE,ROAD_COND_1,ROAD_COND_2,LIGHTING,CONTROL_DEVICE,CHP_ROAD_TYPE,PEDESTRIAN_ACCIDENT,BICYCLE_ACCIDENT,MOTORCYCLE_ACCIDENT,TRUCK_ACCIDENT,NOT_PRIVATE_PROPERTY,ALCOHOL_INVOLVED,STWD_VEHTYPE_AT_FAULT,CHP_VEHTYPE_AT_FAULT,COUNT_SEVERE_INJ,COUNT_VISIBLE_INJ,COUNT_COMPLAINT_PAIN,COUNT_PED_KILLED,COUNT_PED_INJURED,COUNT_BICYCLIST_KILLED,COUNT_BICYCLIST_INJURED,COUNT_MC_KILLED,COUNT_MC_INJURED,PRIMARY_RAMP,SECONDARY_RAMP,LATITUDE,LONGITUDE,COUNTY,CITY,POINT_X,POINT_Y
91513958,2021,2021-07-06,9460,2021-06-28,2124,018951,,1,2,9,2400,0,3,5,,2,040,"SANTA FE DRIVE","SHAFFER ROAD",25.00,W,N,A,-,N,,,,,,,,,,Y,4,0,1,2,A,-,03,22350,,N,C,C,A,A,H,-,C,D,0,,,,,Y,,D,22,0,0,1,0,0,0,0,0,0,"- ","- ",37.374698638916016,-120.59581756591797,MERCED,UNINCORPORATED,-120.59561157226562,37.3746337890625
91514722,2021,2021-07-07,9461,2021-07-03,1308,020351,,6,1,9,2400,0,1,1,,2,205,"I-5 N/B","BILLY WRIGHT ROAD",1100.00,N,N,A,-,Y,,,5,,,,,,N,Y,3,0,2,1,A,-,08,22107,,N,F,A,A,A,H,-,A,D,0,,,,,Y,,A,01,0,1,1,0,0,0,0,0,0,"- ","- ",37.049518585205078,-120.96247863769531,MERCED,UNINCORPORATED,-120.96254730224609,37.049457550048828
91514834,2021,2021-07-07,9460,2021-06-28,1400,020840,,1,2,9,2400,0,3,5,,2,020,"TURLOCK RD","LOONEY RD",2640.00,E,N,A,-,N,,,,,,,,,,N,4,0,1,2,A,-,16,24002,A,N,H,C,A,A,H,-,A,D,0,,,,Y,Y,,G,25,0,0,1,0,0,0,0,0,0,"- ","- ",37.476890563964844,-120.61614990234375,MERCED,UNINCORPORATED,-120.62169647216797,37.476890563964844
91515106,2021,2021-07-07,9460,2021-06-29,1330,019838,,2,1,9,2400,0,1,3,,2,002,"SR-99 N/B","FRANKLIN RD",250.00,N,N,A,-,Y,,,99,,,,,,N,N,3,0,2,2,A,-,03,22350,,N,C,C,A,A,H,-,A,D,0,,,,,Y,,D,22,0,2,0,0,0,0,0,0,0,"- ","- ",37.322399139404297,-120.54489898681641,MERCED,UNINCORPORATED,-120.54488372802734,37.32244873046875
91515145,2021,2021-07-07,9460,2021-06-30,1940,019918,,3,2,9,2400,0,1,3,,2,002,"SR-99 N/B","HAMMATT AVE",2050.00,S,N,A,-,Y,,,99,,,,,,N,Y,4,0,1,2,A,-,08,22107,,N,E,I,A,A,D,-,A,D,0,,,,,Y,,A,01,0,0,1,0,0,0,0,0,0,"- ","- ",37.381961822509766,-120.70690155029297,MERCED,UNINCORPORATED,-120.70689392089844,37.381977081298828
91515870,2021,2021-07-08,9461,2021-06-26,1205,021280,,6,1,9,2400,0,1,1,,2,205,"I-5 S/B","VOLTA RD.",350.00,S,N,A,-,Y,,,5,,,,,,S,N,4,0,2,2,A,-,03,22350,,N,C,C,A,A,H,-,A,D,0,,,,,Y,,A,07,0,0,2,0,0,0,0,0,0,"- ","- ",37.027469635009766,-120.94170379638672,MERCED,UNINCORPORATED,-120.94172668457031,37.027446746826172
91516058,2021,2021-07-08,9461,2021-07-02,1755,021378,,5,2,9,2400,0,1,3,,1,152,"SR-152 E/B","ROMERO VISITOR CENTER",5280.00,E,N,A,-,N,,,152,,,,,,E,Y,4,0,2,3,A,-,03,22350,,N,C,C,A,A,H,-,A,D,0,,,,,Y,,A,01,0,0,2,0,0,0,0,0,0,"- ","- ",37.077011108398438,-121.08515930175781,MERCED,UNINCORPORATED,-121.08516693115234,37.076999664306641
91516190,2021,2021-07-08,9460,2021-06-30,1815,019286,,3,2,9,2400,0,1,3,,1,165,SR-165,"BRADBURY ROAD",900.00,S,N,A,-,Y,,,165,,,,,,,Y,4,0,1,2,A,-,03,22350,,N,C,C,A,A,H,-,A,D,0,,,,,Y,,A,01,0,0,1,0,0,0,0,0,0,"- ","- ",37.446689605712891,-120.84915161132812,MERCED,UNINCORPORATED,-120.84917449951172,37.446689605712891
91517163,2021,2021-07-09,9460,2021-06-27,1800,019918,,7,2,3,2401,0,1,3,,2,002,"SR-99 S/B","WEST ATWATER BOULEVARD",160.00,S,N,A,-,Y,,,99,,,,,,S,Y,4,0,1,4,A,-,03,22350,,N,C,C,A,A,D,-,A,D,0,,,,,Y,,A,07,0,0,1,0,0,0,0,0,0,"- ","- ",37.35076904296875,-120.62361907958984,MERCED,ATWATER,-120.62374877929688,37.350654602050781
91517210,2021,2021-07-12,9460,2021-06-27,2223,020967,,7,3,9,2400,0,1,3,,1,165,SR-165,"WESTSIDE BLVD",0.00,,Y,A,-,Y,,,,,,,,,,Y,2,0,3,1,A,-,01,23152,A,N,E,I,A,A,H,-,D,A,0,,,,,Y,Y,A,01,1,2,0,0,0,0,0,0,0,"- ","- ",37.360450744628906,-120.84873199462891,MERCED,UNINCORPORATED,-120.84867095947266,37.360450744628906
91517410,2021,2021-07-12,9461,2021-06-30,1955,021056,,3,2,9,2400,0,1,3,,1,152,"SR-152 E/B","ROMERO VISITOR CENTER",1056.00,E,N,A,-,Y,,,152,,,,,,E,Y,2,0,2,1,A,-,08,22107,,N,E,I,A,A,H,-,A,D,0,,,Y,,Y,,C,02,1,1,0,0,0,0,0,0,2,"- ","- ",37.0819091796875,-121.09345245361328,MERCED,UNINCORPORATED,-121.09348297119141,37.081851959228516
91517740,2021,2021-07-12,9461,2021-05-13,0929,018910,,4,1,9,2400,0,2,4,,1,410,"TURNER ISLAND ROAD","HENRY MILLER AVENUE",4224.00,N,N,A,-,N,,,,,,,,,,Y,1,1,0,1,A,-,08,22107,,N,F,A,A,A,H,-,A,D,0,,,,,Y,,A,01,0,0,0,0,0,0,0,0,0,"- ","- ",37.110279083251953,-120.70748138427734,MERCED,UNINCORPORATED,-120.70744323730469,37.109550476074219
91518074,2021,2021-07-12,9461,2021-07-03,1455,021056,,6,2,9,2400,0,1,3,,1,103,"SR-33 N/B",SR-152,10560.00,N,N,A,-,Y,,,33,,,,,,N,Y,4,0,1,2,A,-,03,22350,,N,C,C,A,A,H,-,A,D,0,,,,,Y,,A,08,0,0,1,0,0,0,0,0,0,"- ","- ",37.086181640625,-121.01596832275391,MERCED,UNINCORPORATED,-121.01601409912109,37.086181640625
91518203,2021,2021-07-12,9461,2021-07-02,1920,021378,,5,2,9,2400,0,1,3,,1,152,"SR-152 E/B","DINOSAUR POINT RD",5280.00,E,N,A,-,N,,,152,,,,,,E,N,4,0,1,2,A,-,03,22350,,N,C,C,A,A,H,-,A,D,0,,,,,Y,,A,08,0,0,1,0,0,0,0,0,0,"- ","- ",37.078479766845703,-121.197509765625,MERCED,UNINCORPORATED,-121.19745635986328,37.078380584716797
91518362,2021,2021-07-12,9461,2021-07-03,1340,021854,,6,1,9,2400,0,1,3,,1,153,"SR-152 W/B","DINOSAUR POINT RD.",2112.00,E,N,A,-,Y,,,152,,,,,,W,N,4,0,2,2,A,-,03,22350,,N,B,C,A,A,H,-,A,D,0,,,,,Y,,M,47,0,0,2,0,0,0,0,0,0,"- ","- ",37.068939208984375,-121.21256256103516,MERCED,UNINCORPORATED,-121.21253967285156,37.068920135498047
91518481,2021,2021-07-12,9460,2021-06-13,2345,021320,,7,3,9,2400,0,1,3,,1,165,SR-165,"TURNER AVE",1584.00,S,N,A,-,Y,,,165,,,,,,,Y,4,0,1,1,A,-,01,23152,F,N,E,I,A,A,H,-,D,D,0,,,,,Y,,A,07,0,0,1,0,0,0,0,0,0,"- ","- ",37.367469787597656,-120.85449981689453,MERCED,UNINCORPORATED,-120.85445404052734,37.367465972900391
91518867,2021,2021-07-13,9461,2021-07-06,1150,017329,,2,1,9,2400,0,1,1,,2,205,"I-5 S/B",SR-165,5280.00,N,N,A,-,Y,,,5,,,,,,S,Y,4,0,2,3,A,-,03,22350,,N,C,C,A,A,H,-,A,D,0,,,,,Y,,A,01,0,0,2,0,0,0,0,0,0,"- ","- ",36.940658569335938,-120.85317993164062,MERCED,UNINCORPORATED,-120.85324859619141,36.940574645996094
91518914,2021,2021-07-13,9461,2021-07-07,0005,021536,,3,3,9,2400,0,3,5,,2,050,"N ST.","5TH ST.",61.00,E,N,A,-,N,,,,,,,,,,Y,4,0,1,2,A,-,08,22107,,N,C,E,A,A,H,-,C,D,0,,,,,Y,,D,22,0,0,1,0,0,0,0,0,0,"- ","- ",36.963699340820312,-120.65500640869141,MERCED,UNINCORPORATED,-120.65503692626953,36.963760375976562
91518928,2021,2021-07-13,9461,2021-07-08,1758,019052,,4,2,9,2400,0,1,3,,1,103,SR-33,"CALIFORNIA AQUADUCT",200.00,N,N,A,-,Y,,,33,,,,,,,N,4,0,1,2,A,-,03,22350,,N,C,C,A,A,H,-,A,D,0,,,,,Y,,A,01,0,0,1,0,0,0,0,0,0,"- ","- ",37.075279235839844,-121.01616668701172,MERCED,UNINCORPORATED,-121.01618194580078,37.075279235839844
91519013,2021,2021-07-13,9460,2021-07-07,1500,018603,,3,2,9,2400,0,1,3,,1,165,SR-165,"CRANE AVE",0.00,,Y,A,-,Y,,,165,,,,,,,Y,4,0,2,2,A,-,12,22450,A,N,D,C,A,A,H,-,A,A,0,,,,,Y,,A,01,0,0,2,0,0,0,0,0,0,"- ","- ",37.382541656494141,-120.85050201416016,MERCED,UNINCORPORATED,-120.85048675537109,37.382537841796875
91519064,2021,2021-07-13,9460,2021-07-04,0535,019005,,7,3,9,2400,0,3,5,,2,010,"MCCULAUGH ROAD","RIVER ROAD",35.00,N,N,A,-,N,,,,,,,,,,Y,4,0,1,1,A,-,03,22350,,N,E,I,A,A,H,-,D,D,0,,,,,Y,,A,01,0,0,1,0,0,0,0,0,0,"- ","- ",37.353359222412109,-120.87795257568359,MERCED,UNINCORPORATED,-120.87825012207031,37.349029541015625
91520160,2021,2021-07-14,9460,2021-07-03,0640,019838,,6,1,9,2400,0,3,5,,2,070,"MCNAMARA RD",SR-59,6864.00,E,N,A,-,N,,,,,,,,,,N,3,0,1,1,A,-,08,22107,,N,E,J,A,A,H,-,A,D,0,,,,,Y,,D,22,0,1,0,0,0,0,0,0,0,"- ","- ",37.228599548339844,-120.4635009765625,MERCED,UNINCORPORATED,-120.46445465087891,37.228668212890625
91520201,2021,2021-07-14,9460,2021-07-08,1130,015398,,4,1,9,2400,0,1,3,,1,165,"SR-165 (LANDER AVE.)","CRANE AVE.",33.00,N,N,A,-,Y,,,165,,,,,,,Y,3,0,2,2,A,-,03,22350,,N,C,C,A,A,H,-,A,D,0,,,,,Y,,A,01,0,1,1,0,0,0,0,0,0,"- ","- ",37.382678985595703,-120.85050201416016,MERCED,UNINCORPORATED,-120.85047149658203,37.382678985595703
91520479,2021,2021-07-14,9461,2021-07-09,1210,020486,,5,1,9,2400,0,1,3,,1,103,"STATE HIGHWAY 33","E COMET ROAD",75.00,N,N,A,-,N,,,33,,,,,,,N,3,0,1,2,A,-,08,22107,,N,D,C,A,A,H,-,A,A,0,,,,,Y,,A,07,0,1,0,0,0,0,0,0,0,"- ","- ",37.098190307617188,-121.01589965820312,MERCED,UNINCORPORATED,-121.01589965820312,37.098190307617188
91520709,2021,2021-07-15,9460,2021-07-06,1800,018922,,2,2,9,2400,0,1,3,,1,143,SR-140,"GAGE STREET",123.00,E,N,A,-,Y,,,140,,,,,,,N,4,0,1,2,A,-,09,21804,A,F,D,G,A,A,H,-,A,D,0,,Y,,,Y,,-,99,0,0,1,0,0,0,1,0,0,"- ","- ",37.295299530029297,-120.32169342041016,MERCED,UNINCORPORATED,-120.32169342041016,37.295360565185547
91520714,2021,2021-07-15,9460,2021-07-07,1350,018922,,3,1,9,2400,0,1,3,,2,002,"SR-99 S/B","FRANKLIN ROAD",1584.00,N,N,A,-,Y,,,,,,,,,,Y,4,0,2,2,A,-,08,22107,,N,B,2,A,A,H,-,A,D,0,,,,Y,Y,,D,22,0,0,2,0,0,0,0,0,0,"- ","- ",,,MERCED,UNINCORPORATED,-120.54732513427734,37.323131561279297
91520717,2021,2021-07-15,9460,2021-07-07,1700,018922,,3,2,9,2400,0,2,4,,1,041,"SANTA FE DRIVE","AVENUE 2",265.00,E,N,A,-,N,,,,,,,,,,Y,4,0,2,2,A,-,07,21658,A,N,C,C,A,A,H,-,A,D,0,,,,,Y,,A,07,0,0,2,0,0,0,0,0,0,"- ","- ",37.349269866943359,-120.55483245849609,MERCED,UNINCORPORATED,-120.55471038818359,37.349231719970703
91520727,2021,2021-07-15,9460,2021-07-08,1855,018922,,4,2,9,2400,0,2,4,,1,041,"SANTA FE DRIVE","BEACHWOOD DRIVE",0.00,,Y,A,-,N,,,,,,,,,,Y,4,0,2,2,A,-,12,21453,A,N,A,C,A,A,H,-,A,A,0,,,,,Y,,D,22,0,0,2,0,0,0,0,0,0,"- ","- ",37.332260131835938,-120.527587890625,MERCED,UNINCORPORATED,-120.52763366699219,37.332279205322266
91520758,2021,2021-07-15,9460,2021-07-07,2120,018673,,3,2,9,2400,0,3,5,,2,060,"STRETCH ROAD","MCKEE ROAD",0.00,,Y,A,-,N,,,,,,,,,,N,4,0,1,2,A,-,09,21802,A,N,D,C,A,A,H,-,D,A,0,,,,,Y,,A,01,0,0,1,0,0,0,0,0,0,"- ","- ",37.300319671630859,-120.44509887695312,MERCED,UNINCORPORATED,-120.44506072998047,37.300319671630859
91520929,2021,2021-07-15,9460,2021-07-09,0420,020099,,5,3,9,2400,0,1,3,,2,003,"SR-99 N/B","LE GRAND RD",528.00,N,N,A,-,Y,,,,,,,,,,Y,3,0,2,2,A,-,03,22350,,N,C,C,A,A,H,-,D,D,0,,,,,Y,,D,22,0,2,0,0,0,0,0,0,0,"- ","- ",37.226959228515625,-120.37699127197266,MERCED,UNINCORPORATED,-120.37767791748047,37.227481842041016
91521085,2021,2021-07-15,9460,2021-07-14,1225,015305,,3,1,9,2400,0,3,5,,2,080,"WASHINGTON ROAD","STATE ROUTE 59",14784.00,W,N,A,-,N,,,,,,,,,,N,3,0,1,1,A,-,08,22107,,N,F,A,A,A,H,-,A,D,0,,,,Y,Y,,G,25,0,1,0,0,0,0,0,0,0,"- ","- ",37.113189697265625,-120.54344177246094,MERCED,UNINCORPORATED,-120.54294586181641,37.113231658935547
91521429,2021,2021-07-15,9461,2021-07-13,0520,021280,,2,3,9,2400,0,1,3,,1,152,"SR-152 E/B","UPPER COTTONWOOD CREEK WILDLIFE AREA",9504.00,E,N,A,-,Y,,,152,,,,,,E,Y,4,0,1,1,A,-,08,22107,,N,E,I,A,A,H,-,D,D,0,,,,,Y,,A,01,0,0,1,0,0,0,0,0,0,"- ","- ",37.097301483154297,-121.15057373046875,MERCED,UNINCORPORATED,-121.15056610107422,37.097282409667969
91522463,2021,2021-07-16,9460,2021-07-11,1540,020822,,7,2,9,2400,0,3,5,,2,020,"GOLDEN STATE BLVD","GRIFFITH AVE",1056.00,S,N,A,-,N,,,,,,,,,,Y,4,0,1,1,A,-,08,22107,,N,E,I,A,A,H,-,A,D,0,,,,,Y,,A,01,0,0,1,0,0,0,0,0,0,"- ","- ",37.460369110107422,-120.80861663818359,MERCED,UNINCORPORATED,-120.80921936035156,37.460918426513672
91523154,2021,2021-07-19,9460,2021-05-07,0340,020156,,5,3,9,2400,0,1,3,,1,591,SR-59,"FURTADO RD",280.00,S,N,A,-,Y,,,59,,,,,,,Y,1,1,0,1,A,-,01,23152,A,N,E,I,A,A,H,-,D,D,0,,,,,Y,Y,D,22,0,0,0,0,0,0,0,0,0,"- ","- ",37.163070678710938,-120.49204254150391,MERCED,UNINCORPORATED,-120.49195861816406,37.163070678710938
91523697,2021,2021-07-19,9460,2021-07-03,0950,018422,,6,1,9,2400,0,3,5,,2,040,"TURLOCK RD.","LOONEY RD.",6864.00,E,N,B,-,N,,,,,,,,,,Y,1,1,1,1,A,-,08,22107,,N,F,A,A,A,H,-,A,D,0,,,,,Y,,A,01,0,0,1,0,0,0,0,0,0,"- ","- ",37.474849700927734,-120.60575866699219,MERCED,UNINCORPORATED,-120.60728454589844,37.475723266601562
91524344,2021,2021-07-20,9460,2021-07-15,1920,020840,,4,2,9,2400,0,3,5,,2,020,"FOURTH STREET","SIXTH STREET",88.00,E,N,A,-,N,,,,,,,,,,N,3,0,1,1,A,-,08,22107,,N,E,I,A,A,H,-,A,D,0,,,,,Y,Y,A,01,0,1,0,0,0,0,0,0,0,"- ","- ",37.430210113525391,-120.76976776123047,MERCED,UNINCORPORATED,-120.77021789550781,37.430137634277344
91524423,2021,2021-07-20,9461,2021-07-13,1257,021280,,2,1,9,2400,0,1,3,,1,103,SR-33,"BAMBAUER RD.",1056.00,S,N,A,-,N,,,33,,,,,,,Y,3,0,1,2,A,-,08,22107,,N,B,C,A,A,H,-,A,D,0,,,,,Y,,A,01,0,1,0,0,0,0,0,0,0,"- ","- ",37.263351440429688,-121.00074005126953,MERCED,UNINCORPORATED,-121.00077819824219,37.263347625732422
91524905,2021,2021-07-20,9460,2021-07-12,1805,020822,,1,2,9,2400,0,3,5,,2,040,"KEYES RD","SILVER RIDGE RD.",2112.00,W,N,A,-,N,,,,,,,,,,N,3,0,1,1,A,-,08,22107,,N,F,A,A,A,H,-,A,D,0,,,Y,,Y,,C,02,0,1,0,0,0,0,0,0,1,"- ","- ",37.551189422607422,-120.57691955566406,MERCED,UNINCORPORATED,-120.57576751708984,37.551654815673828
91525341,2021,2021-07-21,9461,2021-07-19,0131,021126,,1,3,9,2400,0,3,5,,2,010,"CANAL SCHOOL ROAD","BRAZO ROAD",1584.00,N,N,A,-,N,,,,,,,,,,Y,3,0,1,1,A,-,01,23152,A,N,F,I,A,A,H,-,D,D,0,,,,,Y,Y,A,07,0,1,0,0,0,0,0,0,0,"- ","- ",37.306930541992188,-121.00843811035156,MERCED,UNINCORPORATED,-121.00829315185547,37.308139801025391
91525661,2021,2021-07-21,9460,2021-05-10,0113,019106,,1,3,9,2400,0,3,5,,2,030,"ASHBY ROAD","COOPER AVENUE",3696.00,E,N,A,-,N,,,,,,,,,,N,2,0,1,2,D,-,00,,,F,G,B,E,A,H,-,D,D,0,Y,,,,Y,,-,"- ",1,0,0,0,1,0,0,0,0,"- ","- ",37.310428619384766,-120.51139068603516,MERCED,UNINCORPORATED,-120.50904083251953,37.309139251708984
91526839,2021,2021-07-22,9460,2021-07-12,0605,016323,,1,1,9,2400,0,3,5,,2,030,"BELLEVUE ROAD","OLIVE AVENUE",0.00,,Y,A,-,N,,,,,,,,,,Y,4,0,1,2,A,-,09,21802,A,N,D,C,A,A,H,-,A,A,0,,,,,Y,,A,01,0,0,1,0,0,0,0,0,0,"- ","- ",37.360748291015625,-120.64357757568359,MERCED,UNINCORPORATED,-120.64357800000001,37.360748000000001
91528662,2021,2021-07-26,9460,2021-04-19,1615,018603,,1,2,9,2400,0,3,5,,2,020,"CORTEZ AVENUE","NORTH AVENUE",0.00,,Y,A,-,N,,,,,,,,,,Y,1,1,1,2,A,-,09,21801,A,N,D,C,A,A,H,-,A,D,0,,,Y,,Y,,B,07,0,1,0,0,0,0,0,1,0,"- ","- ",37.441009521484375,-120.74009704589844,MERCED,UNINCORPORATED,-120.74011993408203,37.441009521484375
91528689,2021,2021-07-26,9460,2021-06-16,2240,020099,,3,3,5,2406,0,1,3,,2,003,"SR-99 N/B","V STEET",528.00,S,N,A,-,Y,,,99,,,,,,N,Y,1,1,0,2,A,-,01,23152,F,N,C,C,A,A,H,-,D,D,0,,,,Y,Y,,A,01,0,0,0,0,0,0,0,0,0,"- ","- ",37.302528381347656,-120.49855804443359,MERCED,MERCED,-120.49856567382812,37.302524566650391
91528740,2021,2021-07-26,9460,2021-05-23,2035,019005,,7,2,9,2400,0,2,4,,1,052,"LAKE ROAD","YOSEMITE AVE",54.00,N,N,A,-,N,,,,,,,,,,Y,1,1,4,3,A,-,01,23152,A,N,C,C,A,A,H,-,D,A,0,,,,,Y,Y,A,01,1,1,2,0,0,0,0,0,0,"- ","- ",37.332229614257812,-120.43296051025391,MERCED,UNINCORPORATED,-120.43294525146484,37.332286834716797
91528759,2021,2021-07-26,9460,2021-07-21,2035,018922,,3,2,9,2400,0,3,5,,2,080,"GURR ROAD","JERRY COLLINS AVENUE",1584.00,S,N,A,-,N,,,,,,,,,,Y,3,0,1,1,A,-,08,22107,,N,F,A,A,A,H,-,B,D,0,,,,,Y,,A,01,0,1,0,0,0,0,0,0,0,"- ","- ",37.253829956054688,-120.56046295166016,MERCED,UNINCORPORATED,-120.56046295166016,37.261482238769531
91528764,2021,2021-07-26,9461,2021-07-16,1725,021378,,5,2,9,2400,0,2,4,,1,115,"HENRY MILLER AVE","NANTES AVE",0.00,,Y,A,-,N,,,,,,,,,,Y,3,0,1,2,A,-,12,22450,A,N,D,C,A,A,H,-,A,D,0,,,,,Y,,A,07,0,1,0,0,0,0,0,0,0,"- ","- ",37.099899291992188,-120.85298919677734,MERCED,UNINCORPORATED,-120.85300445556641,37.099979400634766
91528846,2021,2021-11-01,9461,2021-07-21,0409,018910,,3,3,9,2400,0,1,3,,1,265,"STATE ROUTE 165","PHILLIPS ROAD",528.00,S,N,A,-,Y,,,165,,,,,,,Y,3,0,2,2,A,-,06,21751,,N,A,C,A,A,H,-,A,A,0,,,,,Y,,-,"- ",0,2,0,0,0,0,0,0,0,"- ","- ",37.033260345458984,-120.83589172363281,MERCED,UNINCORPORATED,-120.83597564697266,37.033260345458984
91529651,2021,2021-07-27,9461,2021-07-24,0105,020385,,6,3,9,2400,0,3,5,,2,010,"CANAL SCHOOL ROAD","BRAZO ROAD",1056.00,N,N,A,-,Y,,,,,,,,,,Y,3,0,1,1,A,-,01,23152,A,N,E,I,A,A,H,-,D,D,0,,,,,Y,Y,A,01,0,1,0,0,0,0,0,0,0,"- ","- ",37.306678771972656,-121.00821685791016,MERCED,UNINCORPORATED,-121.00827026367188,37.306690216064453
91529713,2021,2021-07-27,9461,2021-07-24,1236,021280,,6,1,9,2400,0,1,1,,2,205,"I-5 S/B","BILLY WRIGHT RD.",1056.00,S,N,A,-,Y,,,5,,,,,,S,N,4,0,1,2,A,-,03,22350,,N,C,C,A,A,H,-,A,D,0,,,,,Y,,A,07,0,0,1,0,0,0,0,0,0,"- ","- ",37.026168823242188,-120.94045257568359,MERCED,UNINCORPORATED,-120.94046783447266,37.026149749755859
91530109,2021,2021-07-27,9460,2021-07-22,2036,018922,,4,2,9,2400,0,1,3,,2,003,"SR-99 N/B FROM CHILDS AVENUE","CHILDS AVENUE",25.00,S,N,A,-,Y,,,99,,,,R,,N,N,2,0,1,2,A,-,11,21954,A,N,G,B,D,A,H,-,B,A,0,Y,,,,Y,,N,60,1,0,0,0,1,0,0,0,0,"- ","- ",37.287998199462891,-120.45496368408203,MERCED,UNINCORPORATED,-120.45496368408203,37.287998199462891
91530683,2021,2021-07-28,9460,2021-07-17,2038,020822,,6,2,9,2400,0,3,5,,2,020,"GOLDEN STATE BLVD","GRIFFITH AVE",819.00,N,N,A,-,N,,,,,,,,,,Y,2,0,4,2,A,-,01,23152,A,N,C,C,A,A,H,-,B,D,0,,,,,Y,Y,A,01,2,2,0,0,0,0,0,0,0,"- ","- ",37.464618682861328,-120.81378173828125,MERCED,UNINCORPORATED,-120.81355285644531,37.464736938476562
91530735,2021,2021-07-28,9460,2021-07-17,1150,019838,,6,1,9,2400,0,3,5,,2,030,"ASHBY RD","FRANKLIN ROAD",110.00,E,N,A,-,N,,,,,,,,,,Y,3,0,1,2,A,-,05,21460,A,N,D,C,A,A,H,-,A,D,0,,,,,Y,,D,22,0,1,0,0,0,0,0,0,0,"- ","- ",37.322700500488281,-120.53990173339844,MERCED,UNINCORPORATED,-120.54170227050781,37.323081970214844
91531019,2021,2021-07-28,9460,2021-07-17,1035,019286,,6,1,9,2400,0,1,3,,1,165,SR-165,"BLOSS AVENUE",160.00,N,N,A,-,Y,,,165,,,,,,,N,4,0,1,2,A,-,09,21804,A,F,B,C,A,A,H,-,A,D,0,,,,,Y,,-,99,0,0,1,0,0,0,0,0,0,"- ","- ",37.404739379882812,-120.85012817382812,MERCED,UNINCORPORATED,-120.85012817382812,37.404739379882812
91531123,2021,2021-07-28,9461,2021-07-22,1130,020903,,4,1,9,2400,0,3,5,,2,050,"PALM AVE","DENTON ROAD",3696.00,S,N,A,-,N,,,,,,,,,,N,3,0,1,2,A,-,03,22350,,N,C,C,A,A,H,-,A,D,0,,,Y,,Y,,C,02,0,1,0,0,0,0,0,0,1,"- ","- ",37.03070068359375,-120.61747741699219,MERCED,UNINCORPORATED,,
91531558,2021,2021-11-01,9461,2021-07-18,1422,021854,,7,2,9,2400,0,1,3,,1,153,"SR-152 E/B","VOLTA RD.",0.00,,Y,A,-,Y,,,152,,,,,,E,N,3,0,1,2,A,-,09,21802,A,N,D,C,A,A,H,-,A,A,0,,,,,Y,,-,"- ",0,1,0,0,0,0,0,0,0,"- ","- ",37.056690216064453,-120.92652893066406,MERCED,UNINCORPORATED,-120.92652893066406,37.056461334228516
91531623,2021,2021-07-29,9461,2021-07-20,1700,021056,,2,2,9,2400,0,1,3,,1,153,"SR-152 E/B","VOLTA RD",0.00,,Y,A,-,Y,,,152,,,,,,E,Y,2,0,2,3,A,-,09,21804,A,N,D,C,A,A,H,-,A,D,0,,,,,Y,,A,01,1,1,0,0,0,0,0,0,0,"- ","- ",37.056449890136719,-120.92653656005859,MERCED,UNINCORPORATED,-120.92653656005859,37.056461334228516
91531769,2021,2021-07-29,9460,2021-07-23,0640,019286,,5,1,9,2400,0,3,5,,2,020,"EL CAPITAN WAY","CORTEZ AVENUE",0.00,,Y,A,-,N,,,,,,,,,,Y,4,0,3,2,A,-,09,21802,A,N,D,C,A,A,H,-,A,A,0,,,,,Y,,A,07,0,0,3,0,0,0,0,0,0,"- ","- ",37.433788299560547,-120.74031066894531,MERCED,UNINCORPORATED,-120.74027252197266,37.433788299560547