CASE_ID,ACCIDENT_YEAR,PROC_DATE,JURIS,COLLISION_DATE,COLLISION_TIME,OFFICER_ID,REPORTING_DISTRICT,DAY_OF_WEEK,CHP_SHIFT,POPULATION,CNTY_CITY_LOC,SPECIAL_COND,BEAT_TYPE,CHP_BEAT_TYPE,CITY_DIVISION_LAPD,CHP_BEAT_CLASS,BEAT_NUMBER,PRIMARY_RD,SECONDARY_RD,DISTANCE,DIRECTION,INTERSECTION,WEATHER_1,WEATHER_2,STATE_HWY_IND,CALTRANS_COUNTY,CALTRANS_DISTRICT,STATE_ROUTE,ROUTE_SUFFIX,POSTMILE_PREFIX,POSTMILE,LOCATION_TYPE,RAMP_INTERSECTION,SIDE_OF_HWY,TOW_AWAY,COLLISION_SEVERITY,NUMBER_KILLED,NUMBER_INJURED,PARTY_COUNT,PRIMARY_COLL_FACTOR,PCF_CODE_OF_VIOL,PCF_VIOL_CATEGORY,PCF_VIOLATION,PCF_VIOL_SUBSECTION,HIT_AND_RUN,TYPE_OF_COLLISION,MVIW,PED_ACTION,ROAD_SURFACE,ROAD_COND_1,ROAD_COND_2,LIGHTING,CONTROL_DEVICE,CHP_ROAD_TYPE,PEDESTRIAN_ACCIDENT,BICYCLE_ACCIDENT,MOTORCYCLE_ACCIDENT,TRUCK_ACCIDENT,NOT_PRIVATE_PROPERTY,ALCOHOL_INVOLVED,STWD_VEHTYPE_AT_FAULT,CHP_VEHTYPE_AT_FAULT,COUNT_SEVERE_INJ,COUNT_VISIBLE_INJ,COUNT_COMPLAINT_PAIN,COUNT_PED_KILLED,COUNT_PED_INJURED,COUNT_BICYCLIST_KILLED,COUNT_BICYCLIST_INJURED,COUNT_MC_KILLED,COUNT_MC_INJURED,PRIMARY_RAMP,SECONDARY_RAMP,LATITUDE,LONGITUDE,COUNTY,CITY,POINT_X,POINT_Y
91663222,2021,2021-12-28,9460,2021-12-16,2037,021407,,4,2,9,2400,0,1,3,,2,002,"SR-99 S/B","WEST ATWATER BLVD",452.00,N,N,A,-,Y,,,99,,,,,,S,Y,4,0,1,1,A,-,08,22107,,N,B,I,A,A,H,-,C,D,0,,,,,Y,,A,07,0,0,1,0,0,0,0,0,0,"- ","- ",37.355098724365234,-120.63330078125,MERCED,UNINCORPORATED,-120.63336181640625,37.354869842529297
91663348,2021,2021-12-28,9461,2021-12-24,0910,020486,,5,1,9,2400,0,1,3,,1,452,"STATE HIGHWAY 152","BRITTO ROAD",300.00,E,N,A,-,Y,,,152,,,,,,,Y,3,0,1,2,A,-,07,21658,A,N,B,C,A,B,H,-,A,D,0,,,,,Y,,A,01,0,1,0,0,0,0,0,0,0,"- ","- ",37.054641723632812,-120.70748138427734,MERCED,UNINCORPORATED,-120.70748138427734,37.054664611816406
91663374,2021,2021-12-28,9461,2021-12-27,0110,021854,,1,3,9,2400,0,1,1,,2,105,"I-5 N/B","WHITWORTH RD.",3696.00,N,N,B,C,Y,,,5,,,,,,N,N,4,0,1,2,A,-,03,22350,,N,C,C,A,B,H,-,D,D,0,,,,,Y,,A,01,0,0,1,0,0,0,0,0,0,"- ","- ",37.141689300537109,-121.04033660888672,MERCED,UNINCORPORATED,-121.03988647460938,37.141990661621094
91663396,2021,2021-12-28,9461,2021-12-25,1330,020351,,6,1,9,2400,0,1,3,,1,152,"SR-152 E/B","DINOSAUR POINT RD",5280.00,E,N,C,-,Y,,,152,,,,,,E,Y,3,0,1,1,A,-,08,22107,,N,E,I,A,B,H,-,A,D,0,,,,,Y,,D,22,0,1,0,0,0,0,0,0,0,"- ","- ",37.076259613037109,-121.20791625976562,MERCED,UNINCORPORATED,-121.20794677734375,37.076301574707031
91663401,2021,2021-12-28,9461,2021-12-23,0920,020351,,4,1,9,2400,0,1,3,,1,153,"SR-152 E/B","HIGHLINE CANAL",650.00,W,N,C,-,Y,,,152,,,,,,E,Y,3,0,1,1,A,-,08,22107,,N,E,I,A,B,H,-,A,D,0,,,,,Y,,A,01,0,1,0,0,0,0,0,0,0,"- ","- ",37.05670166015625,-120.94477081298828,MERCED,UNINCORPORATED,-120.94477081298828,37.056629180908203
91663482,2021,2021-12-28,9460,2021-12-19,1134,019806,,7,1,3,2401,0,1,3,,2,002,"SR-99 S/B","ATWATER BLVD U/C",68.00,S,N,B,-,Y,,,99,,,,,,S,N,4,0,3,3,A,-,03,22350,,N,C,C,A,A,D,-,A,D,0,,,,,Y,,A,07,0,0,3,0,0,0,0,0,0,"- ","- ",37.340400695800781,-120.59391784667969,MERCED,ATWATER,-120.59390258789062,37.340187072753906
91663738,2021,2021-12-28,9460,2021-12-22,0440,020099,,3,3,9,2400,0,1,S,,2,704,"SR-99 N/B","SOUTH AVE",1056.00,N,N,B,C,Y,,,99,,,,,,N,Y,3,0,1,1,A,-,03,22350,,N,E,I,A,B,H,-,D,D,0,,,,,Y,,A,01,0,1,0,0,0,0,0,0,0,"- ","- ",37.430839538574219,-120.77555847167969,MERCED,UNINCORPORATED,-120.77548980712891,37.430904388427734
91663835,2021,2021-12-28,9460,2021-12-22,1010,016917,,3,1,9,2400,0,1,3,,2,003,"SR-99 S/B","G ST",290.00,S,N,B,-,Y,,,,,,,,,,Y,4,0,1,3,A,-,03,22350,,N,C,C,A,A,C,D,A,D,0,,,,,Y,,A,01,0,0,1,0,0,0,0,0,0,"- ","- ",37.295139312744141,-120.47679901123047,MERCED,UNINCORPORATED,-120.47789001464844,37.295101165771484
91665481,2021,2021-12-29,9461,2021-12-26,1445,021378,,7,2,9,2400,0,1,1,,2,206,"I-5 S/B","LAGUNA SECA CREEK",5280.00,N,N,B,-,Y,,,5,,,,,,S,N,4,0,2,2,A,-,03,22350,,N,C,C,A,A,H,-,A,D,0,,,,,Y,,A,01,0,0,2,0,0,0,0,0,0,"- ","- ",36.902080535888672,-120.81221771240234,MERCED,UNINCORPORATED,-120.81224822998047,36.902057647705078
91665616,2021,2021-12-29,9460,2021-12-27,0739,018922,,1,1,9,2400,0,1,3,,2,003,"SR-99 N/B","MERCED / MADERA COUNTY LINE",2112.00,N,N,C,-,Y,,,99,,,,,,N,Y,4,0,1,1,A,-,03,22350,,N,E,I,A,A,H,-,A,D,0,,,,,Y,,A,01,0,0,1,0,0,0,0,0,0,"- ","- ",37.156028747558594,-120.29483032226562,MERCED,UNINCORPORATED,-120.29480743408203,37.156059265136719
91666183,2021,2021-12-30,9460,2021-12-23,1658,019918,,4,2,9,2400,0,3,5,,2,090,"APPLEGATE RD","MORAN RD",17.00,N,N,A,-,N,,,,,,,,,,Y,3,0,1,2,A,-,03,22350,,F,C,C,A,B,H,-,C,D,0,,,,,Y,,-,99,0,1,0,0,0,0,0,0,0,"- ","- ",37.309459686279297,-120.61475372314453,MERCED,UNINCORPORATED,-120.61473083496094,37.309436798095703
91667654,2021,2021-12-31,9460,2021-12-17,1700,018778,,5,2,9,2400,0,3,5,,2,060,"CHILDS AVE","PLAINSBURG RD",0.00,,Y,B,-,N,,,,,,,,,,Y,2,0,3,2,A,-,01,23152,A,F,C,C,A,A,H,-,D,A,0,,,,,Y,Y,A,01,1,1,1,0,0,0,0,0,0,"- ","- ",37.287929534912109,-120.32496643066406,MERCED,UNINCORPORATED,-120.32486724853516,37.287937164306641
91668630,2021,2022-02-01,9460,2021-12-19,0015,020365,,7,3,9,2400,0,3,5,,2,090,"ATWATER BLVD","SHAFFER ROAD",2640.00,E,N,A,-,N,,,,,,,,,,N,3,0,2,2,A,-,09,21801,A,N,D,C,A,A,D,-,D,A,0,,,,,Y,Y,A,07,0,2,0,0,0,0,0,0,0,"- ","- ",37.338069915771484,-120.58820343017578,MERCED,UNINCORPORATED,-120.58778381347656,37.33795166015625
91669077,2021,2022-01-04,9460,2021-12-28,1620,017343,,2,2,9,2400,0,2,4,,1,041,"SANTA FE DRIVE","BEACHWOOD DRIVE",0.00,,Y,A,-,N,,,,,,,,,,Y,4,0,1,2,A,-,12,21457,A,N,D,C,A,A,H,-,A,A,0,,,,,Y,,A,01,0,0,1,0,0,0,0,0,0,"- ","- ",37.332271575927734,-120.52764129638672,MERCED,UNINCORPORATED,-120.52763366699219,37.332279205322266
91669126,2021,2022-01-04,9461,2021-12-27,1615,020903,,1,2,9,2400,0,1,1,,2,205,I-5,SR-165,300.00,N,N,B,-,Y,,,5,,,,,,,Y,4,0,2,3,A,-,03,22350,,N,C,C,A,B,H,-,A,D,0,,,,,Y,,A,01,0,0,2,0,0,0,0,0,0,"- ","- ",36.930778503417969,-120.84131622314453,MERCED,UNINCORPORATED,-120.84133148193359,36.930763244628906
91669144,2022,2022-01-04,9460,2022-01-03,0645,019106,,1,1,3,2401,0,1,3,,2,002,"SR-99 N/B","BUHACH ROAD",2112.00,N,N,B,-,Y,MER,,99,,,20.916,H,,R,N,3,0,1,2,A,-,03,22350,,N,C,C,A,A,D,-,A,D,0,,,,,Y,,A,01,0,1,0,0,0,0,0,0,0,"- ","- ",37.336299896240234,-120.58265686035156,MERCED,ATWATER,-120.58265686035156,37.336311340332031
91669821,2021,2022-01-04,9460,2021-12-24,2100,019838,,5,2,9,2400,0,1,3,,2,002,"SR-99 SOUTHBOUND","ATWATER BLVD.",5280.00,N,N,B,-,Y,,,99,,,,,,S,Y,2,0,2,1,A,-,08,22107,,N,F,A,A,B,D,-,C,D,0,,,,,Y,,A,07,1,0,1,0,0,0,0,0,0,"- ","- ",37.355091094970703,-120.63410949707031,MERCED,UNINCORPORATED,-120.63411712646484,37.355068206787109
91670120,2021,2022-01-04,9461,2021-12-31,1214,020351,,5,1,9,2400,0,1,1,,2,105,"I-5 SB TO SR-33","I-5 S/B",88.00,W,N,A,-,Y,,,5,,,,R,,S,Y,2,0,1,1,A,-,08,22107,,N,F,A,A,A,H,-,A,D,0,,,,,Y,,D,22,1,0,0,0,0,0,0,0,0,"- ","- ",37.106979370117188,-121.01699066162109,MERCED,UNINCORPORATED,-121.01699066162109,37.106979370117188
91670426,2021,2022-01-04,9460,2021-12-31,1805,018778,,5,2,9,2400,0,1,3,,1,591,SR-59,"AVE 23 1/2",170.00,N,N,B,-,Y,,,59,,,,,,,Y,4,0,1,2,A,-,03,22350,,N,C,C,A,A,H,-,D,D,0,,,,,Y,,A,08,0,0,1,0,0,0,0,0,0,"- ","- ",37.091388702392578,-120.49236297607422,MERCED,UNINCORPORATED,-120.49237823486328,37.091388702392578
91670818,2021,2022-01-05,9460,2021-12-29,0438,020840,,3,3,3,2401,0,1,3,,2,002,"SR-99 S/B","WEST ATWATER BLVD",1500.00,N,N,C,-,Y,,,99,,,,,,S,Y,3,0,3,1,A,-,08,22107,,N,F,A,A,B,D,-,C,D,0,,,,,Y,,E,22,0,1,2,0,0,0,0,0,0,"- ","- ",37.35491943359375,-120.63304138183594,MERCED,ATWATER,-120.63306427001953,37.354801177978516
91670994,2021,2022-01-05,9460,2021-12-27,1358,018778,,1,1,9,2400,0,1,3,,2,003,"SR-99 N/B","LE GRAND RD",296.00,S,N,B,-,Y,,,,,,,,,,Y,2,0,1,2,A,-,07,21658,A,N,B,C,A,A,H,-,A,D,0,,,,Y,Y,,A,01,1,0,0,0,0,0,0,0,0,"- ","- ",37.224990844726562,-120.37394714355469,MERCED,UNINCORPORATED,-120.37683868408203,37.227020263671875
91671207,2021,2022-01-05,9460,2021-12-31,2020,021407,,5,2,9,2400,0,3,5,,2,020,"SANTA FE DRIVE","CORTEZ AVENUE",0.00,,Y,A,-,N,,,,,,,,,,Y,3,0,3,2,A,-,01,23152,A,N,C,C,A,A,H,-,D,A,0,,,,,Y,Y,A,01,0,2,1,0,0,0,0,0,0,"- ","- ",37.475040435791016,-120.7398681640625,MERCED,UNINCORPORATED,-120.73964691162109,37.474929809570312
91671242,2022,2022-01-05,9460,2022-01-04,0820,015398,,2,1,9,2400,0,3,5,,2,010,"CAMDEN DR.","AMERICAN AVE.",0.00,,Y,A,-,N,,,,,,,,,,Y,4,0,1,2,A,-,09,21802,A,N,D,C,A,A,H,-,A,A,0,,,,,Y,,A,01,0,0,1,0,0,0,0,0,0,"- ","- ",37.411430358886719,-120.84100341796875,MERCED,UNINCORPORATED,-120.84097290039062,37.411441802978516
91671533,2021,2022-01-05,9460,2021-12-25,1920,021511,,6,2,9,2400,0,1,3,,2,003,"SR-99 N/B","LE GRAND ROAD",120.00,S,N,C,-,Y,,,,,,,,,,Y,4,0,6,2,A,-,07,21658,A,N,B,C,A,B,H,-,D,D,0,,,,,Y,,D,22,0,0,6,0,0,0,0,0,0,"- ","- ",37.225349426269531,-120.37438201904297,MERCED,UNINCORPORATED,-120.37734222412109,37.227294921875
91671999,2022,2022-01-06,9460,2022-01-04,1237,016476,,2,1,9,2400,0,1,3,,1,143,SR-140,"ARBOLEDA DR",7392.00,E,N,A,-,Y,MER,,140,,,42.226,H,,R,N,4,0,1,2,A,-,03,22350,,N,C,C,A,A,H,-,A,D,0,,,,,Y,,D,22,0,0,1,0,0,0,0,0,0,"- ","- ",37.295650482177734,-120.35182952880859,MERCED,UNINCORPORATED,-120.35182952880859,37.295700073242188
91672748,2022,2022-01-06,9460,2022-01-02,1105,018422,,7,1,9,2400,0,1,3,,1,165,SR-165,"WILLIAMS AVE.",0.00,,Y,A,-,Y,MER,,165,,,32.366,H,,R,Y,4,0,1,2,A,-,09,21802,A,N,D,C,A,A,H,-,A,A,0,,,,,Y,,A,07,0,0,1,0,0,0,0,0,0,"- ","- ",37.389778137207031,-120.85045623779297,MERCED,UNINCORPORATED,-120.85031127929688,37.389778137207031
91672829,2021,2022-01-06,9460,2021-12-27,1908,021468,,1,2,9,2400,0,1,3,,2,002,"SR-99 N/B","HAMMATT AVE",2640.00,S,N,B,-,Y,,,99,,,,,,N,Y,3,0,1,1,A,-,08,22107,,N,E,I,A,B,H,-,D,D,0,,,,,Y,,A,07,0,1,0,0,0,0,0,0,0,"- ","- ",37.382408142089844,-120.70777130126953,MERCED,UNINCORPORATED,-120.70779418945312,37.382362365722656
91672949,2022,2022-03-03,9460,2022-01-02,1505,019918,,7,2,9,2400,0,1,3,,2,003,"SR-99 N/B","MISSION AVE",1056.00,S,N,A,-,Y,MER,,99,,R,11.475,H,,R,Y,3,0,3,2,A,-,03,22350,,N,C,C,A,A,H,-,A,D,0,,,,Y,Y,,F,26,0,2,1,0,0,0,0,0,0,"- ","- ",37.272048950195312,-120.43467712402344,MERCED,UNINCORPORATED,-120.43471527099609,37.272029876708984
91673849,2021,2022-01-10,9460,2021-12-26,1704,021320,,7,2,9,2400,0,1,3,,2,003,"SR-99 N/B","LE GRAND RD",9504.00,S,N,A,-,Y,,,99,,,,,,N,N,4,0,2,2,A,-,01,23152,A,F,C,C,A,A,H,-,A,A,0,,,,,Y,Y,D,22,0,0,2,0,0,0,0,0,0,"- ","- ",37.205501556396484,-120.35366058349609,MERCED,UNINCORPORATED,-120.35399627685547,37.205085754394531
91674517,2022,2022-01-10,9461,2022-01-03,0005,021536,,1,3,9,2400,0,1,3,,1,103,"SR-33 N/B","CALIFORNIA AQUEDUCT",2280.00,N,N,A,-,Y,MER,,33,,R,14.879,H,,R,Y,3,0,1,1,A,-,08,22107,,N,E,I,A,A,H,-,D,D,0,,,,,Y,,A,01,0,1,0,0,0,0,0,0,0,"- ","- ",37.080558776855469,-121.01602172851562,MERCED,UNINCORPORATED,-121.01610565185547,37.080562591552734
91674526,2021,2022-01-10,9461,2021-12-30,1343,021387,,4,1,9,2400,0,1,1,,2,205,"I-5 SOUTHBOUND",SR-165,5280.00,N,N,A,-,Y,,,5,,,,,,S,N,4,0,3,2,A,-,03,22350,,N,C,C,A,A,H,-,A,D,0,,,,,Y,,D,22,0,0,3,0,0,0,0,0,0,"- ","- ",36.945640563964844,-120.85926055908203,MERCED,UNINCORPORATED,-120.85931396484375,36.945571899414062
91674617,2022,2022-01-10,9461,2022-01-03,2130,021378,,1,2,9,2400,0,1,1,,2,105,"I-5 S/B","COTTONWOOD RD",1056.00,N,N,A,-,Y,MER,,5,,,28.461,H,,L,Y,4,0,1,1,A,-,08,22107,,N,F,A,A,A,H,-,D,D,0,,,,,Y,,D,22,0,0,1,0,0,0,0,0,0,"- ","- ",37.191020965576172,-121.07227325439453,MERCED,UNINCORPORATED,-121.07234191894531,37.190990447998047
91674897,2022,2022-01-10,9461,2022-01-05,2230,021126,,3,3,9,2400,0,3,5,,2,010,"CHINA CAMP ROAD","MONROE AVENUE",340.00,E,N,A,-,N,,,,,,,,,,N,3,0,1,1,A,-,08,22107,,N,F,J,A,A,H,-,D,D,0,,,,,Y,,A,01,0,1,0,0,0,0,0,0,0,"- ","- ",37.114559173583984,-120.8785400390625,MERCED,UNINCORPORATED,-120.87846374511719,37.114547729492188
91675436,2022,2022-01-11,9461,2022-01-09,1740,021378,,7,2,9,2400,0,1,3,,1,153,"SR-152 E/B","BILLY WRIGHT RD",35.00,W,N,A,-,N,,,,,,,,,,Y,4,0,1,3,A,-,03,22350,,N,C,C,A,A,H,-,D,D,0,,,,,Y,,A,07,0,0,1,0,0,0,0,0,0,"- ","- ",37.056591033935547,-120.95411682128906,MERCED,UNINCORPORATED,-120.95411682128906,37.05657958984375
91676679,2021,2022-01-12,9460,2021-12-30,1735,019838,,4,2,9,2400,0,1,3,,2,002,"SR-99 NORTHBOUND","HAMMATT AVENUE",2112.00,S,N,A,-,Y,,,99,,,,,,N,Y,3,0,3,3,A,-,03,22350,,N,C,C,A,A,D,-,A,D,0,,,,,Y,,A,01,0,2,1,0,0,0,0,0,0,"- ","- ",37.38201904296875,-120.70703125,MERCED,UNINCORPORATED,-120.70702362060547,37.382030487060547
91677236,2022,2022-01-13,9460,2022-01-02,0108,021320,,7,3,9,2400,0,1,3,,2,002,"SR-99 S/B","ATWATER MERCED EXPRESSWAY",1584.00,N,N,A,-,Y,MER,,99,,R,20.441,H,,L,Y,4,0,1,2,A,-,03,22350,,N,C,C,A,A,H,-,D,D,0,,,,,Y,,A,01,0,0,1,0,0,0,0,0,0,"- ","- ",37.333389282226562,-120.57441711425781,MERCED,UNINCORPORATED,-120.57443237304688,37.333354949951172
91677337,2022,2022-01-13,9461,2022-01-12,0612,017329,,3,1,9,2400,0,1,3,,1,152,"SR-152 W/B","UPPER COTTONWOOD RECREATIONAL AREA",3168.00,W,N,B,-,Y,MER,,152,,R,1.850,H,,L,Y,4,0,1,2,A,-,03,22350,,N,C,C,A,A,H,-,D,D,0,,,,Y,Y,,D,22,0,0,1,0,0,0,0,0,0,"- ","- ",37.084400177001953,-121.19136047363281,MERCED,UNINCORPORATED,-121.19135284423828,37.084384918212891
91677821,2021,2022-01-13,9461,2021-11-25,1900,021056,,4,2,9,2400,0,1,1,,2,105,"I-5 NORTHBOUND","COTTONWOOD ROAD",2112.00,S,N,A,-,Y,,,5,,,,,,N,Y,1,1,0,2,A,-,08,22107,,N,B,C,A,A,H,-,D,D,0,,,,,Y,Y,A,01,0,0,0,0,0,0,0,0,0,"- ","- ",37.177150726318359,-121.06282043457031,MERCED,UNINCORPORATED,-121.06285858154297,37.177127838134766
91679206,2022,2022-01-17,9460,2022-01-07,1740,019286,,5,2,9,2400,0,1,3,,2,001,"SR-99 S/B","SOUTH AVENUE",1584.00,N,N,B,-,Y,MER,,99,,M,33.845,H,,L,N,4,0,1,2,A,-,03,22350,,N,C,C,A,B,H,-,D,D,0,,,,,Y,,A,07,0,0,1,0,0,0,0,0,0,"- ","- ",37.42974853515625,-120.77493286132812,MERCED,UNINCORPORATED,-120.77495574951172,37.429737091064453
91679253,2021,2022-01-17,9460,2021-11-29,1620,020365,,1,2,9,2400,0,3,5,,2,070,"SANTA FE AVE","GERARD AVE",355.00,W,N,A,-,N,,,,,,,,,,Y,3,0,1,2,A,-,08,22107,,F,B,C,A,A,H,-,A,D,0,,,,,Y,,A,01,0,1,0,0,0,0,0,0,0,"- ","- ",37.281349182128906,-120.31169128417969,MERCED,UNINCORPORATED,-120.31150817871094,37.281196594238281
91679316,2021,2022-01-17,9460,2021-10-25,0110,020840,,1,3,3,2401,0,1,3,,2,002,"SR-99 N/B FROM WEST ATWATER BLVD","WEST ATWATER BOULEVARD",1000.00,N,N,C,-,Y,,,99,,,,R,,N,N,1,1,0,2,A,-,11,21954,A,F,G,B,D,B,H,-,C,D,0,Y,,,,Y,Y,N,60,0,0,0,1,0,0,0,0,0,"- ","- ",37.353729248046875,-120.62628173828125,MERCED,ATWATER,-120.62628173828125,37.353729248046875
91679321,2021,2022-01-17,9460,2021-10-04,1648,021407,,1,2,9,2400,0,3,5,,2,030,"LIVINGSTON CRESSEY RD","SULTANA DR",2112.00,W,N,A,-,N,,,,,,,,,,Y,1,1,0,1,A,-,01,23152,A,N,E,I,A,A,H,-,A,D,0,,,,,Y,Y,A,01,0,0,0,0,0,0,0,0,0,"- ","- ",37.418701171875,-120.693603515625,MERCED,UNINCORPORATED,-120.69309997558594,37.418594360351562
91679643,2022,2022-01-18,9461,2022-01-10,1115,017329,,1,1,9,2400,0,1,1,,2,205,"I-5 S/B","ARBURUA RD",3168.00,N,N,A,-,Y,MER,,5,,,10.252,H,,L,Y,3,0,1,2,A,-,03,22350,,N,C,C,A,A,H,-,A,D,0,,,,Y,Y,,A,01,0,1,0,0,0,0,0,0,0,"- ","- ",36.971569061279297,-120.89041900634766,MERCED,UNINCORPORATED,-120.89046478271484,36.971542358398438
91679677,2022,2022-01-18,9460,2022-01-06,1730,020156,,4,2,9,2400,0,3,5,,2,080,"VASSAR AVE","RITA MAE AVE",792.00,E,N,A,-,N,,,,,,,,,,N,4,0,1,2,A,-,11,21954,A,N,G,B,D,A,H,-,D,D,0,Y,,,,Y,,N,60,0,0,1,0,1,0,0,0,0,"- ","- ",37.265571594238281,-120.47557067871094,MERCED,UNINCORPORATED,,
91679699,2022,2022-01-18,9460,2022-01-10,0842,016476,,1,1,9,2400,0,1,3,,2,003,"SR-99 S/B","MISSION AVE",1584.00,N,N,B,-,Y,MER,,99,,R,11.949,H,,L,Y,3,0,1,2,C,-,18,,,N,C,C,A,A,H,-,A,D,0,,,,Y,Y,,-,"- ",0,1,0,0,0,0,0,0,0,"- ","- ",37.276691436767578,-120.44123840332031,MERCED,UNINCORPORATED,-120.44117736816406,37.276771545410156
91679819,2022,2022-01-18,9460,2022-01-10,1934,018603,,1,2,9,2400,0,1,3,,1,165,SR-165,"3RD AVE.",70.00,S,N,A,-,Y,MER,,165,,,27.855,H,,R,Y,4,0,1,2,A,-,09,21804,A,N,D,C,A,A,H,-,C,D,0,,,,,Y,,A,01,0,0,1,0,0,0,0,0,0,"- ","- ",37.327308654785156,-120.85114288330078,MERCED,UNINCORPORATED,-120.85111999511719,37.327308654785156
91680045,2022,2022-01-18,9460,2022-01-14,0640,019106,,5,1,9,2400,0,1,3,,2,001,"SR-99 S/B","BRADBURY ROAD",1584.00,N,N,E,-,Y,,,,,,,,,,N,4,0,1,2,A,-,07,21658,A,N,B,C,A,A,H,-,B,D,0,,,,Y,Y,,-,"- ",0,0,1,0,0,0,0,0,0,"- ","- ",37.448848724365234,-120.79907989501953,MERCED,UNINCORPORATED,-120.79903411865234,37.450332641601562
91680087,2022,2022-01-18,9460,2022-01-11,2131,021320,,2,2,9,2400,0,3,5,,2,030,"GERTRUDE AVE","CYPRESS AVE",70.00,E,N,A,-,Y,,,,,,,,,,N,3,0,1,1,A,-,01,23152,A,N,E,I,A,A,H,-,C,A,0,,,,,Y,Y,A,01,0,1,0,0,0,0,0,0,0,"- ","- ",37.374870300292969,-120.62255096435547,MERCED,UNINCORPORATED,-120.62236022949219,37.374858856201172
91680212,2021,2022-01-18,9460,2021-09-25,0348,020840,,6,3,9,2400,0,1,3,,2,001,"SR-99 SOUTHBOUND","WINTON PARKWAY",1830.00,N,N,A,-,Y,,,99,,,,,,S,Y,1,1,0,1,A,-,01,23152,A,N,E,I,A,A,H,-,D,D,0,,,,,Y,Y,A,01,0,0,0,0,0,0,0,0,0,"- ","- ",37.393009185791016,-120.73918151855469,MERCED,UNINCORPORATED,-120.73939514160156,37.392864227294922
91680238,2022,2022-01-18,9460,2022-01-14,0620,018422,,5,1,9,2400,0,3,5,,2,040,"OAKDALE RD.","AMSTERDAM RD.",6336.00,E,N,E,-,N,,,,,,,,,,Y,2,0,1,3,A,-,06,21751,,N,A,C,A,B,H,-,D,D,0,,,,Y,Y,,A,01,1,0,0,0,0,0,0,0,0,"- ","- ",37.421669006347656,-120.52227783203125,MERCED,UNINCORPORATED,-120.52268218994141,37.421836853027344
91681009,2022,2022-01-19,9460,2022-01-10,1700,017343,,1,2,9,2400,0,1,3,,1,590,SR-59,"TURLOCK ROAD",6864.00,N,N,A,-,Y,MER,,59,,R,30.115,H,,R,Y,4,0,1,1,A,-,03,22350,,N,F,A,A,A,H,-,B,D,0,,,Y,,Y,,C,02,0,0,1,0,0,0,0,0,1,"- ","- ",37.499629974365234,-120.47946929931641,MERCED,UNINCORPORATED,-120.47948455810547,37.499649047851562
91681016,2022,2022-01-19,9460,2022-01-11,1710,019286,,2,2,3,2401,0,1,3,,2,002,"SR-99 N/B","EAST ATWATER BOULEVARD",1056.00,S,N,B,-,Y,MER,,99,,,21.452,H,,R,Y,3,0,1,1,A,-,08,22107,,N,E,I,A,A,H,-,A,D,0,,,,Y,Y,,G,25,0,1,0,0,0,0,0,0,0,"- ","- ",37.340641021728516,-120.59091186523438,MERCED,ATWATER,-120.59095001220703,37.340415954589844
91681118,2021,2022-01-19,9460,2021-10-21,0546,018673,,4,3,9,2400,0,3,5,,2,080,"TYLER RD","CHILDS AVE",528.00,S,N,A,-,N,,,,,,,,,,N,1,1,0,2,D,-,00,,,F,G,B,E,A,H,-,D,D,0,Y,,,,Y,,-,"- ",0,0,0,1,0,0,0,0,0,"- ","- ",37.286258697509766,-120.46977996826172,MERCED,UNINCORPORATED,-120.46980285644531,37.286521911621094
91681539,2021,2022-01-20,9460,2021-12-30,0355,021530,,4,3,9,2400,0,1,3,,2,002,"SR-99 S/B","BUHACH RD",300.00,N,N,B,-,N,,,99,,,,,,S,Y,2,0,1,1,A,-,01,23152,A,N,E,I,A,A,A,D,D,D,0,,,,,Y,Y,D,22,1,0,0,0,0,0,0,0,0,"- ","- ",37.334041595458984,-120.57724761962891,MERCED,UNINCORPORATED,-120.57723236083984,37.334091186523438
91681619,2022,2022-01-20,9460,2022-01-11,2500,015398,,2,4,9,2400,0,3,5,,2,010,"VAN CLIEF RD.","4TH AVE.",1162.00,S,N,E,-,N,,,,,,,,,,Y,2,0,1,1,A,-,08,22107,,N,E,I,A,B,H,-,D,D,0,,,,,Y,,A,01,1,0,0,0,0,0,0,0,0,"- ","- ",37.316921234130859,-120.83307647705078,MERCED,UNINCORPORATED,-120.83303833007812,37.317058563232422
91681625,2022,2022-01-20,9460,2022-01-10,0930,015398,,1,1,9,2400,0,2,4,,1,101,"WESTSIDE BLVD.","ROBIN AVE.",1162.00,E,N,E,-,N,,,,,,,,,,Y,4,0,2,2,A,-,03,22350,,N,C,C,A,A,H,-,A,D,0,,,,,Y,,A,01,0,0,2,0,0,0,0,0,0,"- ","- ",37.360458374023438,-120.73793792724609,MERCED,UNINCORPORATED,-120.7379150390625,37.360458374023438