CASE_ID,ACCIDENT_YEAR,PROC_DATE,JURIS,COLLISION_DATE,COLLISION_TIME,OFFICER_ID,REPORTING_DISTRICT,DAY_OF_WEEK,CHP_SHIFT,POPULATION,CNTY_CITY_LOC,SPECIAL_COND,BEAT_TYPE,CHP_BEAT_TYPE,CITY_DIVISION_LAPD,CHP_BEAT_CLASS,BEAT_NUMBER,PRIMARY_RD,SECONDARY_RD,DISTANCE,DIRECTION,INTERSECTION,WEATHER_1,WEATHER_2,STATE_HWY_IND,CALTRANS_COUNTY,CALTRANS_DISTRICT,STATE_ROUTE,ROUTE_SUFFIX,POSTMILE_PREFIX,POSTMILE,LOCATION_TYPE,RAMP_INTERSECTION,SIDE_OF_HWY,TOW_AWAY,COLLISION_SEVERITY,NUMBER_KILLED,NUMBER_INJURED,PARTY_COUNT,PRIMARY_COLL_FACTOR,PCF_CODE_OF_VIOL,PCF_VIOL_CATEGORY,PCF_VIOLATION,PCF_VIOL_SUBSECTION,HIT_AND_RUN,TYPE_OF_COLLISION,MVIW,PED_ACTION,ROAD_SURFACE,ROAD_COND_1,ROAD_COND_2,LIGHTING,CONTROL_DEVICE,CHP_ROAD_TYPE,PEDESTRIAN_ACCIDENT,BICYCLE_ACCIDENT,MOTORCYCLE_ACCIDENT,TRUCK_ACCIDENT,NOT_PRIVATE_PROPERTY,ALCOHOL_INVOLVED,STWD_VEHTYPE_AT_FAULT,CHP_VEHTYPE_AT_FAULT,COUNT_SEVERE_INJ,COUNT_VISIBLE_INJ,COUNT_COMPLAINT_PAIN,COUNT_PED_KILLED,COUNT_PED_INJURED,COUNT_BICYCLIST_KILLED,COUNT_BICYCLIST_INJURED,COUNT_MC_KILLED,COUNT_MC_INJURED,PRIMARY_RAMP,SECONDARY_RAMP,LATITUDE,LONGITUDE,COUNTY,CITY,POINT_X,POINT_Y
91727831,2022,2022-12-21,9460,2022-03-09,0800,019286,,3,1,9,2400,0,1,3,,2,002,"SR-99 N/B","O STREET",10.00,N,N,A,-,Y,MER,,99,,,15.150,H,,R,N,4,0,22,1,A,-,08,22107,,N,E,I,A,A,D,-,A,D,0,,,,,Y,,I,12,0,0,22,0,0,0,0,0,0,"- ","- ",37.299228668212891,-120.49008178710938,MERCED,UNINCORPORATED,-120.48999786376953,37.29937744140625
91727839,2022,2022-03-21,9461,2022-03-14,0546,020486,,1,3,9,2400,0,3,5,,2,050,"FAHEY ROAD","CHEROKEE RD",1584.00,E,N,A,-,N,,,,,,,,,,Y,2,0,1,1,A,-,03,22350,,N,E,H,A,A,H,-,D,D,0,,,,,Y,,A,07,1,0,0,0,0,0,0,0,0,"- ","- ",37.122249603271484,-120.97054290771484,MERCED,UNINCORPORATED,-120.97269439697266,37.122146606445312
91727867,2022,2022-03-21,9460,2022-03-09,0955,019286,,3,1,9,2400,0,1,3,,2,003,"SR-99 N/B","G STREET",315.00,S,N,A,-,Y,MER,,99,,,14.348,H,,R,Y,4,0,1,2,A,-,01,23152,A,M,C,C,A,A,H,-,A,D,0,,,,,Y,Y,A,01,0,0,1,0,0,0,0,0,0,"- ","- ",37.295398712158203,-120.47657012939453,MERCED,UNINCORPORATED,-120.4765625,37.295314788818359
91727905,2022,2022-03-21,9460,2022-03-13,1725,021468,,7,2,9,2400,0,1,3,,1,143,"SR-140 E/B","SUTTER ST",0.00,,Y,A,-,Y,MER,,140,,,43.899,H,,R,Y,3,0,3,3,A,-,01,23152,A,F,D,C,A,A,H,-,A,A,0,,,,,Y,Y,A,01,0,2,1,0,0,0,0,0,0,"- ","- ",37.295398712158203,-120.32112884521484,MERCED,UNINCORPORATED,-120.32113647460938,37.295425415039062
91728083,2022,2022-03-21,9460,2022-03-17,1015,019286,,4,1,9,2400,0,1,3,,2,003,"SR-99 N/B","R STREET",730.00,S,N,A,-,Y,MER,,99,,,15.278,H,,R,Y,3,0,3,3,A,-,03,22350,,N,C,2,A,A,D,-,A,D,0,,,,Y,Y,,M,47,0,2,1,0,0,0,0,0,0,"- ","- ",37.300178527832031,-120.49211120605469,MERCED,UNINCORPORATED,-120.49211883544922,37.300159454345703
91728118,2022,2022-03-21,9460,2022-03-18,0815,019286,,5,1,5,2406,0,1,3,,2,003,"SR-99 N/B","R STREET",528.00,N,N,A,-,Y,MER,,99,,,15.598,H,,R,N,4,0,1,2,A,-,03,22350,,N,C,C,A,A,D,-,A,D,0,,,,,Y,,A,01,0,0,1,0,0,0,0,0,0,"- ","- ",37.302108764648438,-120.49741363525391,MERCED,MERCED,-120.49741363525391,37.302104949951172
91728168,2022,2022-03-21,9460,2022-03-11,1750,018778,,5,2,9,2400,0,1,3,,2,001,"SR-99 S/B","COLLIER RD",2640.00,N,N,A,-,Y,MER,,99,,R,32.437,H,,L,Y,4,0,1,2,A,-,07,21658,A,N,F,A,A,A,H,-,B,D,0,,,Y,,Y,,A,07,0,0,1,0,0,0,0,0,1,"- ","- ",37.414791107177734,-120.75768280029297,MERCED,UNINCORPORATED,-120.75766754150391,37.414798736572266
91728181,2022,2022-03-29,9460,2022-03-20,1118,018922,,7,1,9,2400,0,1,3,,2,003,"SR-99 N/B","CHILDS AVENUE",2112.00,N,N,A,-,Y,MER,,99,,,13.451,H,,R,N,4,0,3,2,A,-,03,22350,,N,C,C,A,A,D,E,A,D,0,,,,,Y,,A,01,0,0,3,0,0,0,0,0,0,"- ","- ",37.291370391845703,-120.46192932128906,MERCED,UNINCORPORATED,-120.46184539794922,37.291481018066406
91728193,2022,2022-03-21,9460,2022-03-20,1145,018922,,7,1,9,2400,0,1,3,,2,003,"SR-99 N/B","MISSION AVENUE",203.00,N,N,A,-,Y,MER,,99,,R,11.803,H,,R,N,4,0,1,2,A,-,03,22350,,N,C,C,A,A,H,-,A,D,0,,,,,Y,,A,01,0,0,1,0,0,0,0,0,0,"- ","- ",37.275821685791016,-120.43849182128906,MERCED,UNINCORPORATED,-120.43856048583984,37.275745391845703
91728772,2022,2022-03-22,9461,2022-03-19,0130,021387,,6,3,9,2400,0,2,4,,1,115,"HENRY MILLER AVENUE","MONROE AVE",1584.00,W,N,A,-,N,,,,,,,,,,Y,3,0,1,1,A,-,08,22107,,N,E,I,A,A,H,-,D,D,0,,,,,Y,,A,01,0,1,0,0,0,0,0,0,0,"- ","- ",37.099929809570312,-120.88529968261719,MERCED,UNINCORPORATED,-120.88568115234375,37.099971771240234
91728778,2022,2022-03-22,9461,2022-03-19,0605,021280,,6,1,9,2400,0,1,3,,1,265,SR-165,"CHARLESTON RD.",25.00,N,N,A,-,N,,,,,,,,,,Y,3,0,3,1,A,-,08,22107,,N,E,I,A,A,H,-,D,A,0,,,,,Y,,A,07,0,1,2,0,0,0,0,0,0,"- ","- ",36.984020233154297,-120.83719635009766,MERCED,UNINCORPORATED,-120.83731079101562,36.984020233154297
91728801,2022,2022-03-22,9460,2022-03-13,0525,020857,,7,3,5,2406,0,1,3,,2,003,"SR-99 N/B","R ST",5.00,S,N,B,-,Y,,,,,,,,,,Y,4,0,1,1,A,-,01,23152,A,N,E,I,A,A,D,-,D,D,0,,,,,Y,Y,A,01,0,0,1,0,0,0,0,0,0,"- ","- ",37.180381774902344,-120.29405212402344,MERCED,MERCED,-120.49449157714844,37.301013946533203
9172883,2021,2022-07-06,2405,2021-11-14,2042,PD47,1,7,5,3,2405,0,0,0,,0,0B1,"W PACHECO BL","ORTIGALITA RD",0.00,,Y,B,-,Y,MER,10,152,-,-,19.268,I,5,E,N,4,0,1,2,A,-,03,22350,,N,C,C,A,A,H,-,C,A,0,,,,,Y,,A,01,0,0,1,0,0,0,0,0,0,"- ","- ",37.056808471679688,-120.87184906005859,MERCED,"LOS BANOS",-120.87150573730469,37.056751251220703
9172884,2021,2022-07-12,2405,2021-12-03,1156,PD20,2,5,5,3,2405,0,0,0,,0,0B2,"PACHECO BL","S 11TH ST",233.00,W,N,A,-,Y,MER,10,152,-,-,20.950,H,-,W,N,4,0,1,2,A,-,08,22107,,N,D,C,A,A,H,-,A,D,0,,,,,Y,,A,01,0,0,1,0,0,0,0,0,0,"- ","- ",37.057270050048828,-120.84123992919922,MERCED,"LOS BANOS",-120.84114074707031,37.056911468505859
9172885,2021,2022-07-12,2405,2021-12-17,1629,PD54,3,5,5,3,2405,0,0,0,,0,0B3,"PACHECO BL","BADGER FLAT RD",705.00,W,N,A,-,Y,MER,10,152,-,-,18.740,H,-,E,Y,3,0,1,2,A,-,09,21801,A,N,D,C,A,A,H,-,A,A,0,,,,,Y,,A,01,0,1,0,0,0,0,0,0,0,"- ","- ",37.053939819335938,-120.87890625,MERCED,"LOS BANOS",-120.88087463378906,37.056743621826172
9172886,2021,2022-07-12,2405,2021-12-28,0918,PD149,1,2,5,3,2405,0,0,0,,0,0B1,"W PACHECO BL","ILLINOIS AV",0.00,,Y,B,-,Y,MER,10,152,-,-,19.970,I,5,W,Y,4,0,1,2,A,-,09,21802,A,N,D,C,A,B,H,-,A,D,0,,,,,Y,,A,01,0,0,1,0,0,0,0,0,0,"- ","- ",37.056880950927734,-120.85851287841797,MERCED,"LOS BANOS",-120.85852813720703,37.056880950927734
91728879,2022,2022-03-22,9460,2022-03-13,1540,021468,,7,2,9,2400,0,1,3,,2,003,"SR-99 N/B","R STREET",1056.00,S,N,A,-,Y,MER,,99,,,15.152,H,,R,N,4,0,1,2,A,-,03,22350,,F,C,C,A,A,E,-,A,D,0,,,,,Y,,-,99,0,0,1,0,0,0,0,0,0,"- ","- ",37.2994384765625,-120.48999786376953,MERCED,UNINCORPORATED,-120.49002838134766,37.299388885498047
91729016,2022,2022-03-22,9461,2022-03-15,0850,020486,,2,1,9,2400,0,1,1,,2,206,"HENRY MILLER AVENUE","STATE ROUTE 165",1584.00,E,N,A,-,N,,,,,,,,,,Y,4,0,1,2,A,-,08,22107,,N,B,C,A,B,H,-,A,D,0,,,,Y,Y,,A,01,0,0,1,0,0,0,0,0,0,"- ","- ",37.099708557128906,-120.84097290039062,MERCED,UNINCORPORATED,-120.82942962646484,37.099655151367188
9172950,2022,2022-07-06,2405,2022-02-09,1330,PD56,3,3,5,3,2405,0,0,0,,0,0B3,"E PACHECO BL","WARD RD",1255.00,E,N,A,-,Y,MER,10,152,-,-,22.480,H,-,E,Y,3,0,2,2,A,-,08,22107,,N,D,C,A,A,H,-,A,D,0,,,,,Y,,A,01,0,2,0,0,0,0,0,0,0,"- ","- ",37.055698394775391,-120.81340026855469,MERCED,"LOS BANOS",-120.81360626220703,37.056560516357422
9172954,2022,2022-07-07,2405,2022-02-06,1142,PD57,2,7,5,3,2405,0,0,0,,0,0B2,"N MERCY SPRINGS RD","WILLMOTT RD",191.00,S,N,A,-,Y,MER,10,165,-,-,9.590,H,-,S,N,3,0,5,3,A,-,03,22350,,N,C,C,A,A,H,-,A,A,0,,,,,Y,,A,01,0,1,4,0,0,0,0,0,0,"- ","- ",37.066818237304688,-120.83518981933594,MERCED,"LOS BANOS",-120.83516693115234,37.068576812744141
9172958,2022,2022-07-06,2405,2022-02-14,1604,PD60,2,1,5,3,2405,0,0,0,,0,0B2,"E PACHECO BL","H ST",0.00,,Y,A,-,Y,MER,10,152,-,-,21.130,H,-,W,Y,3,0,3,2,A,-,03,22350,,N,C,C,A,A,H,-,A,A,0,,,,,Y,,A,01,0,2,1,0,0,0,0,0,0,"- ","- ",37.056911468505859,-120.83892059326172,MERCED,"LOS BANOS",-120.83807373046875,37.056972503662109
9172959,2022,2022-09-23,2405,2022-02-26,1115,PD59,3,6,5,3,2405,0,0,0,,0,0B3,"W PACHECO BL","I ST",1071.00,W,N,A,-,Y,MER,10,152,-,-,19.420,H,-,W,Y,2,0,1,2,A,-,03,22350,,N,B,C,A,A,H,-,A,D,0,,,Y,,Y,,C,02,1,0,0,0,0,0,0,0,1,"- ","- ",37.056529998779297,-120.86968994140625,MERCED,"LOS BANOS",-120.86904144287109,37.056854248046875
91729909,2022,2022-03-23,9460,2022-03-22,1150,016476,,2,1,9,2400,0,1,3,,2,001,"SR-99 S/B","EL CAPITAN WAY",125.00,N,N,A,-,Y,MER,,99,,R,34.120,H,,L,Y,3,0,1,1,A,-,08,22107,,N,E,I,A,A,H,-,A,D,0,,,,,Y,,A,07,0,1,0,0,0,0,0,0,0,"- ","- ",37.433868408203125,-120.77940368652344,MERCED,UNINCORPORATED,-120.77946472167969,37.433818817138672
91729939,2022,2022-03-23,9460,2022-03-22,1200,018922,,2,1,9,2400,0,1,3,,2,003,"SR-99 N/B","R STREET",445.00,S,N,A,-,Y,MER,,99,,,15.333,H,,R,N,4,0,2,3,A,-,03,22350,,N,C,C,A,A,D,E,A,D,0,,,,,Y,,A,01,0,0,2,0,0,0,0,0,0,"- ","- ",37.300529479980469,-120.49299621582031,MERCED,UNINCORPORATED,-120.49302673339844,37.300491333007812
91729981,2022,2022-03-23,9460,2022-03-17,0459,019005,,4,3,9,2400,0,1,3,,2,001,"SR-99 S/B","COLLIER RD.",3168.00,S,N,A,-,Y,MER,,99,,R,31.344,H,,L,Y,4,0,1,2,A,-,07,21658,A,N,C,C,A,A,H,-,D,D,0,,,,Y,Y,,D,22,0,0,1,0,0,0,0,0,0,"- ","- ",37.402370452880859,-120.74542999267578,MERCED,UNINCORPORATED,-120.74550628662109,37.402328491210938
91730010,2022,2022-03-23,9460,2022-03-15,1540,018778,,2,2,5,2406,0,1,3,,2,003,"SR-99 N/B","R STREET",130.00,N,N,A,-,Y,MER,,99,,,15.457,H,,R,N,4,0,5,3,A,-,03,22350,,N,C,C,A,A,D,-,A,A,0,,,,Y,Y,,F,26,0,0,5,0,0,0,0,0,0,"- ","- ",37.301261901855469,-120.49507904052734,MERCED,MERCED,-120.49508666992188,37.301250457763672
91730023,2022,2022-03-23,9460,2022-03-16,0945,018673,,3,1,5,2406,0,1,3,,2,003,"SR-99 N/B","V STREET",350.00,N,N,A,-,Y,MER,,99,,,15.860,H,,R,Y,4,0,1,3,A,-,03,22350,,N,C,C,A,A,D,-,A,D,0,,,,,Y,,A,01,0,0,1,0,0,0,0,0,0,"- ","- ",37.303680419921875,-120.50171661376953,MERCED,MERCED,-120.50172424316406,37.303680419921875
91730179,2022,2022-03-23,9460,2022-03-20,1845,021407,,7,2,5,2406,0,1,3,,2,003,"SR-99 N/B","R STREET",300.00,N,N,A,-,Y,MER,,99,,,15.531,H,,R,N,4,0,1,2,A,-,03,22350,,F,C,C,A,A,H,-,A,D,0,,,,,Y,,-,99,0,0,1,0,0,0,0,0,0,"- ","- ",37.301551818847656,-120.49638366699219,MERCED,MERCED,-120.49629974365234,37.30169677734375
91730305,2022,2022-03-23,9460,2022-03-21,1905,018603,,1,2,9,2400,0,3,5,,2,020,"LETTEAU AVE","MERCED AVE",0.00,,Y,A,-,N,,,,,,,,,,Y,3,0,1,2,A,-,09,21800,C,N,D,C,A,A,H,-,A,D,0,,,Y,,Y,,C,02,0,1,0,0,0,0,0,0,1,"- ","- ",37.434108734130859,-120.79505920410156,MERCED,UNINCORPORATED,-120.79503631591797,37.434123992919922
91730648,2022,2022-03-24,9461,2022-03-14,1150,020486,,1,1,9,2400,0,1,3,,1,152,"STATE HIGHWAY 152","ROMERO VISITOR CENTER",528.00,W,N,A,-,Y,MER,,152,,R,7.811,H,,R,N,3,0,1,1,A,-,08,22107,,N,F,A,A,A,H,-,A,D,0,,,,,Y,,A,01,0,1,0,0,0,0,0,0,0,"- ","- ",37.084789276123047,-121.104736328125,MERCED,UNINCORPORATED,-121.10483551025391,37.084556579589844
91730685,2022,2022-03-24,9461,2022-03-19,1520,018910,,6,2,9,2400,0,1,3,,1,152,"STATE ROUTE 152 EASTBOUND","DINOSAUR POINT ROAD",5280.00,E,N,B,C,Y,MER,,152,,R,0.841,H,,R,Y,4,0,1,1,A,-,08,22107,,N,E,I,A,B,H,-,A,D,0,,,,,Y,,A,01,0,0,1,0,0,0,0,0,0,"- ","- ",37.077178955078125,-121.20565795898438,MERCED,UNINCORPORATED,-121.20565032958984,37.077121734619141
91730960,2022,2022-03-24,9460,2022-03-21,1806,018778,,1,2,9,2400,0,3,5,,2,060,"N. EASY STREET",SR-140,650.00,N,N,A,-,Y,,,,,,,,,,N,4,0,2,2,A,-,09,21804,A,N,D,C,A,A,H,-,B,D,0,,,,,Y,,A,01,0,0,2,0,0,0,0,0,0,"- ","- ",37.297138214111328,-120.41703033447266,MERCED,UNINCORPORATED,-120.41700744628906,37.296913146972656
91730986,2022,2022-03-24,9460,2022-03-22,2120,018966,,2,2,9,2400,0,1,3,,2,002,"SR-99 N/B","HAMMATT AVE",2112.00,S,N,A,-,Y,MER,,99,,R,28.582,H,,R,N,4,0,1,2,A,-,03,22350,,N,C,C,A,A,D,-,D,D,0,,,,,Y,,A,01,0,0,1,0,0,0,0,0,0,"- ","- ",37.381828308105469,-120.70642852783203,MERCED,UNINCORPORATED,-120.70644378662109,37.381805419921875
91731023,2022,2022-03-24,9461,2022-03-20,1255,020486,,7,1,9,2400,0,1,3,,1,152,"STATE HIGHWAY 152","DINOSAUR POINT",1584.00,E,N,A,-,Y,,,,,,,,,,Y,3,0,1,1,A,-,08,22107,,N,E,I,A,A,H,-,A,D,0,,,,,Y,,A,01,0,1,0,0,0,0,0,0,0,"- ","- ",37.074611663818359,-121.20894622802734,MERCED,UNINCORPORATED,-121.2093505859375,37.074863433837891
91733664,2022,2022-03-25,9460,2022-03-16,0645,018673,,3,1,9,2400,0,3,5,,2,080,"DICKENSON FERRY ROAD","THORNTON ROAD",1056.00,E,N,A,-,N,,,,,,,,,,Y,4,0,1,2,A,-,08,22107,,N,B,C,A,A,H,-,B,D,0,,,,,Y,,A,01,0,0,1,0,0,0,0,0,0,"- ","- ",37.273189544677734,-120.51967620849609,MERCED,UNINCORPORATED,-120.52041625976562,37.273262023925781
91733752,2022,2022-03-25,9460,2022-03-14,0705,015305,,1,1,9,2400,0,3,5,,2,040,"FOX ROAD","BELLEVUE ROAD",0.00,,Y,A,-,N,,,,,,,,,,Y,1,1,3,2,A,-,12,22450,A,N,D,C,A,A,H,-,A,A,0,,,,Y,Y,,A,07,3,0,0,0,0,0,0,0,0,"- ","- ",37.360630035400391,-120.54943084716797,MERCED,UNINCORPORATED,-120.54940795898438,37.360637664794922
91733769,2022,2022-03-25,9460,2022-03-25,0735,018422,,5,1,9,2400,0,3,5,,2,030,"WALNUT AVE.","SANTA FE DR.",495.00,W,N,A,-,N,,,,,,,,,,N,4,0,1,2,A,-,03,22350,,N,C,C,A,A,H,-,A,D,0,,,,,Y,,A,01,0,0,1,0,0,0,0,0,0,"- ","- ",37.389389038085938,-120.62049865722656,MERCED,UNINCORPORATED,-120.62055969238281,37.389389038085938
91733888,2022,2022-03-25,9460,2022-03-24,0705,018422,,4,1,9,2400,0,3,5,,2,060,"CHILDS AVE.","FREMONT ST.",0.00,,Y,A,-,N,,,,,,,,,,Y,3,0,2,2,A,-,09,21801,A,N,D,C,A,A,H,-,A,D,0,,,,,Y,,A,07,0,1,1,0,0,0,0,0,0,"- ","- ",37.287948608398438,-120.31683349609375,MERCED,UNINCORPORATED,-120.31681823730469,37.287937164306641
91734058,2022,2022-03-25,9460,2022-02-23,1940,018922,,3,2,9,2400,0,1,3,,2,003,"SR-99 S/B","LE GRAND ROAD",768.00,N,N,A,-,Y,MER,,99,,R,7.009,H,,L,N,1,1,2,3,A,-,08,22107,,N,A,C,A,A,H,-,D,D,0,,,,,Y,,D,22,1,0,1,0,0,0,0,0,0,"- ","- ",37.227020263671875,-120.37738800048828,MERCED,UNINCORPORATED,-120.37742614746094,37.226974487304688
91734705,2022,2022-03-28,9461,2022-03-23,1035,020486,,3,1,9,2400,0,1,3,,1,152,"STATE HIGHWAY 152","ROMERO VISITOR CENTER",1584.00,E,N,A,-,Y,MER,,152,,R,8.301,H,,R,Y,4,0,1,2,A,-,08,22107,,N,C,J,A,A,H,-,A,D,0,,,,Y,Y,,A,01,0,0,1,0,0,0,0,0,0,"- ","- ",37.082851409912109,-121.09620666503906,MERCED,UNINCORPORATED,-121.09622955322266,37.082744598388672
91734780,2022,2022-03-28,9461,2022-03-24,1450,021312,,4,2,9,2400,0,1,3,,1,153,"SR-152 W/B","MORAGA ROAD",0.00,,Y,A,-,Y,MER,,152,,,14.344,H,,L,Y,3,0,3,2,A,-,09,21802,A,N,D,C,A,A,H,-,A,D,0,,,,,Y,,A,01,0,3,0,0,0,0,0,0,0,"- ","- ",37.056739807128906,-120.96060180664062,MERCED,UNINCORPORATED,-120.96060180664062,37.056789398193359
91734884,2022,2022-03-28,9461,2022-03-24,1700,021312,,4,2,9,2400,0,1,1,,2,205,"I-5 N/B","NEES AVE",11352.00,N,N,A,-,Y,MER,,5,,,1.776,H,,R,Y,3,0,1,4,A,-,07,21658,A,N,D,C,A,A,H,-,A,D,0,,,,Y,Y,,A,01,0,1,0,0,0,0,0,0,0,"- ","- ",36.877620697021484,-120.79255676269531,MERCED,UNINCORPORATED,-120.79253387451172,36.877632141113281
91734916,2022,2022-03-28,9461,2022-03-19,0036,021832,,6,3,9,2400,0,3,5,,2,040,"SAND SLOUGH ROAD","TURNER ISLAND ROAD",500.00,W,N,A,-,N,,,,,,,,,,Y,2,0,1,1,A,-,01,23152,A,N,E,I,A,A,H,-,D,D,0,,,,,Y,Y,A,01,1,0,0,0,0,0,0,0,0,"- ","- ",37.171531677246094,-120.70133972167969,MERCED,UNINCORPORATED,-120.70107269287109,37.171798706054688
91734936,2022,2022-03-28,9461,2022-03-25,0500,021387,,5,3,9,2400,0,1,3,,1,152,"SR-152 E/B","UPPER COTTONWOOD",4224.00,E,N,A,-,Y,MER,,152,,R,3.340,H,,R,Y,3,0,1,1,A,-,01,23152,A,N,E,I,A,A,H,-,D,D,0,,,,,Y,Y,A,01,0,1,0,0,0,0,0,0,0,"- ","- ",37.086360931396484,-121.16493225097656,MERCED,UNINCORPORATED,-121.16493225097656,37.086429595947266
91735003,2022,2022-03-28,9460,2022-03-22,1858,021407,,2,2,9,2400,0,3,5,,2,030,"WALNUT AVE","CRESSEY WAY",1056.00,W,N,A,-,N,,,,,,,,,,N,4,0,1,2,A,-,06,21750,A,N,B,G,A,A,H,-,A,D,0,,Y,,,Y,,D,22,0,0,1,0,0,0,1,0,0,"- ","- ",37.389400482177734,-120.67250061035156,MERCED,UNINCORPORATED,-120.67157745361328,37.389396667480469
91735062,2022,2022-03-28,9461,2022-03-25,1010,020486,,5,1,9,2400,0,1,1,,2,105,"INTERSTATE 5","HENRY MILLER AVENUE",2640.00,S,N,A,-,Y,MER,,5,,,20.541,H,,R,N,4,0,1,2,A,-,03,22350,,N,C,C,A,A,H,-,A,D,0,,,,,Y,,A,01,0,0,1,0,0,0,0,0,0,"- ","- ",37.090679168701172,-121.00243377685547,MERCED,UNINCORPORATED,-121.00244903564453,37.090667724609375
91735083,2022,2022-03-28,9460,2022-03-18,2358,020840,,5,3,9,2400,0,1,3,,2,002,"SR-99 S/B","SULTANA DR",4224.00,N,N,A,-,Y,MER,,99,,,28.268,H,,L,N,2,0,8,2,A,-,01,23152,A,N,A,C,A,A,H,-,D,D,0,,,,,Y,Y,A,01,3,4,1,0,0,0,0,0,0,"- ","- ",37.379501342773438,-120.70149230957031,MERCED,UNINCORPORATED,-120.70140838623047,37.379642486572266
91735167,2022,2022-03-28,9460,2022-03-20,1730,018778,,7,2,9,2400,0,1,3,,1,590,SR-59,"MONTGOMERY ST",135.00,S,N,A,-,Y,MER,,59,,,32.969,H,,R,Y,2,0,1,2,A,-,01,23152,A,M,D,C,A,A,H,-,A,D,0,,,Y,,Y,Y,C,02,1,0,0,0,0,0,0,0,1,"- ","- ",37.518909454345703,-120.44065856933594,MERCED,UNINCORPORATED,-120.44065856933594,37.518917083740234
91735268,2022,2022-03-28,9461,2022-03-21,0747,014933,,1,1,9,2400,0,1,3,,1,503,"TURNER ISLAND RD.","SHELL AVE.",2640.00,S,N,A,-,N,,,,,,,,,,Y,2,0,2,2,A,-,05,21650,,N,A,C,A,A,H,-,A,D,0,,,,,Y,,A,07,2,0,0,0,0,0,0,0,0,"- ","- ",37.075950622558594,-120.70793151855469,MERCED,UNINCORPORATED,-120.70791625976562,37.076313018798828
91735333,2022,2022-03-28,9460,2022-03-23,1448,021407,,3,2,9,2400,0,1,3,,2,003,"SR-99 N/B","R STREET",80.00,N,N,A,-,Y,MER,,99,,,15.856,H,,R,Y,4,0,1,4,A,-,03,22350,,N,C,C,A,A,H,-,A,A,0,,,,Y,Y,,G,25,0,0,1,0,0,0,0,0,0,"- ","- ",37.303668975830078,-120.50164031982422,MERCED,UNINCORPORATED,-120.50164794921875,37.303653717041016
91735345,2022,2022-03-28,9460,2022-03-19,0135,021150,,6,3,9,2400,0,2,4,,1,041,"SANTA FE DRIVE","FRANKLIN ROAD",0.00,,Y,A,-,N,,,,,,,,,,Y,2,0,2,2,B,-,22,,,N,D,C,A,A,H,-,C,A,0,,,,,Y,,J,48,1,1,0,0,0,0,0,0,0,"- ","- ",37.34027099609375,-120.54038238525391,MERCED,UNINCORPORATED,-120.54036712646484,37.340305328369141
91735360,2022,2022-03-28,9460,2022-03-25,1240,018673,,5,1,9,2400,0,3,5,,2,050,"OLEANDER AVENUE","HANSEN AVENUE",528.00,S,N,A,-,N,,,,,,,,,,N,4,0,2,2,A,-,09,21804,A,N,D,C,A,A,H,-,A,D,0,,,,,Y,,D,22,0,0,2,0,0,0,0,0,0,"- ","- ",37.311988830566406,-120.46144104003906,MERCED,UNINCORPORATED,-120.46146392822266,37.313041687011719
91735417,2022,2022-03-28,9460,2022-03-27,0955,018422,,7,1,9,2400,0,1,3,,1,165,SR-165,"THIRD ST.",0.00,,Y,B,-,Y,MER,,165,,,33.734,H,,R,Y,4,0,1,2,A,-,09,21802,A,N,D,C,A,A,H,-,A,A,0,,,,,Y,,A,07,0,0,1,0,0,0,0,0,0,"- ","- ",37.409610748291016,-120.84999847412109,MERCED,UNINCORPORATED,-120.85002136230469,37.409610748291016
91735441,2022,2022-03-28,9460,2022-03-26,0550,018422,,6,3,9,2400,0,1,3,,2,001,"SR-99 (S/B)","SOUTH AVE.",2112.00,N,N,A,-,Y,MER,,99,,M,33.932,H,,L,Y,3,0,1,1,A,-,01,23152,A,N,E,I,A,A,H,-,C,D,0,,,,,Y,Y,A,01,0,1,0,0,0,0,0,0,0,"- ","- ",37.430629730224609,-120.77609252929688,MERCED,UNINCORPORATED,-120.77586364746094,37.430767059326172
91735473,2022,2022-03-28,9460,2022-03-24,1427,021320,,4,2,9,2400,0,2,4,,1,042,"SANTA FE DR.","BEACHWOOD DR",0.00,,Y,A,-,N,,,,,,,,,,Y,4,0,1,2,A,-,12,21453,A,N,D,C,A,A,H,-,A,A,0,,,,,Y,,D,22,0,0,1,0,0,0,0,0,0,"- ","- ",37.332378387451172,-120.52757263183594,MERCED,UNINCORPORATED,-120.52763366699219,37.332279205322266