CASE_ID,ACCIDENT_YEAR,PROC_DATE,JURIS,COLLISION_DATE,COLLISION_TIME,OFFICER_ID,REPORTING_DISTRICT,DAY_OF_WEEK,CHP_SHIFT,POPULATION,CNTY_CITY_LOC,SPECIAL_COND,BEAT_TYPE,CHP_BEAT_TYPE,CITY_DIVISION_LAPD,CHP_BEAT_CLASS,BEAT_NUMBER,PRIMARY_RD,SECONDARY_RD,DISTANCE,DIRECTION,INTERSECTION,WEATHER_1,WEATHER_2,STATE_HWY_IND,CALTRANS_COUNTY,CALTRANS_DISTRICT,STATE_ROUTE,ROUTE_SUFFIX,POSTMILE_PREFIX,POSTMILE,LOCATION_TYPE,RAMP_INTERSECTION,SIDE_OF_HWY,TOW_AWAY,COLLISION_SEVERITY,NUMBER_KILLED,NUMBER_INJURED,PARTY_COUNT,PRIMARY_COLL_FACTOR,PCF_CODE_OF_VIOL,PCF_VIOL_CATEGORY,PCF_VIOLATION,PCF_VIOL_SUBSECTION,HIT_AND_RUN,TYPE_OF_COLLISION,MVIW,PED_ACTION,ROAD_SURFACE,ROAD_COND_1,ROAD_COND_2,LIGHTING,CONTROL_DEVICE,CHP_ROAD_TYPE,PEDESTRIAN_ACCIDENT,BICYCLE_ACCIDENT,MOTORCYCLE_ACCIDENT,TRUCK_ACCIDENT,NOT_PRIVATE_PROPERTY,ALCOHOL_INVOLVED,STWD_VEHTYPE_AT_FAULT,CHP_VEHTYPE_AT_FAULT,COUNT_SEVERE_INJ,COUNT_VISIBLE_INJ,COUNT_COMPLAINT_PAIN,COUNT_PED_KILLED,COUNT_PED_INJURED,COUNT_BICYCLIST_KILLED,COUNT_BICYCLIST_INJURED,COUNT_MC_KILLED,COUNT_MC_INJURED,PRIMARY_RAMP,SECONDARY_RAMP,LATITUDE,LONGITUDE,COUNTY,CITY,POINT_X,POINT_Y
91783611,2022,2022-05-27,9460,2022-05-23,0020,021468,,1,3,9,2400,0,1,3,,2,002,"SR-99 S/B","FRANKLIN RD",1584.00,N,N,A,-,Y,MER,,99,,,18.789,H,,L,Y,3,0,1,1,A,-,08,22107,,N,F,A,A,A,H,-,D,D,0,,,,,Y,,A,01,0,1,0,0,0,0,0,0,0,"- ","- ",37.323188781738281,-120.54759979248047,MERCED,UNINCORPORATED,-120.54757690429688,37.323234558105469
9178406,2020,2021-01-07,2406,2020-10-14,0337,260,2,3,5,5,2406,0,0,0,,0,020,"S PARSONS AV","DINKEY CREEK AV",291.00,S,N,A,-,N,,,,,,,,,,Y,4,0,1,1,A,-,01,23152,F,N,E,I,A,A,H,-,C,D,0,,,,,Y,,A,01,0,0,1,0,0,0,0,0,0,"- ","- ",,,MERCED,MERCED,-120.45137023925781,37.284252166748047
9178407,2020,2021-01-07,2406,2020-10-02,1051,201,CENTR,5,5,5,2406,0,0,0,,0,021,"R ST","WEST 14TH ST",96.00,N,N,F,-,N,,,,,,,,,,Y,3,0,3,2,A,-,03,22350,,N,C,C,A,A,H,-,A,A,0,,,,,Y,,A,08,0,1,2,0,0,0,0,0,0,"- ","- ",,,MERCED,MERCED,-120.49414825439453,37.301670074462891
9178408,2020,2021-01-07,2406,2020-10-10,1752,128,NORTH,6,5,5,2406,0,0,0,,0,011,"WEST OLIVE AV","MEADOWS AV",0.00,,Y,A,-,N,,,,,,,,,,N,3,0,1,2,A,-,17,21451,A,F,D,G,A,A,H,-,A,A,0,,Y,,,Y,,A,07,0,1,0,0,0,0,1,0,0,"- ","- ",,,MERCED,MERCED,-120.49043273925781,37.319259643554688
9178409,2020,2021-01-07,2406,2020-10-12,0600,256,2,1,5,5,2406,0,0,0,,0,021,"V ST","WEST 14TH ST",0.00,,Y,A,-,N,,,,,,,,,,Y,4,0,1,2,A,-,12,21453,A,N,D,C,A,A,H,-,C,A,0,,,,,Y,,A,01,0,0,1,0,0,0,0,0,0,"- ","- ",,,MERCED,MERCED,-120.50041961669922,37.303470611572266
9178410,2020,2021-01-07,2406,2020-10-30,2047,291,1,5,5,5,2406,0,0,0,,0,010,"G ST","PARK AV",3.00,N,N,A,-,N,,,,,,,,,,Y,4,0,1,2,A,-,03,22350,,F,C,C,A,A,H,-,C,D,0,,,,,Y,,-,99,0,0,1,0,0,0,0,0,0,"- ","- ",,,MERCED,MERCED,-120.46952056884766,37.311866760253906
91784629,2022,2022-05-31,9460,2022-05-19,0142,021511,,4,3,9,2400,0,3,5,,2,080,"SR-59 S/B","SANDY MUSH ROAD",1230.00,N,N,A,-,N,,,,,,,,,,N,3,0,1,1,A,-,08,22107,,N,F,A,A,A,H,-,D,D,0,,,,,Y,,A,01,0,1,0,0,0,0,0,0,0,"- ","- ",37.189208984375,-120.48827362060547,MERCED,UNINCORPORATED,-120.48820495605469,37.189208984375
91784634,2022,2022-05-31,9460,2022-05-20,2500,019005,,5,4,9,2400,0,1,3,,2,002,"SR-99 S/B","E. ATWATER BLVD.",528.00,N,N,A,G,Y,MER,,99,,,21.712,H,,L,N,4,0,1,2,A,-,03,22350,,F,C,C,A,A,D,-,C,D,0,,,,,Y,,-,99,0,0,1,0,0,0,0,0,0,"- ","- ",37.340030670166016,-120.5953369140625,MERCED,UNINCORPORATED,-120.59534454345703,37.340072631835938
91784686,2022,2022-05-31,9460,2022-05-21,0253,020857,,6,3,9,2400,0,3,5,,2,020,"CLAUSEN RD","YOUNGSTOWN RD",645.00,W,N,A,-,N,,,,,,,,,,Y,3,0,1,1,A,-,01,23152,A,N,E,I,A,A,H,-,D,D,0,,,,,Y,Y,A,01,0,1,0,0,0,0,0,0,0,"- ","- ",37.222240447998047,-120.49263763427734,MERCED,UNINCORPORATED,-120.82389831542969,37.456180572509766
91785256,2022,2022-05-31,9460,2022-05-23,1624,019838,,1,2,9,2400,0,1,3,,2,001,"SR-99 SOUTHBOUND","SHANKS ROAD",600.00,S,N,A,-,Y,MER,,99,,R,34.252,H,,L,N,4,0,1,2,A,-,03,22350,,N,C,C,A,A,H,-,A,D,0,,,,,Y,,A,01,0,0,1,0,0,0,0,0,0,"- ","- ",37.435108184814453,-120.78127288818359,MERCED,UNINCORPORATED,-120.78119659423828,37.435169219970703
91785336,2022,2022-05-31,9461,2022-05-27,1638,021312,,5,2,9,2400,0,1,3,,1,103,"SR-33 N/B","HENRY MILLER AVENUE",0.00,,Y,A,-,Y,MER,,33,,R,16.255,H,,R,Y,2,0,2,2,A,-,09,21802,A,N,D,C,A,A,H,-,A,D,0,,,,,Y,,D,22,1,0,1,0,0,0,0,0,0,"- ","- ",37.100639343261719,-121.01582336425781,MERCED,UNINCORPORATED,-121.01577758789062,37.100639343261719
91785644,2022,2022-06-01,9460,2022-05-23,1008,016476,,1,1,9,2400,0,3,5,,2,020,"TURLOCK RD","LOONEY RD",0.00,,Y,A,-,N,,,,,,,,,,Y,3,0,1,2,A,-,03,22350,,N,D,C,A,A,H,-,A,D,0,,,,Y,Y,,A,07,0,1,0,0,0,0,0,0,0,"- ","- ",37.476848602294922,-120.631103515625,MERCED,UNINCORPORATED,-120.63079071044922,37.476871490478516
91785742,2022,2022-06-01,9460,2022-05-23,2255,019005,,1,3,5,2406,0,1,3,,2,003,"SR-99 N/B","M.L.K. JR. WAY",5.00,S,N,A,-,Y,MER,,99,,,14.681,H,,R,Y,4,0,1,1,A,-,08,22107,,N,B,I,A,A,D,E,D,D,0,,,,Y,Y,,F,25,0,0,1,0,0,0,0,0,0,"- ","- ",37.296459197998047,-120.48249053955078,MERCED,MERCED,-120.48241424560547,37.296592712402344
91785759,2022,2022-06-01,9460,2022-05-28,1432,019838,,6,2,9,2400,0,3,5,,2,060,"E SOUTH BEAR CREEK","PARSONS AVENUE",1056.00,W,N,A,-,N,,,,,,,,,,N,3,0,2,2,A,-,09,21804,A,N,D,C,A,A,H,-,A,D,0,,,,,Y,,A,01,0,1,1,0,0,0,0,0,0,"- ","- ",37.309398651123047,-120.45305633544922,MERCED,UNINCORPORATED,-120.45482635498047,37.308933258056641
91785774,2022,2022-06-01,9460,2022-05-27,1627,019918,,5,2,9,2400,0,1,3,,2,002,"SR-99 S/B","EAST ATWATER BOULEVARD",110.00,N,N,A,-,Y,MER,,99,,,21.667,H,,L,Y,4,0,5,4,A,-,03,22350,,N,C,C,A,A,D,-,A,D,0,,,,,Y,,A,07,0,0,5,0,0,0,0,0,0,"- ","- ",37.340129852294922,-120.59451293945312,MERCED,UNINCORPORATED,-120.59451293945312,37.340152740478516
91785878,2022,2022-06-01,9460,2022-05-31,0540,016917,,2,3,9,2400,0,3,5,,2,030,"WALNUT AVE","VINE AVE",0.00,,Y,A,-,N,,,,,,,,,,Y,3,0,2,2,A,-,12,22450,A,N,D,C,A,A,H,-,B,A,0,,,,,Y,,D,22,0,1,1,0,0,0,0,0,0,"- ","- ",37.389350891113281,-120.63163757324219,MERCED,UNINCORPORATED,-120.63166046142578,37.389347076416016
91785988,2022,2023-09-11,9460,2022-05-28,2140,021468,,6,2,9,2400,0,3,5,,2,010,"MCCULLAGH ROAD","3RD AVENUE",0.00,,Y,A,-,N,,,,,,,,,,Y,3,0,3,2,A,-,01,23152,A,N,D,C,A,A,H,-,D,A,0,,,,,Y,Y,A,01,0,3,0,0,0,0,0,0,0,"- ","- ",37.32781982421875,-120.87837982177734,MERCED,UNINCORPORATED,-120.87837982177734,37.327831268310547
91786229,2022,2022-06-01,9460,2022-05-29,1820,018292,,7,2,9,2400,0,1,3,,1,590,SR-59,"YOUD RD.",4594.00,S,N,A,-,Y,MER,,59,,,25.673,H,,R,N,4,0,1,1,A,-,08,22107,,N,E,I,A,A,H,-,A,A,0,,,,,Y,,A,01,0,0,1,0,0,0,0,0,0,"- ","- ",37.450950622558594,-120.50025177001953,MERCED,UNINCORPORATED,-120.50035095214844,37.451038360595703
91786515,2022,2022-06-02,9461,2022-05-21,1255,020486,,6,1,9,2400,0,1,3,,1,152,"STATE HIGHWAY 152","ROCK BRIDGE",1000.00,W,N,A,-,Y,MER,,152,,R,5.490,H,,R,N,4,0,1,3,A,-,03,22350,,N,C,C,A,A,H,-,E,D,0,,,,,Y,,A,07,0,0,1,0,0,0,0,0,0,"- ","- ",37.103858947753906,-121.13413238525391,MERCED,UNINCORPORATED,-121.13401031494141,37.103668212890625
91786516,2022,2022-06-02,9461,2022-05-25,1105,020486,,3,1,9,2400,0,3,5,,2,010,"STATE HIGHWAY 152","VOLTA ROAD",50.00,E,N,A,-,Y,MER,,152,,,16.261,H,,R,N,3,0,2,2,A,-,03,22350,,N,C,C,A,A,H,-,A,D,0,,,,,Y,,A,08,0,1,1,0,0,0,0,0,0,"- ","- ",37.056491851806641,-120.92607116699219,MERCED,UNINCORPORATED,-120.92607116699219,37.056468963623047
91786830,2022,2022-06-02,9460,2022-05-25,2126,020156,,3,2,9,2400,0,2,4,,1,041,"SANTA FE DR","SPACEPORT ENTRY",1056.00,E,N,A,-,N,,,,,,,,,,Y,4,0,1,2,A,-,03,22350,,N,C,C,A,A,H,-,D,D,0,,,,,Y,,A,01,0,0,1,0,0,0,0,0,0,"- ","- ",37.357128143310547,-120.567138671875,MERCED,UNINCORPORATED,-120.56742858886719,37.357181549072266
91787883,2022,2022-06-03,9460,2022-06-02,1150,018966,,4,1,5,2406,0,1,3,,2,003,"SR-99 N/B",SR-140,1056.00,S,N,A,-,Y,MER,,99,,,13.591,H,,R,Y,4,0,2,4,A,-,03,22350,,N,C,C,A,A,D,-,A,D,0,,,,,Y,,D,22,0,0,2,0,0,0,0,0,0,"- ","- ",37.292461395263672,-120.46414184570312,MERCED,MERCED,-120.46405792236328,37.292568206787109
91788987,2022,2022-06-06,9460,2022-05-26,2028,019918,,4,2,9,2400,0,3,5,,2,080,"DOPPLER ROAD","HEALEY ROAD",291.00,N,N,A,-,N,,,,,,,,,,Y,4,0,2,1,A,-,08,22107,,N,E,I,A,A,H,-,D,D,0,,,,,Y,,A,01,0,0,2,0,0,0,0,0,0,"- ","- ",,,MERCED,UNINCORPORATED,-120.43497467041016,37.270099639892578
91789254,2022,2022-06-06,9460,2022-05-27,1735,019838,,5,2,9,2400,0,1,3,,2,002,"SR-99 N/B FROM W. 16TH ST.","MILES CT.",972.00,N,N,A,-,Y,,,,,,,,,,Y,3,0,1,1,A,-,01,23152,A,N,E,I,A,A,H,-,A,D,0,,,,,Y,Y,A,07,0,1,0,0,0,0,0,0,0,"- ","- ",37.310859680175781,-120.51203155517578,MERCED,UNINCORPORATED,-120.51203155517578,37.310859680175781
91789942,2022,2022-06-07,9460,2022-05-30,2000,019918,,1,2,9,2400,0,3,5,,2,080,"GERARD AVENUE","TYLER AVE",590.00,W,N,A,-,N,,,,,,,,,,N,4,0,1,2,A,-,03,22350,,N,C,C,A,A,H,-,A,D,0,,,,,Y,,A,01,0,0,1,0,0,0,0,0,0,"- ","- ",37.2806396484375,-120.47186279296875,MERCED,UNINCORPORATED,-120.47181701660156,37.280632019042969
91789983,2022,2022-06-07,9460,2022-05-30,2005,019838,,1,2,9,2400,0,1,3,,2,002,"SR-99 NORTHBOUND","APPLEGATE ROAD",1056.00,S,N,A,-,Y,MER,,99,,,21.643,H,,R,Y,3,0,2,4,A,-,03,22350,,M,C,C,A,A,D,-,B,D,0,,,,,Y,,A,01,0,1,1,0,0,0,0,0,0,"- ","- ",37.340309143066406,-120.59446716308594,MERCED,UNINCORPORATED,-120.59447479248047,37.340328216552734
91790405,2022,2022-06-07,9460,2022-06-02,1650,019838,,4,2,9,2400,0,3,5,,2,080,"SANDY MUSH RD","GURR ROAD",1056.00,W,N,A,-,N,,,,,,,,,,N,4,0,1,1,A,-,08,22107,,N,E,I,A,A,A,-,A,A,0,,,,,Y,,A,01,0,0,1,0,0,0,0,0,0,"- ","- ",37.185829162597656,-120.57035827636719,MERCED,UNINCORPORATED,-120.56519317626953,37.185882568359375
91790425,2022,2022-06-07,9461,2022-05-26,1640,021056,,4,2,9,2400,0,2,4,,1,115,"HENRY MILLER AVE E/B","WILSON RD",0.00,,Y,A,-,Y,,,,,,,,,,N,4,0,1,2,A,-,05,21752,D,N,B,C,A,A,H,-,A,D,0,,,,,Y,,D,22,0,0,1,0,0,0,0,0,0,"- ","- ",37.099960327148438,-120.87120819091797,MERCED,UNINCORPORATED,-120.87120056152344,37.099971771240234
91790439,2022,2022-06-07,9461,2022-05-27,2025,021056,,5,2,9,2400,0,3,5,,2,030,"SR-33 S/B","CARMELLIA AVE",0.00,,Y,A,-,Y,MER,,33,,,1.888,H,,L,N,3,0,1,2,A,-,09,21802,A,N,D,C,A,A,H,-,B,A,0,,,Y,,Y,,D,22,0,1,0,0,0,0,0,0,1,"- ","- ",36.996330261230469,-120.63561248779297,MERCED,UNINCORPORATED,-120.63565063476562,36.996330261230469
91790779,2022,2022-06-08,9460,2022-06-02,1815,018603,,4,2,9,2400,0,1,3,,2,002,"SR-99 N/B","ATWATER BLVD",200.00,N,N,A,-,Y,MER,,99,,,21.615,H,,R,Y,4,0,2,6,A,-,03,22350,,N,C,C,A,A,D,-,A,D,0,,,,,Y,,A,01,0,0,2,0,0,0,0,0,0,"- ","- ",37.340179443359375,-120.59394836425781,MERCED,UNINCORPORATED,-120.59397125244141,37.340366363525391
91790995,2022,2022-06-08,9460,2022-06-04,0732,018922,,6,1,9,2400,0,1,3,,2,003,"SR-99 S/B","R STREET",10.00,N,N,B,-,Y,MER,,99,,,15.430,H,,L,N,4,0,2,2,A,-,01,23152,A,N,B,C,A,A,D,E,A,D,0,,,,,Y,Y,A,01,0,0,2,0,0,0,0,0,0,"- ","- ",37.300868988037109,-120.49474334716797,MERCED,UNINCORPORATED,-120.49472045898438,37.300907135009766
91791041,2022,2022-06-08,9460,2022-06-06,0953,018922,,1,1,9,2400,0,1,3,,2,003,"SR-99 S/B","V STREET",2112.00,N,N,A,-,Y,MER,,99,,,16.185,H,,L,Y,3,0,1,1,A,-,08,22107,,N,E,8,A,A,D,E,A,D,0,,,,Y,Y,,F,26,0,1,0,0,0,0,0,0,0,"- ","- ",37.305580139160156,-120.50729370117188,MERCED,UNINCORPORATED,-120.50729370117188,37.305572509765625
91791134,2022,2022-06-08,9460,2022-05-30,1658,019918,,1,2,9,2400,0,3,5,,2,070,"ARBOLEDA DR","OWENS CREEK",30.00,N,N,A,-,N,,,,,,,,,,N,3,0,3,1,A,-,08,22107,,N,E,I,A,A,H,-,A,D,0,,,,,Y,,A,01,0,1,2,0,0,0,0,0,0,"- ","- ",37.264389038085938,-120.37934112548828,MERCED,UNINCORPORATED,-120.37915802001953,37.264453887939453
91791170,2022,2022-06-08,9460,2022-06-04,1437,021407,,6,2,9,2400,0,1,3,,2,003,"SR-99 N/B","V STREET",210.00,N,N,A,-,Y,MER,,99,,,15.826,H,,R,N,3,0,1,1,A,-,03,22350,,N,F,A,A,A,H,-,A,D,0,,,Y,,Y,,C,02,0,1,0,0,0,0,0,0,1,"- ","- ",37.303600311279297,-120.5010986328125,MERCED,UNINCORPORATED,-120.50117492675781,37.303478240966797
91791299,2022,2022-06-08,9460,2022-05-29,1129,018922,,7,1,9,2400,0,1,3,,1,591,SR-59,"MISSION AVENUE",0.00,,Y,A,-,Y,MER,,59,,,13.136,H,,R,Y,1,1,4,2,A,-,12,22450,A,N,D,2,A,A,H,-,A,A,0,,,,,Y,,A,01,0,4,0,0,0,0,0,0,0,"- ","- ",37.273818969726562,-120.48790740966797,MERCED,UNINCORPORATED,-120.48783874511719,37.273818969726562
91791399,2022,2022-06-08,9460,2022-06-06,1435,018603,,1,2,9,2400,0,3,5,,2,020,"NORTH AVE","VINCENT RD.",0.00,,Y,A,-,N,,,,,,,,,,Y,4,0,1,2,A,-,12,22450,A,N,D,C,A,A,H,-,A,A,0,,,,,Y,,D,22,0,0,1,0,0,0,0,0,0,"- ","- ",37.441230773925781,-120.77655029296875,MERCED,UNINCORPORATED,-120.77657318115234,37.441242218017578
91791735,2022,2022-06-09,9460,2022-06-04,1424,021320,,6,2,9,2400,0,3,5,,2,020,"AUGUST AVE","COUNTRYSIDE AVE",20.00,S,N,A,-,N,,,,,,,,,,N,4,0,1,2,A,-,03,22350,,N,C,C,A,A,H,-,A,A,0,,,,,Y,,A,01,0,0,1,0,0,0,0,0,0,"- ","- ",37.419528961181641,-120.78170013427734,MERCED,UNINCORPORATED,-120.78154754638672,37.419528961181641
91792107,2022,2022-07-26,9461,2022-05-28,1840,021312,,6,2,9,2400,0,1,1,,2,205,"I-5 N/B","CANYON ROAD",1320.00,S,N,A,-,Y,MER,,5,,,11.744,H,,R,N,4,0,1,2,A,-,03,22350,,M,C,C,A,A,H,-,A,D,0,,,,,Y,,A,01,0,0,1,0,0,0,0,0,0,"- ","- ",36.989559173583984,-120.90572357177734,MERCED,UNINCORPORATED,-120.90571594238281,36.98956298828125
91793767,2022,2022-06-13,9460,2022-04-27,2500,018673,,3,4,9,2400,0,2,4,,1,051,"SNELLING ROAD",SR-59,0.00,,Y,A,-,Y,MER,,59,,,32.250,H,,R,Y,1,1,0,1,A,-,12,22450,A,N,E,8,A,A,H,-,A,A,0,,,,,Y,,A,01,0,0,0,0,0,0,0,0,0,"- ","- ",37.515979766845703,-120.45294952392578,MERCED,UNINCORPORATED,-120.45294189453125,37.515926361083984
91793775,2022,2022-06-13,9461,2022-06-03,0325,021280,,5,3,9,2400,0,1,3,,1,152,"SR-152 E/B","BASALT RD.",3168.00,W,N,A,-,Y,,,,,,,,,,Y,3,0,1,1,A,-,08,22107,,N,E,I,A,A,H,-,D,D,0,,,,,Y,,A,01,0,1,0,0,0,0,0,0,0,"- ","- ",,,MERCED,UNINCORPORATED,-121.06621551513672,37.065933227539062
91794176,2022,2022-06-13,9460,2022-06-09,1438,019918,,4,2,9,2400,0,3,5,,2,020,"EL CAPITAN WAY","CORTEZ AVENUE",4224.00,E,N,A,-,N,,,,,,,,,,Y,2,0,1,1,A,-,08,22107,,N,E,I,A,A,H,-,A,D,0,,,,,Y,,D,22,1,0,0,0,0,0,0,0,0,"- ","- ",37.433788299560547,-120.72643280029297,MERCED,UNINCORPORATED,-120.72572326660156,37.433677673339844
91794215,2022,2022-06-13,9461,2022-06-08,1605,021387,,3,2,9,2400,0,1,3,,1,153,"SR-152 EASTBOUND","BILL WRIGHT RD",2640.00,E,N,A,-,Y,MER,,152,,,15.159,H,,R,Y,4,0,1,2,A,-,03,22350,,N,C,C,A,A,H,-,A,D,0,,,,,Y,,A,07,0,0,1,0,0,0,0,0,0,"- ","- ",37.056629180908203,-120.94600677490234,MERCED,UNINCORPORATED,-120.94600677490234,37.056625366210938
91794621,2022,2022-06-14,9460,2022-05-05,1345,019286,,4,1,5,2406,0,1,3,,2,003,"SR-99 N/B","CHILDS AVENUE",1584.00,S,N,A,-,Y,MER,,99,,R,12.603,H,,R,Y,2,0,1,1,A,-,08,22107,,N,E,8,A,A,D,-,A,D,0,,,,Y,Y,,G,27,1,0,0,0,0,0,0,0,0,"- ","- ",37.282848358154297,-120.449951171875,MERCED,MERCED,-120.44998931884766,37.282817840576172
91794664,2022,2022-06-14,9461,2022-06-06,1702,019052,,1,2,9,2400,0,2,4,,1,415,"HENRY MILLER AVE","BAKER RD",5808.00,W,N,A,-,N,,,,,,,,,,Y,2,0,1,1,A,-,01,23152,A,N,F,I,A,A,H,-,A,A,0,,,,,Y,Y,A,01,1,0,0,0,0,0,0,0,0,"- ","- ",37.099311828613281,-120.79588317871094,MERCED,UNINCORPORATED,-120.79521942138672,37.099269866943359
91794696,2022,2022-06-14,9460,2022-06-07,1059,018922,,2,1,9,2400,0,1,3,,2,002,"SR-99 S/B","APPLEGATE ROAD",1584.00,S,N,A,-,Y,MER,,99,,,22.558,H,,L,N,4,0,1,2,A,-,08,22107,,M,B,C,A,A,D,E,A,D,0,,,,Y,Y,,-,"- ",0,0,1,0,0,0,0,0,0,"- ","- ",37.343311309814453,-120.61004638671875,MERCED,UNINCORPORATED,-120.61003875732422,37.343330383300781
91794791,2022,2022-06-14,9460,2022-06-12,1230,016917,,7,1,9,2400,0,3,5,,2,020,"SHANKS RD","DARLINGTON ST",0.00,,Y,A,-,N,,,,,,,,,,Y,3,0,1,2,A,-,03,22350,,N,C,C,A,A,H,-,A,D,0,,,Y,,Y,,C,02,0,1,0,0,0,0,0,0,1,"- ","- ",37.424121856689453,-120.78621673583984,MERCED,UNINCORPORATED,-120.78621673583984,37.423915863037109
91794801,2022,2022-06-14,9460,2022-06-13,1243,018922,,1,1,9,2400,0,1,3,,2,003,"SR-99 N/B","V STREET",1056.00,N,N,A,-,Y,MER,,99,,,15.991,H,,R,Y,4,0,5,3,A,-,03,22350,,N,C,C,A,A,D,E,A,D,0,,,,Y,Y,,G,25,0,0,5,0,0,0,0,0,0,"- ","- ",37.304489135742188,-120.50380706787109,MERCED,UNINCORPORATED,-120.50382995605469,37.304454803466797
91794836,2022,2022-06-14,9460,2022-06-11,0730,016917,,6,1,9,2400,0,2,4,,1,042,"SANTA FE DR","SHAFFER RD",70.00,E,N,A,-,N,,,,,,,,,,Y,3,0,2,3,A,-,03,22350,,N,C,C,A,A,H,-,A,A,0,,,,,Y,,D,22,0,1,1,0,0,0,0,0,0,"- ","- ",37.374488830566406,-120.59528350830078,MERCED,UNINCORPORATED,-120.59535217285156,37.374469757080078
91794873,2022,2022-06-14,9460,2022-06-10,2200,020840,,5,3,9,2400,0,1,3,,2,001,"SR-99 N/B","GRIFFITH RD",1056.00,S,N,A,-,Y,MER,,99,,R,36.653,H,,R,N,4,0,1,2,A,-,07,21658,A,N,B,C,A,A,H,-,D,D,0,,,,,Y,,A,07,0,0,1,0,0,0,0,0,0,"- ","- ",37.459270477294922,-120.81168365478516,MERCED,UNINCORPORATED,-120.81166839599609,37.45928955078125
91795063,2022,2022-06-14,9460,2022-06-03,1800,019838,,5,2,9,2400,0,3,5,,2,040,"WALNUT AVE","CALIFORNIA AVENUE",130.00,W,N,A,-,N,,,,,,,,,,N,2,0,1,1,A,-,08,22107,,N,E,I,A,A,H,-,A,D,0,,,,,Y,,M,96,1,0,0,0,0,0,0,0,0,"- ","- ",37.389461517333984,-120.60906219482422,MERCED,UNINCORPORATED,-120.60936737060547,37.389427185058594
91795079,2022,2022-06-14,9461,2022-06-06,2020,021387,,1,2,9,2400,0,1,3,,1,103,"SR-33 N/B","COTTONWOOD RD",20.00,N,N,A,-,Y,MER,,33,,,22.446,H,,R,Y,3,0,1,2,A,-,01,23152,A,N,B,C,A,A,H,-,B,D,0,,,,Y,Y,Y,A,01,0,1,0,0,0,0,0,0,0,"- ","- ",37.187801361083984,-121.01265716552734,MERCED,UNINCORPORATED,-121.01265716552734,37.187801361083984
91795120,2022,2022-06-14,9460,2022-05-18,1530,019286,,3,2,9,2400,0,1,3,,1,142,SR-140,"FRANKLIN ROAD",28.00,W,N,A,-,Y,MER,,140,,,33.557,H,,R,Y,4,0,1,2,A,-,03,22350,,N,C,C,A,A,H,-,A,D,0,,,,Y,Y,,D,22,0,0,1,0,0,0,0,0,0,"- ","- ",37.302639007568359,-120.54097747802734,MERCED,UNINCORPORATED,-120.54097747802734,37.302650451660156
91795154,2022,2022-06-14,9461,2022-06-09,0024,021280,,4,3,9,2400,0,1,3,,1,265,SR-165,"PHILLIPS RD.",1056.00,N,N,A,-,N,,,,,,,,,,Y,2,0,1,2,A,-,01,23152,A,N,F,A,A,A,H,-,C,D,0,,,,,Y,Y,A,01,1,0,0,0,0,0,0,0,0,"- ","- ",37.037860870361328,-120.83598327636719,MERCED,UNINCORPORATED,-120.83589935302734,37.037857055664062
91796106,2022,2022-06-15,9460,2022-06-08,1955,017343,,3,2,9,2400,0,1,3,,1,143,SR-140,"GURR ROAD",0.00,,Y,A,-,Y,MER,,140,,,32.520,H,,R,Y,3,0,2,2,A,-,09,21801,A,N,D,C,A,A,H,-,A,D,0,,,,,Y,,A,01,0,2,0,0,0,0,0,0,0,"- ","- ",37.302509307861328,-120.55947113037109,MERCED,UNINCORPORATED,-120.55947113037109,37.302486419677734
91796120,2022,2022-06-15,9460,2022-06-09,2010,018778,,4,2,9,2400,0,2,4,,1,071,"SANTA FE AVE","CHILDS AVE",145.00,S,N,A,-,N,,,,,,,,,,N,3,0,1,1,A,-,17,21367,C,N,E,I,A,A,D,-,B,A,0,,,,,Y,Y,A,07,0,1,0,0,0,0,0,0,0,"- ","- ",37.287509918212891,-120.31960296630859,MERCED,UNINCORPORATED,-120.31946563720703,37.287582397460938
91796527,2022,2022-06-16,9460,2022-06-11,0255,021530,,6,3,9,2400,0,3,5,,2,050,"BELCHER AVE",SR-59,3696.00,W,N,A,-,N,,,,,,,,,,Y,3,0,1,1,A,-,01,23152,A,N,E,E,A,A,H,-,D,D,0,,,,,Y,Y,A,01,0,1,0,0,0,0,0,0,0,"- ","- ",37.339061737060547,-120.51683044433594,MERCED,UNINCORPORATED,-120.51699829101562,37.339092254638672
91796540,2022,2022-06-16,9460,2022-06-12,0555,018422,,7,3,9,2400,0,1,3,,2,002,"SR-99 (S/B)","ATWATER-MERCED EXPRESSWAY",1056.00,S,N,A,-,Y,MER,,99,,R,19.840,H,,L,Y,4,0,1,2,A,-,08,22107,,N,C,C,A,A,H,-,A,D,0,,,,,Y,,A,01,0,0,1,0,0,0,0,0,0,"- ","- ",37.330150604248047,-120.56453704833984,MERCED,UNINCORPORATED,-120.56451416015625,37.330169677734375