CASE_ID,ACCIDENT_YEAR,PROC_DATE,JURIS,COLLISION_DATE,COLLISION_TIME,OFFICER_ID,REPORTING_DISTRICT,DAY_OF_WEEK,CHP_SHIFT,POPULATION,CNTY_CITY_LOC,SPECIAL_COND,BEAT_TYPE,CHP_BEAT_TYPE,CITY_DIVISION_LAPD,CHP_BEAT_CLASS,BEAT_NUMBER,PRIMARY_RD,SECONDARY_RD,DISTANCE,DIRECTION,INTERSECTION,WEATHER_1,WEATHER_2,STATE_HWY_IND,CALTRANS_COUNTY,CALTRANS_DISTRICT,STATE_ROUTE,ROUTE_SUFFIX,POSTMILE_PREFIX,POSTMILE,LOCATION_TYPE,RAMP_INTERSECTION,SIDE_OF_HWY,TOW_AWAY,COLLISION_SEVERITY,NUMBER_KILLED,NUMBER_INJURED,PARTY_COUNT,PRIMARY_COLL_FACTOR,PCF_CODE_OF_VIOL,PCF_VIOL_CATEGORY,PCF_VIOLATION,PCF_VIOL_SUBSECTION,HIT_AND_RUN,TYPE_OF_COLLISION,MVIW,PED_ACTION,ROAD_SURFACE,ROAD_COND_1,ROAD_COND_2,LIGHTING,CONTROL_DEVICE,CHP_ROAD_TYPE,PEDESTRIAN_ACCIDENT,BICYCLE_ACCIDENT,MOTORCYCLE_ACCIDENT,TRUCK_ACCIDENT,NOT_PRIVATE_PROPERTY,ALCOHOL_INVOLVED,STWD_VEHTYPE_AT_FAULT,CHP_VEHTYPE_AT_FAULT,COUNT_SEVERE_INJ,COUNT_VISIBLE_INJ,COUNT_COMPLAINT_PAIN,COUNT_PED_KILLED,COUNT_PED_INJURED,COUNT_BICYCLIST_KILLED,COUNT_BICYCLIST_INJURED,COUNT_MC_KILLED,COUNT_MC_INJURED,PRIMARY_RAMP,SECONDARY_RAMP,LATITUDE,LONGITUDE,COUNTY,CITY,POINT_X,POINT_Y
91796821,2022,2022-06-16,9461,2022-06-12,1910,021619,,7,2,9,2400,0,1,3,,1,152,"SR-152 E/B","BILLY WRIGHT ROAD",2640.00,E,N,A,-,Y,,,,,,,,,,N,3,0,1,2,A,-,08,22107,,M,D,C,A,A,H,-,A,D,0,,,,,Y,,-,99,0,1,0,0,0,0,0,0,0,"- ","- ",37.050239562988281,-120.94944000244141,MERCED,UNINCORPORATED,-120.94506072998047,37.056629180908203
91796849,2022,2022-06-16,9460,2022-06-04,1540,019838,,6,2,9,2400,0,3,5,,2,090,"BERT CRANE ROAD","ROSE AVENUE",0.00,,Y,A,-,N,,,,,,,,,,Y,2,0,5,2,B,-,22,,,N,D,C,A,A,H,-,A,A,0,,,,,Y,,J,41,2,3,0,0,0,0,0,0,0,"- ","- ",37.323829650878906,-120.6328125,MERCED,UNINCORPORATED,-120.63277435302734,37.323799133300781
91796986,2022,2022-06-16,9460,2022-06-16,0806,016476,,4,1,3,2404,0,1,3,,2,002,"SR-99 S/B","WINTON PKY",1584.00,S,N,A,-,Y,MER,,99,,R,30.109,H,,L,Y,4,0,1,2,A,-,07,21658,A,N,C,C,A,A,H,-,A,D,0,,,,Y,Y,,G,25,0,0,1,0,0,0,0,0,0,"- ","- ",37.388690948486328,-120.73198699951172,MERCED,LIVINGSTON,-120.73200225830078,37.388648986816406
91798726,2022,2022-06-20,9460,2022-06-14,0330,020840,,2,3,9,2400,0,3,5,,2,030,"ASHBY ROAD","FRANKLIN RD",1095.00,W,N,A,-,N,,,,,,,,,,N,3,0,1,1,A,-,08,22107,,M,E,I,A,A,H,-,D,D,0,,,,,Y,,-,99,0,1,0,0,0,0,0,0,0,"- ","- ",37.3231201171875,-120.54283905029297,MERCED,UNINCORPORATED,-120.54584503173828,37.323127746582031
91799176,2022,2022-06-20,9460,2022-06-20,0545,015305,,1,3,9,2400,0,3,5,,2,020,"OAKDALE ROAD","DRY CREEK",120.00,W,N,A,-,N,,,,,,,,,,Y,3,0,1,1,A,-,08,22107,,N,E,I,A,A,H,-,D,D,0,,,,,Y,,D,22,0,1,0,0,0,0,0,0,0,"- ","- ",37.460018157958984,-120.51423645019531,MERCED,UNINCORPORATED,,
91799604,2022,2022-06-21,9460,2022-06-12,2343,021150,,7,3,9,2400,0,1,3,,2,002,"SR-99 S/B","FRANKLIN ROAD",528.00,N,N,A,-,Y,MER,,99,,,18.636,H,,L,N,3,0,6,2,A,-,03,22350,,N,C,C,A,A,H,-,D,D,0,,,,,Y,,D,22,0,6,0,0,0,0,0,0,0,"- ","- ",37.322299957275391,-120.54508972167969,MERCED,UNINCORPORATED,-120.54508209228516,37.322319030761719
9179970,2020,2020-12-01,2406,2020-09-30,1637,162,3,3,5,5,2406,0,0,0,,0,030,"RT 59","WEST 12TH ST",0.00,,Y,A,-,Y,MER,10,59,-,-,14.650,I,5,N,N,4,0,1,2,A,-,09,21801,A,N,D,C,A,A,H,-,A,A,0,,,,,Y,,A,01,0,0,1,0,0,0,0,0,0,"- ","- ",,,MERCED,MERCED,-120.48339080810547,37.295032501220703
9179974,2020,2020-11-24,2406,2020-09-30,1456,162,2,3,5,5,2406,0,0,0,,0,021,"V ST","WEST 16TH ST",45.00,N,N,A,-,N,,,,,,,,,,N,2,0,1,1,A,-,15,26453,,N,E,I,A,A,H,-,A,A,0,,,Y,,Y,,C,02,1,0,0,0,0,0,0,0,1,"- ","- ",,,MERCED,MERCED,-120.49893951416016,37.306041717529297
91799946,2022,2022-06-21,9460,2022-05-15,1935,019286,,7,2,9,2400,0,3,5,,2,060,"CHILDS AVENUE","CRISPI DRIVE",60.00,E,N,A,-,N,,,,,,,,,,N,4,0,1,1,A,-,08,22107,,M,E,I,A,A,H,-,A,D,0,,,,,Y,,D,22,0,0,1,0,0,0,0,0,0,"- ","- ",37.287879943847656,-120.32238006591797,MERCED,UNINCORPORATED,-120.32244873046875,37.287921905517578
91800153,2022,2022-06-21,9461,2022-06-12,0905,020486,,7,1,9,2400,0,2,4,,1,110,"INGOMAR GRADE","SYLVESTER ROAD",1056.00,E,N,A,-,N,,,,,,,,,,N,4,0,2,1,A,-,08,22107,,N,E,I,A,A,H,-,A,D,0,,,,,Y,,A,01,0,0,2,0,0,0,0,0,0,"- ","- ",37.089031219482422,-120.90570068359375,MERCED,UNINCORPORATED,-120.90624237060547,37.0892333984375
91800292,2022,2022-06-21,9461,2022-06-18,0150,021280,,6,3,9,2400,0,3,5,,2,010,"MALTA RD.","HEARST RD.",528.00,W,N,A,-,N,,,,,,,,,,Y,3,0,2,1,A,-,01,23152,A,N,E,I,A,A,H,-,C,D,0,,,,,Y,Y,D,22,0,2,0,0,0,0,0,0,0,"- ","- ",37.144088745117188,-120.95657348632812,MERCED,UNINCORPORATED,,
91800322,2022,2022-06-21,9460,2022-04-08,0020,020840,,5,3,9,2400,0,1,3,,2,001,"SR-99 NORTHBOUND","BRADBURY ROAD",301.00,N,N,A,-,Y,MER,,99,,R,35.603,H,,R,N,1,1,0,2,C,-,18,,,F,H,A,A,A,H,-,D,D,0,,,,,Y,,-,"- ",0,0,0,0,0,0,0,0,0,"- ","- ",37.449321746826172,-120.79775238037109,MERCED,UNINCORPORATED,-120.79770660400391,37.449344635009766
91800328,2022,2022-08-15,9460,2022-04-30,2229,020156,,6,3,9,2400,0,1,3,,1,591,"STATE ROUTE 59","MISSION AVENUE",0.00,,Y,A,-,Y,MER,,59,,,13.131,H,,R,Y,1,1,0,2,C,-,18,,,N,D,C,A,A,H,-,C,A,0,,,,Y,Y,,-,"- ",0,0,0,0,0,0,0,0,0,"- ","- ",37.273750305175781,-120.48783111572266,MERCED,UNINCORPORATED,-120.48784637451172,37.273750305175781
91800335,2022,2022-06-21,9460,2022-06-18,1222,018922,,6,1,9,2400,0,3,5,,2,080,"BROOKS ROAD","BUHACH ROAD",2640.00,W,N,A,-,N,,,,,,,,,,N,3,0,1,1,A,-,03,22350,,N,F,A,A,A,E,-,A,D,0,,,,,Y,,M,96,0,1,0,0,0,0,0,0,0,"- ","- ",37.294960021972656,-120.58792877197266,MERCED,UNINCORPORATED,-120.58695220947266,37.294952392578125
91801200,2022,2022-06-22,9461,2022-06-13,2220,019052,,1,3,9,2400,0,1,3,,1,503,SR-165,"BLUE GOOSE",1584.00,S,N,A,-,Y,MER,,165,,,19.530,H,,R,Y,3,0,1,1,A,-,01,23152,A,N,F,A,A,A,H,-,D,D,0,,,,,Y,Y,A,01,0,1,0,0,0,0,0,0,0,"- ","- ",37.207878112792969,-120.84670257568359,MERCED,UNINCORPORATED,-120.84664916992188,37.207901000976562
9180144,2020,2020-11-16,2401,2020-10-17,1845,728,4,6,5,3,2401,0,0,0,,0,004,"ATWATER BL","WINTON WY",160.00,E,N,A,-,N,,,,,,,,,,N,3,0,1,2,A,-,11,21954,A,F,G,B,E,A,H,-,C,D,0,Y,,,,Y,,N,60,0,1,0,0,1,0,0,0,0,"- ","- ",37.346061706542969,-120.61004638671875,MERCED,ATWATER,-120.61146545410156,37.346794128417969
9180148,2020,2020-11-16,2401,2020-10-16,2300,726,,5,5,3,2401,0,0,0,,0,003,"E BROADWAY AV","E BROADWAY",20.00,N,N,A,-,N,,,,,,,,,,Y,3,0,1,1,A,-,08,22107,,N,E,I,A,A,H,-,C,D,0,,,,,Y,Y,D,22,0,1,0,0,0,0,0,0,0,"- ","- ",37.339839935302734,-120.58705139160156,MERCED,ATWATER,-120.59593963623047,37.342311859130859
91802021,2022,2022-06-23,9460,2022-06-21,1704,018603,,2,2,9,2400,0,3,5,,2,030,"DAN WARD RD.","ELM AVE.",330.00,W,N,A,-,N,,,,,,,,,,Y,4,0,1,3,A,-,08,22107,,N,B,C,A,A,H,-,A,D,0,,,,,Y,,A,01,0,0,1,0,0,0,0,0,0,"- ","- ",37.331710815429688,-120.53230285644531,MERCED,UNINCORPORATED,-120.53213500976562,37.331714630126953
91803064,2022,2022-06-24,9460,2022-06-23,1545,019918,,4,2,9,2400,0,3,5,,2,030,"OLIVE AVE","VINE AVENUE",104.00,W,N,A,-,N,,,,,,,,,,Y,3,0,1,2,A,-,03,22350,,N,C,C,A,A,H,-,A,D,0,,,,,Y,,A,01,0,1,0,0,0,0,0,0,0,"- ","- ",37.355258941650391,-120.63266754150391,MERCED,UNINCORPORATED,-120.63204956054688,37.396598815917969
91804302,2022,2022-06-27,9460,2022-06-20,2025,021320,,1,2,9,2400,0,2,4,,1,071,"SANTA FE AVE","DUMP YARD ROAD",26400.00,N,N,A,-,N,,,,,,,,,,N,2,0,1,1,A,-,08,22107,,N,E,I,A,A,H,-,A,D,0,,,,,Y,,A,01,1,0,0,0,0,0,0,0,0,"- ","- ",37.241539001464844,-120.26203918457031,MERCED,UNINCORPORATED,-120.31983184814453,37.287849426269531
91804322,2022,2022-06-27,9461,2022-06-22,1728,021619,,3,2,2,2403,0,1,1,,2,105,"I-5 NORTHBOUND TO SR-140",SR-140,400.00,S,N,A,-,Y,,,,,,,,,,N,2,0,1,2,A,-,08,22107,,N,B,E,A,A,H,-,A,D,0,,,,Y,Y,,A,01,1,0,0,0,0,0,0,0,0,"- ","- ",37.245281219482422,-121.08727264404297,MERCED,GUSTINE,-121.08867645263672,37.246028900146484
91804738,2022,2022-06-28,9460,2022-06-17,0205,020156,,5,3,9,2400,0,1,3,,2,002,"SR-99 S/B","WESTSIDE BLVD.",1584.00,N,N,A,-,Y,MER,,99,,,25.351,H,,L,Y,3,0,1,1,A,-,08,22107,,N,F,A,A,A,H,-,D,D,0,,,Y,,Y,,C,02,0,1,0,0,0,0,0,0,1,"- ","- ",37.362598419189453,-120.65373229980469,MERCED,UNINCORPORATED,-120.65370178222656,37.362686157226562
91805193,2022,2022-06-28,9460,2022-06-21,1620,021320,,2,2,9,2400,0,1,3,,1,143,"SR-140 W/B","PLAINSBURG RD",1584.00,W,N,A,-,N,,,,,,,,,,Y,3,0,1,2,A,-,03,22350,,N,D,C,A,A,H,-,A,D,0,,,,,Y,,A,01,0,1,0,0,0,0,0,0,0,"- ","- ",37.295478820800781,-120.33278656005859,MERCED,UNINCORPORATED,-120.33278656005859,37.295444488525391
91805282,2022,2022-06-28,9461,2022-06-19,2014,019052,,7,2,9,2400,0,3,5,,2,040,"SANTA RITA GRADE","INDIANA RD",0.00,,Y,A,-,N,,,,,,,,,,Y,2,0,1,1,A,-,01,23152,A,N,E,I,A,A,H,-,B,A,0,,,,,Y,Y,A,01,1,0,0,0,0,0,0,0,0,"- ","- ",37.054328918457031,-120.60189056396484,MERCED,UNINCORPORATED,-120.60158538818359,37.054180145263672
91806965,2022,2022-06-30,9460,2022-06-27,0100,020840,,1,3,3,2401,0,1,3,,2,002,"SR-99 N/B","WEST ATWATER BLVD",55.00,N,N,A,-,Y,MER,,99,,,23.580,H,,R,N,3,0,1,4,A,-,01,23152,A,N,E,9,A,A,H,-,D,D,0,,,,,Y,Y,A,01,0,1,0,0,0,0,0,0,0,"- ","- ",37.351680755615234,-120.62464904785156,MERCED,ATWATER,-120.62445068359375,37.351795196533203
91807199,2022,2022-06-30,9460,2022-06-25,1813,018778,,6,2,5,2406,0,1,3,,2,003,"SR-99 S/B","YOSEMITE PKWY",700.00,S,N,A,-,Y,MER,,99,,,13.727,H,,L,Y,3,0,1,1,A,-,08,22107,,N,E,8,A,A,D,-,A,A,0,,,,,Y,,D,22,0,1,0,0,0,0,0,0,0,"- ","- ",37.293560028076172,-120.46630859375,MERCED,MERCED,-120.46632385253906,37.293544769287109
91809396,2022,2022-07-18,9461,2022-06-23,1125,020486,,4,1,9,2400,0,1,1,,2,105,"INTERSTATE 5","STATE HIGHWAY 33",300.00,W,N,A,-,Y,MER,,5,,,21.998,H,,R,N,2,0,1,2,A,-,03,22350,,N,G,B,E,A,H,-,A,D,0,Y,,,Y,Y,,F,25,1,0,0,0,1,0,0,0,0,"- ","- ",37.108570098876953,-121.01702880859375,MERCED,UNINCORPORATED,-121.01729583740234,37.108432769775391
91809397,2022,2022-07-04,9461,2022-06-27,1515,019052,,1,2,9,2400,0,2,4,,1,415,"HENRY MILLER AVE","TURNER ISLAND RD",2640.00,W,N,A,-,N,,,,,,,,,,Y,4,0,1,1,A,-,08,22107,,N,F,A,A,A,H,-,A,D,0,,,,,Y,,A,01,0,0,1,0,0,0,0,0,0,"- ","- ",37.098289489746094,-120.71621704101562,MERCED,UNINCORPORATED,-120.71663665771484,37.098079681396484
91809817,2022,2022-07-04,9461,2022-07-02,2120,018910,,6,2,9,2400,0,1,3,,1,103,"STATE ROUTE 33","HUSMAN ROAD",0.00,,Y,A,-,Y,MER,,33,,,20.434,H,,R,Y,2,0,4,2,A,-,12,22450,A,N,D,C,A,A,H,-,D,A,0,,,Y,,Y,,C,06,3,1,0,0,0,0,0,0,2,"- ","- ",37.158729553222656,-121.01402282714844,MERCED,UNINCORPORATED,-121.01395416259766,37.158729553222656
91810009,2022,2022-07-05,9461,2022-06-26,1830,021854,,7,2,9,2400,0,1,1,,2,105,"I-5 S/B OFF RAMP",SR-33,50.00,N,N,A,-,Y,,,,,,,,,,N,4,0,1,2,A,-,08,22107,,N,B,C,A,A,H,-,A,A,0,,,,,Y,,-,"- ",0,0,1,0,0,0,0,0,0,"- ","- ",37.104110717773438,-121.01624298095703,MERCED,UNINCORPORATED,-121.01624298095703,37.104110717773438
91810016,2022,2022-07-05,9460,2022-05-31,2025,017343,,2,2,9,2400,0,3,5,,2,050,"MERCED FALLS ROAD",SR-59,6072.00,E,N,A,-,N,,,,,,,,,,Y,1,1,0,2,A,-,01,23152,F,N,A,C,A,A,H,-,A,D,0,,,Y,,Y,,A,07,0,0,0,0,0,0,0,1,0,"- ","- ",37.522239685058594,-120.40841674804688,MERCED,UNINCORPORATED,-120.41668701171875,37.522552490234375
91810037,2022,2022-07-05,9460,2022-06-24,1150,015305,,5,1,9,2400,0,3,5,,2,040,"WALNUT AVENUE","CENTER STREET",140.00,W,N,A,-,N,,,,,,,,,,N,3,0,1,2,A,-,21,22106,,N,B,C,A,A,H,-,A,D,0,,,,Y,Y,,A,01,0,1,0,0,0,0,0,0,0,"- ","- ",37.389408111572266,-120.61614990234375,MERCED,UNINCORPORATED,-120.61527252197266,37.389415740966797
91810189,2022,2022-07-05,9460,2022-06-26,0910,019106,,7,1,9,2400,0,3,5,,2,030,"WALNUT AVENUE","CRESSEY WAY",30.00,W,N,A,-,N,,,,,,,,,,Y,2,0,1,1,A,-,08,22107,,N,E,I,A,A,H,-,A,D,0,,,,,Y,,A,01,1,0,0,0,0,0,0,0,0,"- ","- ",37.389389038085938,-120.66806030273438,MERCED,UNINCORPORATED,-120.66804504394531,37.389362335205078
91810197,2022,2022-07-05,9461,2022-07-01,1800,021387,,5,2,9,2400,0,3,5,,2,020,"HOLLAND AVENUE","PIONEER ROAD",75.00,S,N,A,-,N,,,,,,,,,,Y,2,0,2,1,A,-,01,23152,A,N,F,A,A,A,H,-,A,D,0,,,,,Y,Y,A,07,1,1,0,0,0,0,0,0,0,"- ","- ",37.042190551757812,-120.84108734130859,MERCED,UNINCORPORATED,-120.84114837646484,37.042137145996094
91810268,2022,2022-07-05,9460,2022-06-27,0907,019106,,1,1,9,2400,0,3,5,,2,030,"GROVE AVENUE","BELLEVUE ROAD",0.00,,Y,A,-,N,,,,,,,,,,Y,3,0,2,2,A,-,12,22450,A,N,D,C,A,A,H,-,A,A,0,,,,,Y,,A,01,0,1,1,0,0,0,0,0,0,"- ","- ",37.360370635986328,-120.64129638671875,MERCED,UNINCORPORATED,-120.64126586914062,37.360340118408203
91810436,2022,2022-07-12,9461,2022-07-02,0732,021619,,6,1,9,2400,0,1,1,,2,105,"I-5 S/B",SR-165,1500.00,N,N,A,-,Y,,,,,,,,,,Y,3,0,2,2,A,-,03,22350,,N,C,C,A,A,H,-,A,D,0,,,,,Y,,A,08,0,1,1,0,0,0,0,0,0,"- ","- ",39.934249877929688,-120.84529876708984,MERCED,UNINCORPORATED,-120.84252166748047,36.931797027587891
9181142,2020,2021-01-07,2401,2020-10-28,1557,802,4,3,5,3,2401,0,0,0,,0,004,"ATWATER BL","MAPLE ST",250.00,E,N,A,-,N,,,,,,,,,,N,3,0,1,3,A,-,04,21703,,N,C,C,A,A,H,-,A,D,0,,,,,Y,,D,22,0,1,0,0,0,0,0,0,0,"- ","- ",37.348308563232422,-120.61611175537109,MERCED,ATWATER,-120.61531829833984,37.348011016845703
91811466,2022,2022-07-06,9461,2022-07-04,0927,021619,,1,1,9,2400,0,2,4,,1,415,"HENRY MILLER AVENUE","VOLTA ROAD",6.00,N,N,A,-,N,,,,,,,,,,Y,4,0,1,2,A,-,09,21802,A,N,D,C,A,A,H,-,A,D,0,,,,Y,Y,,A,07,0,0,1,0,0,0,0,0,0,"- ","- ",37.100151062011719,-120.92514801025391,MERCED,UNINCORPORATED,-120.92530822753906,37.100128173828125
91811473,2022,2022-07-06,9461,2022-07-06,0713,021619,,3,1,2,2403,0,1,3,,1,140,"SR-140 EASTBOUND","S HUNT ROAD",1200.00,E,N,A,-,Y,MER,,140,,,6.543,H,,R,Y,4,0,1,1,A,-,08,22107,,N,F,A,A,A,H,-,A,D,0,,,,,Y,,D,22,0,0,1,0,0,0,0,0,0,"- ","- ",37.260368347167969,-120.99069976806641,MERCED,GUSTINE,-120.99069976806641,37.260391235351562
91811478,2022,2022-07-06,9460,2022-07-01,1749,021407,,5,2,9,2400,0,1,3,,2,001,"SR-99 S/B","SHANKS ROAD",1056.00,N,N,A,-,Y,MER,,99,,R,34.707,H,,L,Y,4,0,1,2,A,-,03,22350,,N,C,C,A,A,H,-,A,D,0,,,,,Y,,A,07,0,0,1,0,0,0,0,0,0,"- ","- ",37.440101623535156,-120.78669738769531,MERCED,UNINCORPORATED,-120.78679656982422,37.440040588378906
91811498,2022,2022-07-06,9460,2022-06-24,1930,019838,,5,2,9,2400,0,3,5,,2,050,"TURLOCK ROAD","COX FERRY ROAD",5280.00,W,N,A,-,N,,,,,,,,,,Y,2,0,4,1,A,-,01,23152,A,N,F,A,A,A,H,-,A,D,0,,,,,Y,Y,D,22,1,3,0,0,0,0,0,0,0,"- ","- ",37.492290496826172,-120.52361297607422,MERCED,UNINCORPORATED,-120.52097320556641,37.492927551269531
91811573,2022,2022-07-06,9460,2022-07-03,0145,021150,,7,3,9,2400,0,3,5,,2,090,"MORAN RD","APPLEGATE RD",64.00,W,N,A,-,N,,,,,,,,,,Y,3,0,1,1,A,-,01,23152,A,N,E,J,A,A,H,-,D,A,0,,,,,Y,Y,D,22,0,1,0,0,0,0,0,0,0,"- ","- ",37.309429168701172,-120.61495208740234,MERCED,UNINCORPORATED,-120.61473083496094,37.309391021728516
91811576,2022,2022-07-06,9461,2022-06-01,1619,019052,,3,2,9,2400,0,1,3,,1,503,"STATE ROUTE 33","CYPRESS AVENUE",0.00,,Y,A,-,Y,MER,,33,,,3.900,H,,R,Y,1,2,1,1,A,-,01,23152,A,N,E,I,A,A,H,-,A,D,0,,,,,Y,Y,A,01,1,0,0,0,0,0,0,0,0,"- ","- ",37.0252685546875,-120.63552856445312,MERCED,UNINCORPORATED,-120.6356201171875,37.0252685546875
91812411,2022,2022-07-07,9460,2022-06-24,1645,018778,,5,2,9,2400,0,1,3,,2,003,"SR-99 N/B","LE GRAND RD",4752.00,N,N,A,-,Y,MER,,99,,R,7.726,H,,R,N,3,0,1,2,A,-,07,21658,A,M,C,2,A,A,H,-,A,D,0,,,,Y,Y,,D,22,0,1,0,0,0,0,0,0,0,"- ","- ",37.23284912109375,-120.38807678222656,MERCED,UNINCORPORATED,-120.38811492919922,37.232822418212891
91812801,2022,2022-07-08,9460,2022-06-26,2500,020365,,7,4,9,2400,0,3,5,,2,040,"KEYES RD","OLSEN RD",1056.00,W,N,A,-,N,,,,,,,,,,Y,2,0,1,1,A,-,08,22107,,N,F,A,A,A,H,-,B,D,0,,,,,Y,,A,07,1,0,0,0,0,0,0,0,0,"- ","- ",37.552879333496094,-120.54232025146484,MERCED,UNINCORPORATED,-120.54369354248047,37.553726196289062
91814013,2022,2022-07-11,9461,2022-07-04,1010,021660,,1,1,9,2400,0,1,1,,2,205,"I-5 S/B",SR-165,5808.00,S,N,A,-,Y,MER,,5,,,5.177,H,,L,Y,3,0,1,2,A,-,08,22107,,N,B,C,A,A,H,-,A,D,0,,,,,Y,,D,22,0,1,0,0,0,0,0,0,0,"- ","- ",36.917869567871094,-120.82797241210938,MERCED,UNINCORPORATED,-120.82794952392578,36.917881011962891
91814612,2022,2022-07-11,9461,2022-07-08,1730,018910,,5,2,9,2400,0,1,3,,1,103,"STATE ROUTE 33","INTERSTATE 5 NORTHBOUND ENTRANCE",150.00,N,N,A,-,Y,MER,,33,,,16.826,H,,L,Y,4,0,2,2,A,-,09,21801,A,N,D,C,A,A,H,-,A,D,0,,,,,Y,,A,07,0,0,2,0,0,0,0,0,0,"- ","- ",37.108940124511719,-121.01608276367188,MERCED,UNINCORPORATED,-121.01577758789062,37.108932495117188
91815154,2022,2022-07-12,9461,2022-07-08,2025,021387,,5,2,9,2400,0,1,3,,2,453,"SR-152 EASTBOUND","ISLAND RD",2640.00,E,N,A,-,Y,MER,,152,,R,37.660,H,,R,Y,2,0,2,2,A,-,01,23152,A,N,C,E,A,A,H,-,B,D,0,,,,,Y,Y,A,01,1,1,0,0,0,0,0,0,0,"- ","- ",37.060920715332031,-120.54412841796875,MERCED,UNINCORPORATED,-120.54419708251953,37.060955047607422
91815350,2022,2022-07-12,9460,2022-07-01,1423,018292,,5,2,9,2400,0,1,3,,1,165,SR-165,"GEER AVENUE",0.00,,Y,A,-,Y,MER,,165,,,32.865,H,,R,Y,2,0,1,2,A,-,09,21801,A,N,D,C,A,A,H,-,A,D,0,,,Y,,Y,,I,09,1,0,0,0,0,0,0,0,1,"- ","- ",37.397018432617188,-120.85024261474609,MERCED,UNINCORPORATED,-120.85021209716797,37.397018432617188
91815375,2022,2022-07-12,9460,2022-07-02,1330,019838,,6,1,9,2400,0,1,3,,1,590,SR-59,"SNELLING ROAD",7920.00,S,N,A,-,N,,,,,,,,,,N,3,0,1,1,C,-,18,,,N,H,A,A,A,H,-,A,D,0,,,,,Y,,-,"- ",0,1,0,0,0,0,0,0,0,"- ","- ",37.502838134765625,-120.47614288330078,MERCED,UNINCORPORATED,-120.47609710693359,37.502803802490234
91815439,2022,2022-07-12,9460,2022-07-02,2204,020840,,6,3,9,2400,0,3,5,,2,010,"KELLEY ROAD","RIVER ROAD",30.00,E,N,A,-,N,,,,,,,,,,N,3,0,1,1,A,-,08,22107,,N,F,A,A,A,H,-,D,D,0,,,Y,,Y,,C,02,0,1,0,0,0,0,0,0,1,"- ","- ",37.350860595703125,-120.96253967285156,MERCED,UNINCORPORATED,-120.96295166015625,37.350830078125
91815477,2022,2022-07-12,9460,2022-07-04,1055,019106,,1,1,9,2400,0,3,5,,2,020,"KING STREET","MEDITERRANEAN AVENUE",0.00,,Y,A,-,N,,,,,,,,,,N,3,0,1,2,A,-,12,22450,A,F,D,G,A,A,H,-,A,A,0,,Y,,,Y,,L,04,0,1,0,0,0,0,1,0,0,"- ","- ",37.431331634521484,-120.78365325927734,MERCED,UNINCORPORATED,-120.78363037109375,37.431343078613281
91815489,2022,2022-07-12,9460,2022-07-03,0045,020857,,7,3,9,2400,0,1,3,,1,590,"SR-59 N/B","BELLEVUE RD",1056.00,S,N,A,-,Y,MER,,59,,,18.836,H,,R,Y,3,0,1,1,A,-,01,23152,A,M,E,8,A,A,H,-,D,B,0,,,,,Y,Y,A,01,0,1,0,0,0,0,0,0,0,"- ","- ",37.3585205078125,-120.50328826904297,MERCED,UNINCORPORATED,-120.50344848632812,37.358524322509766
91815992,2022,2022-07-13,9461,2022-07-02,2318,021854,,6,3,9,2400,0,3,5,,2,010,"TAGLIO RD.",I-5,528.00,E,N,A,-,N,,,,,,,,,,Y,3,0,1,2,A,-,11,21954,A,F,G,B,E,A,H,-,D,D,0,Y,,,,Y,,N,60,0,1,0,0,1,0,0,0,0,"- ","- ",37.217121124267578,-121.07868194580078,MERCED,UNINCORPORATED,-121.08329010009766,37.217010498046875
91815999,2022,2022-07-13,9461,2022-07-03,1105,020486,,7,1,9,2400,0,1,1,,2,105,"INTERSTATE 5","WHITWORTH ROAD",528.00,N,N,A,-,Y,MER,,5,,,24.029,H,,L,N,3,0,1,1,A,-,08,22107,,N,E,I,A,A,H,-,A,D,0,,,,,Y,,A,01,0,1,0,0,0,0,0,0,0,"- ","- ",37.133918762207031,-121.03500366210938,MERCED,UNINCORPORATED,-121.0350341796875,37.133907318115234
91816183,2022,2022-07-13,9460,2022-07-08,0636,015305,,5,1,9,2400,0,2,4,,1,042,"SANTA FE DRIVE","WALNUT AVENUE",200.00,E,N,A,-,N,,,,,,,,,,Y,3,0,2,2,A,-,09,21801,A,N,A,C,A,A,H,-,A,D,0,,,,,Y,,D,22,0,2,0,0,0,0,0,0,0,"- ","- ",37.388999938964844,-120.61805725097656,MERCED,UNINCORPORATED,-120.61827850341797,37.389122009277344