CASE_ID,ACCIDENT_YEAR,PROC_DATE,JURIS,COLLISION_DATE,COLLISION_TIME,OFFICER_ID,REPORTING_DISTRICT,DAY_OF_WEEK,CHP_SHIFT,POPULATION,CNTY_CITY_LOC,SPECIAL_COND,BEAT_TYPE,CHP_BEAT_TYPE,CITY_DIVISION_LAPD,CHP_BEAT_CLASS,BEAT_NUMBER,PRIMARY_RD,SECONDARY_RD,DISTANCE,DIRECTION,INTERSECTION,WEATHER_1,WEATHER_2,STATE_HWY_IND,CALTRANS_COUNTY,CALTRANS_DISTRICT,STATE_ROUTE,ROUTE_SUFFIX,POSTMILE_PREFIX,POSTMILE,LOCATION_TYPE,RAMP_INTERSECTION,SIDE_OF_HWY,TOW_AWAY,COLLISION_SEVERITY,NUMBER_KILLED,NUMBER_INJURED,PARTY_COUNT,PRIMARY_COLL_FACTOR,PCF_CODE_OF_VIOL,PCF_VIOL_CATEGORY,PCF_VIOLATION,PCF_VIOL_SUBSECTION,HIT_AND_RUN,TYPE_OF_COLLISION,MVIW,PED_ACTION,ROAD_SURFACE,ROAD_COND_1,ROAD_COND_2,LIGHTING,CONTROL_DEVICE,CHP_ROAD_TYPE,PEDESTRIAN_ACCIDENT,BICYCLE_ACCIDENT,MOTORCYCLE_ACCIDENT,TRUCK_ACCIDENT,NOT_PRIVATE_PROPERTY,ALCOHOL_INVOLVED,STWD_VEHTYPE_AT_FAULT,CHP_VEHTYPE_AT_FAULT,COUNT_SEVERE_INJ,COUNT_VISIBLE_INJ,COUNT_COMPLAINT_PAIN,COUNT_PED_KILLED,COUNT_PED_INJURED,COUNT_BICYCLIST_KILLED,COUNT_BICYCLIST_INJURED,COUNT_MC_KILLED,COUNT_MC_INJURED,PRIMARY_RAMP,SECONDARY_RAMP,LATITUDE,LONGITUDE,COUNTY,CITY,POINT_X,POINT_Y
91920389,2022,2022-11-17,9460,2022-11-10,1433,020840,,4,2,9,2400,0,2,4,,1,041,"SANTA FE DRIVE","FOX ROAD",900.00,E,N,A,-,N,,,,,,,,,,N,4,0,1,2,A,-,03,22350,,N,C,C,A,A,H,-,A,D,0,,,,,Y,,A,01,0,0,1,0,0,0,0,0,0,"- ","- ",37.344520568847656,-120.54711151123047,MERCED,UNINCORPORATED,-120.54740905761719,37.344692230224609
91920478,2022,2022-11-17,9461,2022-11-08,1052,021785,,2,1,9,2400,0,1,3,,1,103,SR-33,"CENTINELLA AVE",0.00,,Y,B,-,Y,MER,,33,,R,15.758,H,,R,Y,4,0,1,2,A,-,09,21801,A,N,D,C,A,B,H,-,A,D,0,,,,,Y,,A,01,0,0,1,0,0,0,0,0,0,"- ","- ",37.093460083007812,-121.01600646972656,MERCED,UNINCORPORATED,-121.01596069335938,37.093456268310547
91920484,2022,2022-11-17,9461,2022-11-09,0410,020385,,3,3,9,2400,0,2,4,,1,110,"INGOMAR GRADE","SYLVESTER RD",2112.00,W,N,B,C,N,,,,,,,,,,Y,4,0,1,1,A,-,08,22107,,N,E,I,A,B,H,-,D,D,0,,,,,Y,,A,01,0,0,1,0,0,0,0,0,0,"- ","- ",37.094310760498047,-120.91712188720703,MERCED,UNINCORPORATED,-120.91558074951172,37.093647003173828
91920498,2022,2022-11-17,9461,2022-11-13,1505,018910,,7,2,9,2400,0,1,1,,2,105,"INTERSTATE 5 SOUTHBOUND EXIT","STATE ROUTE 33",30.00,N,N,A,-,Y,MER,,33,,R,16.472,H,,R,N,4,0,5,2,A,-,03,22350,,N,C,C,A,A,H,-,A,A,0,,,,,Y,,A,01,0,0,5,0,0,0,0,0,0,"- ","- ",37.104011535644531,-121.01605224609375,MERCED,UNINCORPORATED,-121.01582336425781,37.104011535644531
91920511,2022,2022-11-17,9460,2022-11-11,1700,020840,,5,2,9,2400,0,1,3,,2,001,"SR-99 S/B","SOUTH AVE",1600.00,S,N,A,-,Y,MER,,99,,M,33.221,H,,L,N,3,0,2,3,A,-,03,22350,,N,C,2,A,A,H,-,B,D,0,,,,,Y,,A,01,0,1,1,0,0,0,0,0,0,"- ","- ",37.423011779785156,-120.767578125,MERCED,UNINCORPORATED,-120.767578125,37.423011779785156
91920649,2022,2022-11-17,9460,2022-11-06,1435,018778,,7,2,9,2400,0,1,3,,1,165,SR-165,"AMERICAN AVE",1220.00,N,N,A,-,Y,MER,,165,,,34.100,H,,R,Y,3,0,5,2,A,-,01,23152,F,N,B,2,A,A,H,-,A,D,0,,,,,Y,,A,01,0,1,4,0,0,0,0,0,0,"- ","- ",37.414928436279297,-120.84998321533203,MERCED,UNINCORPORATED,-120.84996795654297,37.414928436279297
91921310,2022,2022-11-18,9460,2022-11-10,0605,018422,,4,1,9,2400,0,1,3,,2,003,"SR-99 (N/B)","CHILDS AVE.",1954.00,S,N,B,-,Y,MER,,99,,R,12.763,H,,R,Y,3,0,1,1,A,-,08,22107,,N,E,I,A,A,D,-,B,D,0,,,,,Y,,A,01,0,1,0,0,0,0,0,0,0,"- ","- ",37.284309387207031,-120.45226287841797,MERCED,UNINCORPORATED,-120.45207977294922,37.284446716308594
91921344,2022,2022-11-18,9460,2022-11-10,1400,021468,,4,2,9,2400,0,1,3,,1,142,"SR-140 W/B","S. BUHACH RD",25.00,E,N,A,-,Y,MER,,140,,,31.689,H,,L,N,4,0,1,2,A,-,03,22350,,N,C,C,A,A,H,-,A,D,0,,,,,Y,,D,22,0,0,1,0,0,0,0,0,0,"- ","- ",37.302349090576172,-120.57453155517578,MERCED,UNINCORPORATED,-120.57453155517578,37.302333831787109
91921383,2022,2022-11-18,9460,2022-11-10,1455,021468,,4,2,9,2400,0,3,5,,2,090,"SOUTHERN PACIFIC AVENUE","SHAFFER ROAD",125.00,E,N,A,-,N,,,,,,,,,,N,4,0,1,2,A,-,03,22350,,N,C,C,A,A,H,-,A,D,0,,,,,Y,,A,07,0,0,1,0,0,0,0,0,0,"- ","- ",37.340431213378906,-120.59574127197266,MERCED,UNINCORPORATED,-120.59579467773438,37.340435028076172
91921522,2022,2022-11-18,9460,2022-11-11,1720,021662,,5,2,9,2400,0,3,5,,2,040,"WINTON WAY","MYRTLE AVENUE",20.00,S,N,A,-,N,,,,,,,,,,N,4,0,2,2,A,-,03,22350,,N,C,C,A,A,H,-,C,D,0,,,,,Y,,A,07,0,0,2,0,0,0,0,0,0,"- ","- ",37.392940521240234,-120.61338806152344,MERCED,UNINCORPORATED,-120.6134033203125,37.392986297607422
91921560,2022,2022-11-18,9460,2022-11-11,1035,018422,,5,1,9,2400,0,3,5,,2,090,"SULTANA DR.","MAGNOLIA AVE.",20.00,S,N,B,-,N,,,,,,,,,,Y,4,0,2,2,A,-,12,22450,A,N,C,C,A,A,H,-,A,A,0,,,,Y,Y,,G,25,0,0,2,0,0,0,0,0,0,"- ","- ",37.367530822753906,-120.68659210205078,MERCED,UNINCORPORATED,-120.68658447265625,37.367576599121094
91921596,2022,2022-11-18,9460,2022-11-11,1435,021468,,5,2,9,2400,0,1,3,,2,002,"SR-99 N/B","E. ATWATER BLVD",2112.00,S,N,A,-,Y,MER,,99,,,21.681,H,,R,Y,4,0,2,2,A,-,03,22350,,N,C,C,A,A,H,-,A,D,0,,,,,Y,,D,22,0,0,2,0,0,0,0,0,0,"- ","- ",37.340309143066406,-120.59513854980469,MERCED,UNINCORPORATED,-120.59513854980469,37.340282440185547
9192163,2020,2021-01-28,2405,2020-05-07,1654,PD133,2,4,5,3,2405,0,0,0,,0,0B3,"E PACHECO BL","MILLER LN",0.00,,Y,A,-,Y,MER,10,152,-,-,21.610,I,5,W,Y,3,0,3,2,A,-,12,21453,A,N,D,C,A,A,H,-,A,A,0,,,,,Y,,A,07,0,3,0,0,0,0,0,0,0,"- ","- ",37.057510375976562,-120.83046722412109,MERCED,"LOS BANOS",-120.82918548583984,37.056991577148438
9192168,2020,2021-01-26,2405,2020-05-18,2500,PD35,2,1,5,3,2405,0,0,0,,0,0B2,"RT 152","MILLER LN",325.00,E,N,B,-,Y,MER,10,152,-,-,21.670,H,-,W,N,4,0,1,2,D,-,00,,,N,B,C,A,A,H,-,A,D,0,,,,,Y,,-,"- ",0,0,1,0,0,0,0,0,0,"- ","- ",37.057449340820312,-120.82871246337891,MERCED,"LOS BANOS",-120.82809448242188,37.057003021240234
91921763,2022,2022-11-18,9460,2022-11-11,1518,021468,,5,2,9,2400,0,1,3,,2,002,"SR-99 N/B","E. ATWATER BLVD",500.00,N,N,A,-,Y,MER,,99,,,21.787,H,,R,Y,2,0,2,1,A,-,08,22107,,N,E,I,A,A,D,-,A,D,0,,,,,Y,,A,01,2,0,0,0,0,0,0,0,0,"- ","- ",37.340068817138672,-120.59703063964844,MERCED,UNINCORPORATED,-120.59703826904297,37.340137481689453
9192235,2020,2021-01-26,2405,2020-05-02,1640,PD133,1,6,5,3,2405,0,0,0,,0,0B3,"W PACHECO BL","ARIZONA AV",0.00,,Y,A,-,Y,MER,10,152,-,-,20.028,I,5,W,Y,2,0,1,2,A,-,09,21801,A,N,D,C,A,A,H,-,A,D,0,,,Y,,Y,,A,01,1,0,0,0,0,0,0,0,1,"- ","- ",37.057121276855469,-120.85759735107422,MERCED,"LOS BANOS",-120.85762786865234,37.056880950927734
9192236,2020,2021-01-22,2401,2020-11-24,1745,728,4,2,5,3,2401,0,0,0,,0,004,"WINTON WY","DRAKELEY AV",0.00,,Y,A,-,N,,,,,,,,,,N,3,0,3,2,A,-,09,21801,A,N,D,C,A,A,H,-,C,D,0,,,,,Y,,-,,0,3,0,0,0,0,0,0,0,"- ","- ",37.350189208984375,-120.61321258544922,MERCED,ATWATER,-120.61322784423828,37.350181579589844
9192239,2020,2021-01-26,2405,2020-05-14,1700,PD19,2,4,5,3,2405,0,0,0,,0,0B2,"MERCEY SPRINGS RD","G ST",0.00,,-,A,-,Y,MER,10,165,-,-,9.020,I,5,S,Y,2,0,1,2,A,-,08,22107,,N,A,C,A,A,H,-,A,D,0,,,Y,,Y,,C,02,1,0,0,0,0,0,0,0,1,"- ","- ",37.060108184814453,-120.83529663085938,MERCED,"LOS BANOS",-120.83530426025391,37.060153961181641
9192246,2020,2021-01-12,2401,2020-11-22,0130,723,1,7,5,3,2401,0,0,0,,0,001,"WEST BELLEVUE RD","REDWOOD AV",110.00,E,N,A,-,N,,,,,,,,,,Y,3,0,1,1,A,-,08,22107,,N,E,I,A,A,H,-,C,D,0,,,,,Y,,A,01,0,1,0,0,0,0,0,0,0,"- ","- ",37.360260009765625,-120.59954833984375,MERCED,ATWATER,-120.60095977783203,37.360450744628906
91923084,2022,2022-11-21,9460,2022-11-11,0440,021530,,5,3,9,2400,0,1,3,,2,002,"LINCOLN BLVD","WESTSIDE BLVD",400.00,S,N,A,-,N,,,,,,,,,,Y,3,0,1,2,A,-,09,21801,A,N,A,C,A,A,H,-,C,D,0,,,,,Y,,A,01,0,1,0,0,0,0,0,0,0,"- ","- ",37.35784912109375,-120.72382354736328,MERCED,UNINCORPORATED,-120.72379302978516,37.359359741210938
91923157,2022,2022-11-21,9461,2022-11-11,0235,021660,,5,3,9,2400,0,1,1,,2,205,"I-5 S/B","ARBURUA RD",1584.00,S,N,A,-,Y,MER,,5,,,9.303,H,,L,N,2,0,1,3,A,-,08,22107,,F,G,1,E,A,H,-,D,D,0,Y,,,,Y,,-,99,1,0,0,0,1,0,0,0,0,"- ","- ",36.961490631103516,-120.87882232666016,MERCED,UNINCORPORATED,-120.87880706787109,36.961498260498047
91923249,2022,2022-11-21,9461,2022-11-18,1235,017329,,5,1,9,2400,0,2,4,,1,115,"HENRY MILLER AVE","BADGER FLAT RD",0.00,,Y,A,-,N,,,,,,,,,,Y,4,0,2,2,A,-,09,21801,A,N,D,C,A,A,H,-,A,D,0,,,,,Y,,D,22,0,0,2,0,0,0,0,0,0,"- ","- ",37.099929809570312,-120.8775634765625,MERCED,UNINCORPORATED,-120.87757110595703,37.099960327148438
9192326,2020,2021-01-19,2406,2020-11-14,1415,69,1,6,5,5,2406,0,0,0,,0,011,"RT 59","SANTA FE DR",300.00,N,N,A,-,Y,MER,10,59,-,-,16.160,H,-,S,Y,3,0,1,3,A,-,03,22350,,N,C,C,A,A,H,-,A,A,0,,,,,Y,,A,07,0,1,0,0,0,0,0,0,0,"- ","- ",,,MERCED,MERCED,-120.50490570068359,37.319862365722656
91923415,2022,2022-11-21,9460,2022-11-05,1022,019106,,6,1,9,2400,0,3,5,,2,020,"SANTA FE AVENUE","LINWOOD ROAD",2112.00,W,N,B,-,N,,,,,,,,,,Y,4,0,1,1,A,-,08,22107,,M,E,I,A,A,H,-,A,D,0,,,,,Y,,A,01,0,0,1,0,0,0,0,0,0,"- ","- ",37.481098175048828,-120.74945068359375,MERCED,UNINCORPORATED,-120.74942779541016,37.481037139892578
9192378,2020,2021-01-19,2406,2020-11-30,1218,129,CENTR,1,5,5,2406,0,0,0,,0,020,"RT 140","KELLY AV",0.00,,Y,A,-,Y,MER,10,140,-,-,36.878,I,5,E,Y,3,0,1,2,A,-,12,21453,A,N,D,C,A,A,H,-,A,A,0,,,,,Y,,A,01,0,1,0,0,0,0,0,0,0,"- ","- ",,,MERCED,MERCED,-120.44841003417969,37.295150756835938
9192382,2020,2021-01-19,2406,2020-11-28,1546,256,2,6,5,5,2406,0,0,0,,0,020,"RT 140","KIBBY RD",0.00,,Y,A,-,Y,MER,10,140,-,-,38.708,I,5,E,Y,4,0,1,2,A,-,09,21802,A,N,D,C,A,A,H,-,A,A,0,,,,,Y,,I,09,0,0,1,0,0,0,0,0,0,"- ","- ",,,MERCED,MERCED,-120.41524505615234,37.295154571533203
91924081,2022,2022-11-22,9460,2022-11-13,1546,021468,,7,2,9,2400,0,1,3,,2,002,"SR-99 N/B","E. ATWATER BLVD OVERCROSSING",2112.00,N,N,A,-,Y,MER,,99,,,22.112,H,,R,Y,3,0,2,5,A,-,03,22350,,N,C,C,A,A,D,-,A,D,0,,,,Y,Y,,F,55,0,2,0,0,0,0,0,0,0,"- ","- ",37.340721130371094,-120.60279846191406,MERCED,UNINCORPORATED,-120.60272216796875,37.340858459472656
91924087,2022,2022-11-22,9460,2022-11-16,1504,020840,,3,2,9,2400,0,3,5,,2,010,"BRADBURY RD","GOLF LINK ROAD",995.00,W,N,A,-,N,,,,,,,,,,N,4,0,2,4,A,-,01,23152,A,N,C,C,A,A,H,-,A,D,0,,,,,Y,Y,D,22,0,0,2,0,0,0,0,0,0,"- ","- ",37.448871612548828,-120.83474731445312,MERCED,UNINCORPORATED,-120.83426666259766,37.448894500732422
91924092,2022,2022-11-22,9460,2022-11-04,1555,021537,,5,2,9,2400,0,3,5,,2,080,"SANDY MUSH RD","HEALY RD",72.00,W,N,B,-,N,,,,,,,,,,Y,4,0,1,1,A,-,03,22350,,N,F,A,A,A,H,-,A,D,0,,,,Y,Y,,F,25,0,0,1,0,0,0,0,0,0,"- ","- ",37.185451507568359,-120.43425750732422,MERCED,UNINCORPORATED,-120.43775939941406,37.185333251953125
91924126,2022,2022-11-22,9460,2022-11-15,1233,015305,,2,1,9,2400,0,3,5,,2,040,"OAKDALE ROAD","DRY CREEK",30.00,E,N,A,-,N,,,,,,,,,,Y,2,0,1,1,A,-,08,22107,,N,E,I,A,A,H,-,A,D,0,,,,,Y,,A,01,1,0,0,0,0,0,0,0,0,"- ","- ",37.460491180419922,-120.61508941650391,MERCED,UNINCORPORATED,,
91924217,2022,2022-11-22,9460,2022-11-18,1802,020840,,5,2,9,2400,0,1,3,,1,165,"SR 165","AUGUST AVE",2112.00,N,N,A,-,Y,MER,,165,,,34.826,H,,R,N,3,0,4,3,A,-,03,22350,,N,C,C,A,A,H,-,D,D,0,,,,,Y,,A,01,0,1,3,0,0,0,0,0,0,"- ","- ",37.425441741943359,-120.84999084472656,MERCED,UNINCORPORATED,-120.84984588623047,37.425437927246094
91924317,2022,2022-11-22,9460,2022-11-21,1245,018422,,1,1,9,2400,0,1,3,,1,591,SR-59,"MICHAEL RD.",3168.00,N,N,A,-,Y,MER,,59,,,11.048,H,,R,Y,4,0,3,4,A,-,03,22350,,N,C,C,A,A,H,-,A,D,0,,,,,Y,,A,01,0,0,3,0,0,0,0,0,0,"- ","- ",37.243610382080078,-120.48798370361328,MERCED,UNINCORPORATED,-120.488037109375,37.243610382080078
91925103,2022,2022-11-23,9460,2022-11-21,1604,021537,,1,2,9,2400,0,3,5,,2,090,"BELL DR","ARENA WAY",2059.00,E,N,B,-,N,,,,,,,,,,Y,4,0,3,2,A,-,08,22107,,N,D,C,A,A,H,-,A,D,0,,,,,Y,,A,01,0,0,3,0,0,0,0,0,0,"- ","- ",37.345748901367188,-120.67070770263672,MERCED,UNINCORPORATED,-120.67074584960938,37.345813751220703
91925251,2022,2022-11-23,9461,2022-10-26,1918,018910,,3,2,9,2400,0,2,4,,1,115,"HENRY MILLER AVENUE","JOHNSON ROAD",1584.00,E,N,A,-,N,,,,,,,,,,N,1,1,0,2,A,-,05,21202,A,N,C,G,A,A,H,-,D,D,0,,Y,,,Y,,L,04,0,0,0,0,0,1,0,0,0,"- ","- ",37.100028991699219,-120.85894775390625,MERCED,UNINCORPORATED,-120.85958862304688,37.100009918212891
91927496,2022,2022-11-28,9460,2022-11-20,1211,019806,,7,1,9,2400,0,2,4,,1,052,"BELLEVUE RD","UTAH ST",380.00,W,N,A,-,N,,,,,,,,,,N,4,0,1,1,A,-,08,22107,,N,E,I,A,A,H,-,A,D,0,,,,,Y,,A,01,0,0,1,0,0,0,0,0,0,"- ","- ",37.361019134521484,-120.50012969970703,MERCED,UNINCORPORATED,-120.50006866455078,37.360980987548828
9192850,2020,2020-12-22,2406,2020-10-24,1618,290,2,6,5,5,2406,0,0,0,,0,021,"RT 59","WEST 14TH ST",0.00,,Y,A,-,Y,MER,10,59,-,-,14.810,I,5,S,Y,4,0,1,2,D,-,00,,,N,D,C,A,A,H,-,A,A,0,,,,,Y,,-,"- ",0,0,1,0,0,0,0,0,0,"- ","- ",,,MERCED,MERCED,-120.50029754638672,37.303668975830078
91928800,2022,2022-11-29,9460,2022-11-18,2025,021662,,5,2,9,2400,0,2,4,,1,041,"SANTE FE AVE","AVENUE 2",2800.00,W,N,A,-,N,,,,,,,,,,Y,3,0,1,1,A,-,01,23152,A,N,F,A,A,A,H,-,D,D,0,,,,,Y,Y,A,01,0,1,0,0,0,0,0,0,0,"- ","- ",37.354148864746094,-120.56329345703125,MERCED,UNINCORPORATED,-120.56301116943359,37.354423522949219
91929050,2022,2022-11-29,9461,2022-11-16,1710,021056,,3,2,9,2400,0,3,5,,2,050,"EUCALYPTUS RD E/B","ARROYA AVE",1056.00,E,N,A,-,N,,,,,,,,,,Y,3,0,2,2,A,-,03,22350,,N,C,C,A,A,H,-,D,D,0,,,,,Y,,A,01,0,2,0,0,0,0,0,0,0,"- ","- ",37.010990142822266,-120.66660308837891,MERCED,UNINCORPORATED,-120.66819763183594,37.011001586914062
91929085,2022,2022-11-29,9460,2022-11-20,0500,018922,,7,3,9,2400,0,3,5,,2,050,"CAMPUS PARKWAY","OLIVE AVENUE",0.00,,Y,A,-,N,,,,,,,,,,Y,3,0,1,1,A,-,01,23152,A,N,E,I,A,A,H,-,D,A,0,,,,,Y,Y,A,07,0,1,0,0,0,0,0,0,0,"- ","- ",37.318180084228516,-120.4232177734375,MERCED,UNINCORPORATED,-120.47277069091797,37.318778991699219
91929129,2022,2022-11-29,9461,2022-11-19,1720,021056,,6,2,9,2400,0,1,3,,1,503,"SR-165 S/B","WOLFSEN RD",5808.00,N,N,A,-,Y,MER,,165,,,16.257,H,,L,Y,4,0,2,2,A,-,01,23152,A,N,C,C,A,A,H,-,E,D,0,,,,,Y,Y,A,01,0,0,2,0,0,0,0,0,0,"- ","- ",37.162769317626953,-120.82981109619141,MERCED,UNINCORPORATED,-120.82981109619141,37.162769317626953
91930007,2022,2022-11-30,9461,2022-11-20,0940,021785,,7,1,9,2400,0,1,1,,2,105,"I-5 S/B","HENRY MILLER AVENUE",2640.00,S,N,A,-,Y,MER,,5,,,21.001,H,,L,Y,3,0,2,2,A,-,07,21658,A,N,F,A,A,A,H,-,A,D,0,,,,Y,Y,,G,25,0,1,1,0,0,0,0,0,0,"- ","- ",37.096088409423828,-121.00762939453125,MERCED,UNINCORPORATED,-121.00767517089844,37.096065521240234
91930035,2022,2022-11-30,9461,2022-11-23,1640,018910,,3,2,9,2400,0,1,1,,2,105,"INTERSTATE 5 NORTHBOUND","BUTTS ROAD",1584.00,N,N,A,-,Y,MER,,5,,,26.437,H,,R,Y,3,0,2,1,A,-,08,22107,,N,F,A,A,A,H,-,B,D,0,,,,,Y,,A,01,0,1,1,0,0,0,0,0,0,"- ","- ",37.164970397949219,-121.05500793457031,MERCED,UNINCORPORATED,-121.05494689941406,37.165000915527344
91930217,2022,2022-11-30,9460,2022-11-28,1220,017343,,1,1,9,2400,0,3,5,,2,040,"SANTA FE DRIVE","OLIVE AVENUE",0.00,,Y,A,-,N,,,,,,,,,,Y,4,0,1,1,A,-,08,22107,,N,E,I,A,A,H,-,A,D,0,,,,,Y,,A,01,0,0,1,0,0,0,0,0,0,"- ","- ",37.396560668945312,-120.63052368164062,MERCED,UNINCORPORATED,-120.63134002685547,37.396900177001953
91930273,2022,2022-11-30,9461,2022-11-25,1838,019052,,5,2,9,2400,0,1,3,,1,452,"SR-152 E/B","ARROYA AVE",1584.00,E,N,A,-,Y,MER,,152,,,30.654,H,,R,Y,4,0,1,2,A,-,03,22350,,N,C,2,A,A,H,-,D,D,0,,,,,Y,,A,01,0,0,1,0,0,0,0,0,0,"- ","- ",37.054031372070312,-120.66574859619141,MERCED,UNINCORPORATED,-120.66574859619141,37.054061889648438
91930754,2022,2022-11-30,9460,2022-11-25,1514,021407,,5,2,9,2400,0,1,3,,1,165,SR-165,"RIVER ROAD",1056.00,N,N,A,-,Y,MER,,165,,,30.575,H,,R,Y,3,0,1,1,A,-,01,23152,A,N,E,I,A,A,H,-,A,D,0,,,,,Y,Y,A,01,0,1,0,0,0,0,0,0,0,"- ","- ",37.364830017089844,-120.85446166992188,MERCED,UNINCORPORATED,-120.85428619384766,37.364891052246094
9193116,2020,2021-01-04,2406,2020-11-14,1848,,,6,5,5,2406,0,0,0,,0,,"R ST","11TH ST",0.00,,Y,A,-,N,,,,,,,,,,N,4,0,2,2,B,-,22,,,N,D,C,A,A,H,-,C,A,0,,,,,Y,,J,48,0,0,2,0,0,0,0,0,0,"- ","- ",37.298469543457031,-120.49604797363281,MERCED,MERCED,-120.49604797363281,37.298439025878906
91931303,2022,2022-12-01,9460,2022-11-17,0835,019005,,4,1,9,2400,0,1,3,,2,001,"SR-99 S/B","GRIFFITH RD.",528.00,N,N,B,-,Y,MER,,99,,R,36.726,H,,L,N,4,0,1,2,A,-,03,22350,,N,C,C,A,A,H,-,A,D,0,,,,Y,Y,,G,25,0,0,1,0,0,0,0,0,0,"- ","- ",37.459529876708984,-120.8128662109375,MERCED,UNINCORPORATED,-120.81285858154297,37.459545135498047
91931320,2022,2022-12-01,9460,2022-11-22,1015,018422,,2,1,9,2400,0,3,5,,2,080,"CHILDS AVE.","CHILDS CT.",0.00,,Y,A,-,N,,,,,,,,,,Y,4,0,2,2,A,-,03,22350,,N,C,C,A,A,H,-,A,D,0,,,,,Y,,A,08,0,0,2,0,0,0,0,0,0,"- ","- ",37.288059234619141,-120.45990753173828,MERCED,UNINCORPORATED,-120.24210357666016,37.287181854248047
91931332,2022,2023-01-24,9460,2022-11-23,1300,019806,,3,1,9,2400,0,2,4,,1,051,"SNELLING RD","YOUD RD",2112.00,N,N,A,-,N,,,,,,,,,,Y,2,0,1,1,A,-,08,22107,,N,E,I,A,A,H,-,A,D,0,,,,,Y,,A,07,1,0,0,0,0,0,0,0,0,"- ","- ",37.484500885009766,-120.44612121582031,MERCED,UNINCORPORATED,,
91931360,2022,2022-12-01,9460,2022-11-23,1558,021468,,3,2,9,2400,0,2,4,,1,041,"SANTA FE DR","BELCHER AVE",160.00,W,N,A,-,N,,,,,,,,,,Y,3,0,3,2,A,-,03,22350,,N,C,C,A,A,H,-,A,D,0,,,,,Y,,A,07,0,3,0,0,0,0,0,0,0,"- ","- ",37.339038848876953,-120.53823852539062,MERCED,UNINCORPORATED,-120.53827667236328,37.338970184326172
91931406,2022,2022-12-01,9460,2022-11-25,0938,018922,,5,1,9,2400,0,3,5,,2,050,"E. NORTH BEAR CREEK DRIVE","MONTANA AVENUE",528.00,E,N,A,-,N,,,,,,,,,,Y,2,0,3,1,A,-,08,22107,,N,E,I,A,A,H,-,A,D,0,,,,,Y,,A,01,1,2,0,0,0,0,0,0,0,"- ","- ",37.307640075683594,-120.45793914794922,MERCED,UNINCORPORATED,-120.45803070068359,37.307647705078125
91931453,2022,2022-12-01,9461,2022-11-25,0715,021785,,5,1,9,2400,0,2,4,,1,115,"HENRY MILLER AVENUE","LEOTA ROAD",140.00,W,N,A,-,N,,,,,,,,,,Y,4,0,1,1,A,-,08,22107,,N,E,I,A,A,H,-,D,D,0,,,,,Y,,-,"- ",0,0,1,0,0,0,0,0,0,"- ","- ",37.100490570068359,-120.99008178710938,MERCED,UNINCORPORATED,-120.98918151855469,37.100494384765625
91931609,2022,2022-12-01,9460,2022-11-27,2310,018966,,7,3,9,2400,0,3,5,,2,020,"BLOSS AVE","CAMPGROUND RD",528.00,W,N,A,-,N,,,,,,,,,,Y,4,0,1,1,A,-,08,22107,,N,E,I,A,A,H,-,D,D,0,,,,,Y,,D,22,0,0,1,0,0,0,0,0,0,"- ","- ",37.40557861328125,-120.75731658935547,MERCED,UNINCORPORATED,-120.75708770751953,37.405796051025391
91931921,2022,2022-12-01,9461,2022-11-27,1325,021056,,7,1,5,2406,0,1,3,,1,465,"SR-165 S/B",SR-140,25344.00,S,N,A,G,Y,MER,,165,,,22.027,H,,L,Y,3,0,1,2,A,-,03,22350,,N,B,C,A,A,H,-,A,D,0,,,,,Y,,-,"- ",0,1,0,0,0,0,0,0,0,"- ","- ",37.242919921875,-120.85204315185547,MERCED,MERCED,-120.85204315185547,37.242919921875
91931928,2022,2022-12-01,9461,2022-11-28,1610,020486,,1,2,9,2400,0,2,4,,1,115,"HENRY MILLER AVENUE","VOLTA ROAD",1500.00,E,N,A,-,N,,,,,,,,,,N,4,0,1,3,A,-,03,22350,,N,C,C,A,A,H,-,A,D,0,,,,,Y,,D,22,0,0,1,0,0,0,0,0,0,"- ","- ",37.100090026855469,-120.91957092285156,MERCED,UNINCORPORATED,-120.920166015625,37.10009765625
91933688,2022,2022-12-05,9460,2022-11-26,1114,019838,,6,1,9,2400,0,1,3,,2,002,"SR-99 NORTHBOUND","APPLEGATE ROAD",2640.00,N,N,A,-,Y,MER,,99,,,23.576,H,,R,Y,4,0,1,5,A,-,03,22350,,N,C,C,A,A,H,-,A,D,0,,,,,Y,,A,01,0,0,1,0,0,0,0,0,0,"- ","- ",37.351749420166016,-120.62441253662109,MERCED,UNINCORPORATED,-120.62441253662109,37.351749420166016