CASE_ID,ACCIDENT_YEAR,PROC_DATE,JURIS,COLLISION_DATE,COLLISION_TIME,OFFICER_ID,REPORTING_DISTRICT,DAY_OF_WEEK,CHP_SHIFT,POPULATION,CNTY_CITY_LOC,SPECIAL_COND,BEAT_TYPE,CHP_BEAT_TYPE,CITY_DIVISION_LAPD,CHP_BEAT_CLASS,BEAT_NUMBER,PRIMARY_RD,SECONDARY_RD,DISTANCE,DIRECTION,INTERSECTION,WEATHER_1,WEATHER_2,STATE_HWY_IND,CALTRANS_COUNTY,CALTRANS_DISTRICT,STATE_ROUTE,ROUTE_SUFFIX,POSTMILE_PREFIX,POSTMILE,LOCATION_TYPE,RAMP_INTERSECTION,SIDE_OF_HWY,TOW_AWAY,COLLISION_SEVERITY,NUMBER_KILLED,NUMBER_INJURED,PARTY_COUNT,PRIMARY_COLL_FACTOR,PCF_CODE_OF_VIOL,PCF_VIOL_CATEGORY,PCF_VIOLATION,PCF_VIOL_SUBSECTION,HIT_AND_RUN,TYPE_OF_COLLISION,MVIW,PED_ACTION,ROAD_SURFACE,ROAD_COND_1,ROAD_COND_2,LIGHTING,CONTROL_DEVICE,CHP_ROAD_TYPE,PEDESTRIAN_ACCIDENT,BICYCLE_ACCIDENT,MOTORCYCLE_ACCIDENT,TRUCK_ACCIDENT,NOT_PRIVATE_PROPERTY,ALCOHOL_INVOLVED,STWD_VEHTYPE_AT_FAULT,CHP_VEHTYPE_AT_FAULT,COUNT_SEVERE_INJ,COUNT_VISIBLE_INJ,COUNT_COMPLAINT_PAIN,COUNT_PED_KILLED,COUNT_PED_INJURED,COUNT_BICYCLIST_KILLED,COUNT_BICYCLIST_INJURED,COUNT_MC_KILLED,COUNT_MC_INJURED,PRIMARY_RAMP,SECONDARY_RAMP,LATITUDE,LONGITUDE,COUNTY,CITY,POINT_X,POINT_Y
91998910,2023,2023-02-21,9460,2023-02-13,"836 ",015398,,1,1,9,2400,0,3,5,,2,020,"SANTA FE DR.","BALLICO AVE.",200.00,W,N,A,-,N,,,,,,,,,,Y,2,0,1,3,A,-,03,22350,,N,C,C,A,A,H,-,A,D,0,,,,,Y,,A,01,1,0,0,0,0,0,0,0,0,"- ","- ",37.451339721679688,-120.70188140869141,MERCED,UNINCORPORATED,-120.70128631591797,37.451240539550781
91999080,2023,2023-02-21,9460,2023-02-11,1210,019286,,6,1,9,2400,0,3,5,,2,020,"BRADBURY ROAD","LEE ROAD",312.00,W,N,A,-,N,,,,,,,,,,N,3,0,1,1,A,-,03,22350,,N,E,9,A,A,A,-,A,D,0,,,Y,,Y,,C,02,0,1,0,0,0,0,0,0,1,"- ","- ",37.447830200195312,-120.65013885498047,MERCED,UNINCORPORATED,-120.65016174316406,37.447834014892578
91999204,2023,2023-02-21,9461,2023-02-15,1509,021811,,3,2,9,2400,0,1,3,,1,152,"SR-152 E/B","DINOSAUR POINT ROAD",5280.00,E,N,A,-,Y,MER,,152," ",R,0.663,H,,R,Y,2,0,2,1,A,-,01,23152,A,N,E,I,A,A,H,-,A,D,0,,,,,Y,Y,A,07,1,0,1,0,0,0,0,0,0,"- ","- ",37.075958251953125,-121.20847320556641,MERCED,UNINCORPORATED,-121.20843505859375,37.075931549072266
91999232,2023,2023-02-21,9460,2023-02-12,2235,018292,,7,3,9,2400,0,1,3,,1,140,SR-140,"WEIR AVE.",2640.00,W,N,B,G,Y,MER,,140," "," ",18.784,H,,R,Y,4,0,1,1,A,-,01,23152,A,N,F,A,A,A,H,-,D,D,0,,,,,Y,Y,D,22,0,0,1,0,0,0,0,0,0,"- ","- ",37.312198638916016,-120.80532073974609,MERCED,UNINCORPORATED,-120.80531311035156,37.312217712402344
91999316,2023,2023-02-21,9460,2023-02-12,1740,021662,,7,2,9,2400,0,1,3,,2,001,"SR-99 S/B","SOUTH AVENUE",1901.00,S,N,A,-,Y,MER,,99," ",M,33.208,H,,L,Y,3,0,1,1,A,-,01,23152,G,N,E,I,A,A,H,-,B,D,0,,,,,Y,Y,D,22,0,1,0,0,0,0,0,0,0,"- ","- ",37.422809600830078,-120.76747131347656,MERCED,UNINCORPORATED,-120.76738739013672,37.422897338867188
91999793,2023,2023-02-22,9460,2023-02-12,1850,018778,,7,2,9,2400,0,3,5,,2,080,"CHILDS AVE","BRANTLEY ST",0.00,,Y,A,-,N,,,,,,,,,,N,4,0,1,2,A,-,03,22350,,M,C,C,A,A,H,-,D,D,0,,,,,Y,,D,22,0,0,1,0,0,0,0,0,0,"- ","- ",37.287899017333984,-120.46296691894531,MERCED,UNINCORPORATED,-120.46295166015625,37.287918090820312
91999805,2023,2023-02-22,9460,2023-02-16,"630 ",019106,,4,1,9,2400,0,1,3,,2,003,"SR-99 S/B","CHOWCHILLA RIVER",528.00,N,N,B,-,Y,MER,,99," "," ",0.096,H,,L,Y,4,0,1,2,A,-,07,21658,A,F,B,2,A,A,H,-,B,D,0,,,,,Y,,-,99,0,0,1,0,0,0,0,0,0,"- ","- ",37.153541564941406,-120.29193878173828,MERCED,UNINCORPORATED,-120.29196166992188,37.153522491455078
92000029,2023,2023-02-22,9460,2023-02-13,2104,018922,,1,2,9,2400,0,3,5,,2,050,"E. SOUTH BEAR CREEK DRIVE","MCKEE ROAD",0.00,,Y,A,-,N,,,,,,,,,,N,4,0,2,2,A,-,09,21802,A,N,D,C,A,A,H,-,D,A,0,,,,,Y,,A,01,0,0,2,0,0,0,0,0,0,"- ","- ",37.309280395507812,-120.444580078125,MERCED,UNINCORPORATED,-120.44454193115234,37.309867858886719
92000077,2023,2023-02-22,9460,2023-02-16,1635,019286,,4,2,9,2400,0,2,4,,1,041,"SANTA FE DRIVE","BEACHWOOD DRIVE",110.00,E,N,A,-,N,,,,,,,,,,N,4,0,3,2,A,-,03,22350,,N,C,C,A,A,H,-,A,D,0,,,,,Y,,A,01,0,0,3,0,0,0,0,0,0,"- ","- ",37.332149505615234,-120.52728271484375,MERCED,UNINCORPORATED,-120.52732849121094,37.33209228515625
92001154,2023,2023-02-23,9460,2023-02-20,1155,015305,,1,1,9,2400,0,3,5,,2,040,"BELCHER AVE","STATE ROUTE 59",25.00,W,N,A,-,N,,,,,,,,,,N,3,0,1,2,A,-,21,22106,,N,C,C,A,A,H,-,A,D,0,,,,,Y,,D,22,0,1,0,0,0,0,0,0,0,"- ","- ",37.339179992675781,-120.50449371337891,MERCED,UNINCORPORATED,-120.50437927246094,37.339225769042969
92001197,2023,2023-02-23,9460,2023-02-13,2036,018778,,1,2,5,2406,0,1,3,,2,003,"SR-99 S/B","YOSEMITE PARKWAY",575.00,N,N,A,-,Y,MER,,99," "," ",13.993,H,,L,N,4,0,1,1,A,-,01,23152,A,M,E,J,A,A,D,-,D,A,0,,,,,Y,Y,A,01,0,0,1,0,0,0,0,0,0,"- ","- ",37.295448303222656,-120.47015380859375,MERCED,MERCED,-120.47013092041016,37.295505523681641
92001406,2023,2023-02-23,9460,2023-02-17,"735 ",019286,,5,1,9,2400,0,3,5,,2,030,"ASHBY ROAD","BEACHWOOD DRIVE",900.00,E,N,A,-,N,,,,,,,,,,N,4,0,1,3,A,-,03,22350,,N,C,2,A,A,H,-,A,D,0,,,,,Y,,A,01,0,0,1,0,0,0,0,0,0,"- ","- ",37.315509796142578,-120.52523803710938,MERCED,UNINCORPORATED,-120.52538299560547,37.315563201904297
92001411,2023,2023-02-23,9460,2023-02-17,"910 ",018673,,5,1,9,2400,0,3,5,,2,080,"SANDY MUSH ROAD","DAN MCNAMARA RD",5808.00,E,N,A,-,N,,,,,,,,,,Y,4,0,1,1,A,-,08,22107,,N,E,I,A,A,H,-,A,D,0,,,,,Y,,A,01,0,0,1,0,0,0,0,0,0,"- ","- ",37.186031341552734,-120.64945220947266,MERCED,UNINCORPORATED,-120.67098236083984,37.186138153076172
92002121,2023,2023-02-24,9460,2023-02-17,"608 ",015305,,5,1,9,2400,0,2,4,,1,041,"SANTA FE DRIVE","MERCEDES AVE",1056.00,N,N,A,-,N,,,,,,,,,,Y,3,0,1,2,A,-,03,22350,,N,D,C,A,A,H,-,D,D,0,,,,,Y,,D,22,0,1,0,0,0,0,0,0,0,"- ","- ",37.413131713867188,-120.65740966796875,MERCED,UNINCORPORATED,-120.65716552734375,37.412918090820312
92002250,2023,2023-02-24,9460,2023-02-24,"143 ",018292,,5,3,9,2400,0,1,3,,2,002,"SR-99 SOUTHBOUND","APPLEGATE RD.",5808.00,N,N,B,G,Y,MER,,99," "," ",23.889,H,,L,Y,4,0,1,1,A,-,08,22107,,N,E,I,A,A,H,-,D,D,0,,,,Y,Y,,F,27,0,0,1,0,0,0,0,0,0,"- ","- ",37.354328155517578,-120.62960815429688,MERCED,UNINCORPORATED,-120.62963104248047,37.354251861572266
92002345,2023,2023-02-24,9461,2023-02-19,1440,021811,,7,2,9,2400,0,1,1,,2,206,"I-5 N/B","NEES AVE",10032.00,N,N,A,-,Y,MER,,5," "," ",1.569,H,,L,N,4,0,1,1,A,-,08,22107,,N,E,I,A,A,H,-,A,D,0,,,,,Y,,A,07,0,0,1,0,0,0,0,0,0,"- ","- ",36.874919891357422,-120.79106903076172,MERCED,UNINCORPORATED,-120.79109191894531,36.874908447265625
92002373,2023,2023-02-24,9460,2023-02-17,1930,021662,,5,2,5,2406,0,1,3,,2,003,"SR-99 S/B","16TH STREET",1050.00,S,N,A,-,Y,MER,,99," "," ",13.663,H,,L,N,4,0,1,2,A,-,07,21658,A,N,B,C,A,A,H,-,D,D,0,,,,,Y,,A,01,0,0,1,0,0,0,0,0,0,"- ","- ",37.292999267578125,-120.46539306640625,MERCED,MERCED,-120.46539306640625,37.292999267578125
92003745,2023,2023-02-27,9460,2023-02-18,2235,021704,,6,3,9,2400,0,3,5,,2,010,"COLUMBUS AVE","AUGUST AVE",340.00,N,N,A,-,N,,,,,,,,,,Y,2,0,3,1,A,-,08,22107,,N,E,I,A,A,H,-,D,D,0,,,,,Y,,A,07,1,1,1,0,0,0,0,0,0,"- ","- ",37.419811248779297,-120.86811065673828,MERCED,UNINCORPORATED,-120.86815643310547,37.419822692871094
92003975,2023,2023-02-27,9461,2023-02-17,"335 ",021660,,5,3,9,2400,0,1,3,,1,153,"SR-152 W/B","VOLTA RD.",3168.00,W,N,A,-,Y,MER,,152," "," ",15.619,H,,L,Y,3,0,2,1,A,-,08,22107,,N,F,A,A,A,H,-,D,D,0,,,,,Y,,A,01,0,2,0,0,0,0,0,0,0,"- ","- ",37.056671142578125,-120.93788146972656,MERCED,UNINCORPORATED,-120.93787384033203,37.056732177734375
92004030,2023,2023-02-27,9461,2023-02-18,1750,021837,,6,2,9,2400,0,1,3,,1,152,"SR-152 E/B","ROMERO VISITOR CENTER ENTRANCE",0.00,,Y,A,-,Y,MER,,152," ",R,7.995,H,,R,Y,4,0,2,2,A,-,09,21802,A,N,D,C,A,A,H,-,B,A,0,,,,,Y,,-,"- ",0,0,2,0,0,0,0,0,0,"- ","- ",37.083740234375,-121.10167694091797,MERCED,UNINCORPORATED,-121.10169219970703,37.083709716796875
92004031,2023,2023-02-27,9461,2023-02-21,1503,019052,,2,2,9,2400,0,3,5,,2,050,"EUCALYPTUS RD","AUBREY AVE",1056.00,E,N,A,-,N,,,,,,,,,,Y,4,0,1,1,A,-,08,22107,,N,F,A,A,A,H,-,A,D,0,,,,,Y,,-,"- ",0,0,1,0,0,0,0,0,0,"- ","- ",37.011100769042969,-120.66744995117188,MERCED,UNINCORPORATED,-120.65915679931641,37.010959625244141
92004104,2023,2023-02-27,9460,2023-02-24,1728,021468,,5,2,9,2400,0,1,3,,2,002,SR-99,"BUHACH RD",300.00,N,N,C,-,Y,MER,,99," ",R,20.605,H,,R,N,3,0,1,1,A,-,03,22350,,N,E,I,A,B,D,-,D,D,0,,,,,Y,,A,07,0,1,0,0,0,0,0,0,0,"- ","- ",37.334228515625,-120.57717895507812,MERCED,UNINCORPORATED,-120.57715606689453,37.334281921386719
92004298,2023,2023-02-27,9460,2023-02-19,1040,019530,,7,1,9,2400,0,1,3,,2,002,SR99,"N. BUHACH ROAD",2270.00,N,N,A,-,Y,MER,,99," "," ",20.947,H,,R,N,4,0,1,2,A,-,07,21658,A,N,C,C,A,A,D,-,A,D,0,,,,,Y,,A,01,0,0,1,0,0,0,0,0,0,"- ","- ",37.336391448974609,-120.58326721191406,MERCED,UNINCORPORATED,-120.58314514160156,37.336540222167969
92004413,2023,2023-02-27,9461,2023-01-09,2313,021785,,1,3,9,2400,0,1,1,,2,105,"INTERSTATE 5 SOUTHBOUND","TAGLIO ROAD",1320.00,S,N,A,-,Y,MER,,5," "," ",29.421,H,,L,Y,1,1,0,2,A,-,03,22350,,N,D,C,A,B,H,-,D,D,0,,,,Y,Y,Y,A,08,0,0,0,0,0,0,0,0,0,"- ","- ",37.2039794921875,-121.07829284667969,MERCED,UNINCORPORATED,-121.07832336425781,37.203975677490234
92004850,2023,2023-02-28,9460,2023-02-21,1554,018922,,2,2,9,2400,0,3,5,,2,040,"SHAFFER ROAD","OLIVE AVENUE",520.00,N,N,B,-,N,,,,,,,,,,N,4,0,1,3,A,-,03,22350,,N,C,C,A,A,H,-,A,D,0,,,,,Y,,A,07,0,0,1,0,0,0,0,0,0,"- ","- ",37.398231506347656,-120.59512329101562,MERCED,UNINCORPORATED,-120.59510040283203,37.398147583007812
92005334,2023,2023-02-28,9461,2023-02-20,1115,020486,,1,1,9,2400,0,1,3,,1,152,"STATE HIGHWAY 152","LOWER COTTONWOOD ROAD",1000.00,E,N,A,-,Y,MER,,152," ",R,6.251,H,,R,Y,3,0,1,1,A,-,08,22107,,N,E,I,A,A,H,-,A,D,0,,,,,Y,,A,01,0,1,0,0,0,0,0,0,0,"- ","- ",37.100379943847656,-121.12265777587891,MERCED,UNINCORPORATED,-121.12251281738281,37.100421905517578
92006599,2023,2023-03-01,9465,2023-02-19,"510 ",021239,,7,3,9,2400,0,2,4,,2,042,"CROWS LANDING ROAD","COWAN STREET",350.00,S,N,A,-,N,,,,,,,,,,N,3,0,1,2,A,-,08,22107,,N,G,G,A,A,H,-,D,D,0,,Y,,,Y,,A,01,0,1,0,0,0,0,1,0,0,"- ","- ",37.559551239013672,-120.99378204345703,MERCED,UNINCORPORATED,-120.99368699999999,37.559420000000003
92006769,2023,2023-03-01,9460,2023-02-27,1340,019005,,1,1,9,2400,0,1,3,,2,001,SR-99,"SHANKS RD.",2640.00,S,N,C,-,Y,MER,,99," ",R,33.975,H,,R,Y,4,0,1,1,A,-,03,22350,,N,E,I,A,B,H,-,A,D,0,,,,,Y,,A,07,0,0,1,0,0,0,0,0,0,"- ","- ",37.432521820068359,-120.77729797363281,MERCED,UNINCORPORATED,-120.77727508544922,37.432540893554688
92006921,2023,2023-03-01,9460,2023-02-28,2110,019005,,2,2,9,2400,0,1,3,,2,001,"SR-99 N/B","EL CAPITAN WAY",528.00,S,N,B,C,Y,MER,,99," ",R,33.961,H,,R,Y,4,0,1,1,A,-,03,22350,,N,F,A,A,A,H,-,C,D,0,,,,,Y,,A,01,0,0,1,0,0,0,0,0,0,"- ","- ",37.432540893554688,-120.77691650390625,MERCED,UNINCORPORATED,-120.777099609375,37.432403564453125
92007949,2023,2023-03-02,9460,2023-03-01,"615 ",015305,,3,1,9,2400,0,1,3,,1,590,"STATE ROUTE 59","W. BELLEVUE ROAD",1056.00,S,N,A,-,Y,MER,,59," "," ",18.799,H,,R,Y,3,0,1,1,C,-,18,,,N,H,H,A,A,H,-,B,D,0,,,,,Y,,-,"- ",0,1,0,0,0,0,0,0,0,"- ","- ",37.357959747314453,-120.50341033935547,MERCED,UNINCORPORATED,-120.50346374511719,37.357959747314453
92008833,2023,2023-03-03,9461,2023-02-24,2105,021837,,5,2,9,2400,0,2,4,,1,110,"INGOMAR GRADE","FAHEY ROAD",6336.00,N,N,B,C,N,,,,,,,,,,Y,3,0,1,1,A,-,01,23152,A,N,E,I,A,B,H,-,D,D,0,,,,,Y,Y,A,01,0,1,0,0,0,0,0,0,0,"- ","- ",37.138851165771484,-120.95217132568359,MERCED,UNINCORPORATED,-120.94587707519531,37.121978759765625
92008847,2023,2023-03-03,9460,2023-02-27,1335,019838,,1,1,9,2400,0,1,3,,2,002,"SR-99 SOUTHBOUND","BUHACH ROAD",200.00,N,N,B,C,Y,MER,,99," ",R,20.546,H,,L,Y,4,0,1,1,A,-,03,22350,,N,E,I,A,B,D,-,A,D,0,,,,,Y,,A,01,0,0,1,0,0,0,0,0,0,"- ","- ",37.333858489990234,-120.57621002197266,MERCED,UNINCORPORATED,-120.57624816894531,37.333766937255859
92010689,2023,2023-03-06,9460,2023-02-27,1415,019838,,1,2,9,2400,0,3,5,,2,090,"BUHACH ROAD","ELLIOT AVENUE",0.00,,Y,B,C,N,,,,,,,,,,N,4,0,2,2,A,-,03,22350,,N,C,C,A,B,H,-,A,D,0,,,,,Y,,D,22,0,0,2,0,0,0,0,0,0,"- ","- ",37.320388793945312,-120.3775634765625,MERCED,UNINCORPORATED,-120.57758331298828,37.320480346679688
92010753,2023,2023-03-06,9460,2023-02-27,1440,019005,,1,2,9,2400,0,1,3,,2,001,"WALNUT AVE","SULTANA DR.",50.00,E,N,B,-,N,,,,,,,,,,Y,4,0,2,2,A,-,03,22350,,N,C,C,A,B,H,-,A,D,0,,,,,Y,,A,01,0,0,2,0,0,0,0,0,0,"- ","- ",37.389541625976562,-120.68609619140625,MERCED,UNINCORPORATED,-120.68613433837891,37.389518737792969
92010838,2023,2023-03-06,9460,2023-02-27,1520,019838,,1,2,9,2400,0,1,3,,2,002,"SR-99 SOUTHBOUND","FRANKLIN ROAD",2640.00,S,N,B,-,Y,MER,,99," "," ",18.142,H,,L,N,4,0,1,2,A,-,08,22107,,N,C,C,A,A,H,-,A,D,0,,,,,Y,,-,"- ",0,0,1,0,0,0,0,0,0,"- ","- ",37.319358825683594,-120.53687286376953,MERCED,UNINCORPORATED,-120.53689575195312,37.319316864013672
92010921,2023,2023-03-06,9460,2023-03-01,1134,015305,,3,1,9,2400,0,3,5,,2,040,"OAKDALE ROAD","OAKDALE CT.",0.00,,Y,A,-,N,,,,,,,,,,Y,2,0,1,2,A,-,05,21752,D,N,B,C,A,A,H,-,A,D,0,,,,,Y,,A,01,1,0,0,0,0,0,0,0,0,"- ","- ",37.455879211425781,-120.60951995849609,MERCED,UNINCORPORATED,-120.65744781494141,37.491622924804688
92011607,2023,2023-03-07,9460,2023-02-25,1110,019530,,6,1,9,2400,0,1,3,,2,002,"SR99 SOUTHBOUND SOUTH OF ATWATER BOULEVARD","AWATER BOULEVARD",2600.00,S,N,B,-,Y,MER,,99," "," ",21.097,H,,L,Y,3,0,1,1,A,-,08,22107,,N,F,9,A,B,D,-,A,D,0,,,,Y,Y,,F,78,0,1,0,0,0,0,0,0,0,"- ","- ",37.337478637695312,-120.58535766601562,MERCED,UNINCORPORATED,-120.58528900146484,37.337543487548828
92011629,2023,2023-03-07,9460,2023-02-26,1654,021320,,7,2,9,2400,0,3,5,,2,020,"SHANKS RD","LETTEAU AVE",0.00,,Y,B,-,N,,,,,,,,,,Y,3,0,1,2,A,-,01,23152,A,N,D,C,A,B,H,-,A,A,0,,,,,Y,Y,A,01,0,1,0,0,0,0,0,0,0,"- ","- ",37.434040069580078,-120.78601837158203,MERCED,UNINCORPORATED,-120.78598022460938,37.434070587158203
92011794,2023,2023-03-07,9460,2023-02-28,1055,018673,,2,1,9,2400,0,1,3,,2,003,"SR-99 N/B","MARTIN LUTHER KING JR WAY",1056.00,N,N,C,-,Y,MER,,99," "," ",14.908,H,,R,N,4,0,1,2,A,-,08,22107,,N,B,C,A,B,D,-,A,D,0,,,,Y,Y,,A,01,0,0,1,0,0,0,0,0,0,"- ","- ",37.297901153564453,-120.48602294921875,MERCED,UNINCORPORATED,-120.48600769042969,37.297916412353516
92011867,2023,2023-03-07,9460,2023-03-02,1230,015305,,4,1,9,2400,0,3,5,,2,040,"JONES ROAD","PALM AVENUE",0.00,,Y,A,-,N,,,,,,,,,,Y,3,0,1,2,A,-,09,21802,A,N,D,C,A,A,H,-,A,A,0,,,,,Y,,A,07,0,1,0,0,0,0,0,0,0,"- ","- ",37.418369293212891,-120.62197113037109,MERCED,UNINCORPORATED,-120.62197875976562,37.418346405029297
92012421,2023,2023-03-08,9461,2023-03-01,"105 ",021126,,3,3,9,2400,0,1,1,,2,105,"I-5 S/B","TAGLIO ROAD",6336.00,S,N,B,-,Y,MER,,5," "," ",29.098,H,,L,Y,3,0,1,2,A,-,07,21658,A,F,B,D,A,A,H,-,D,D,0,,,,Y,Y,,A,01,0,1,0,0,0,0,0,0,0,"- ","- ",37.199390411376953,-121.07713317871094,MERCED,UNINCORPORATED,-121.07709503173828,37.199398040771484
92012978,2023,2023-03-08,9460,2023-03-01,"204 ",021511,,3,3,9,2400,0,1,3,,2,003,SR-99,"MISSION AVE",2640.00,S,N,A,-,Y,MER,,99," ",R,11.184,H,,R,N,4,0,1,2,A,-,08,22107,,F,B,C,A,B,H,-,D,D,0,,,,,Y,,-,99,0,0,1,0,0,0,0,0,0,"- ","- ",37.268550872802734,-120.43208312988281,MERCED,UNINCORPORATED,-120.43206024169922,37.268558502197266
92013445,2023,2023-03-09,9460,2023-03-01,2230,021511,,3,3,9,2400,0,1,3,,2,001,"2ND AVENUE","SYCAMORE STREET",600.00,N,N,A,-,N,,,,,,,,,,N,3,0,2,1,A,-,08,22107,,N,E,I,A,A,H,-,D,D,0,,,,,Y,,A,01,0,1,1,0,0,0,0,0,0,"- ","- ",37.419601440429688,-120.76141357421875,MERCED,UNINCORPORATED,-120.75907135009766,37.419349670410156
92013685,2023,2023-03-09,9460,2023-03-02,1530,018603,,4,2,9,2400,0,1,3,,1,165,SR-165,"WESTSIDE BLVD.",875.00,S,N,A,-,Y,,,,,,,,,,Y,4,0,5,2,A,-,08,22107,,N,B,C,A,A,H,-,A,D,0,,,,Y,Y,,G,25,0,0,5,0,0,0,0,0,0,"- ","- ",37.358268737792969,-120.85009002685547,MERCED,UNINCORPORATED,-120.85033416748047,37.358268737792969
92013753,2023,2023-03-09,9460,2023-03-07,"645 ",015305,,2,1,9,2400,0,3,5,,2,040,"WALNUT AVENUE","CENTER STREET",0.00,,Y,A,-,N,,,,,,,,,,N,3,0,1,2,A,-,09,21802,A,N,D,C,A,A,H,-,A,D,0,,,,,Y,,A,01,0,1,0,0,0,0,0,0,0,"- ","- ",37.389450073242188,-120.61482238769531,MERCED,UNINCORPORATED,-120.61479187011719,37.389411926269531
92013776,2023,2023-03-09,9460,2023-03-05,1705,019838,,7,2,9,2400,0,3,5,,2,030,"MEADOW DR","JONES ROAD",300.00,W,N,B,-,N,,,,,,,,,,N,4,0,1,1,A,-,08,22107,,N,F,0,A,B,H,-,A,D,0,,,,,Y,,A,01,0,0,1,0,0,0,0,0,0,"- ","- ",37.429191589355469,-120.62332916259766,MERCED,UNINCORPORATED,-120.62264251708984,37.429134368896484
92013902,2023,2023-03-09,9460,2023-03-05,1555,019838,,7,2,9,2400,0,3,5,,2,080,"MISSION AVENUE","HENRY ST",0.00,,Y,A,-,N,,,,,,,,,,N,4,0,2,2,A,-,12,22450,A,N,D,C,A,A,H,-,A,A,0,,,,,Y,,A,01,0,0,2,0,0,0,0,0,0,"- ","- ",37.273380279541016,-120.45163726806641,MERCED,UNINCORPORATED,-120.45164489746094,37.273399353027344
92014740,2023,2023-03-10,9460,2023-03-02,1515,018778,,4,2,9,2400,0,1,3,,1,591,SR-59,"MISSION AVE",360.00,N,N,A,-,Y,MER,,59," "," ",13.204,H,,R,Y,4,0,5,2,A,-,21,22106,,N,D,C,A,A,H,-,A,D,0,,,,,Y,,A,07,0,0,5,0,0,0,0,0,0,"- ","- ",37.274810791015625,-120.48784637451172,MERCED,UNINCORPORATED,-120.48781585693359,37.274810791015625
92016340,2023,2023-03-13,9460,2023-03-05,"430 ",019286,,7,3,9,2400,0,1,3,,2,002,"SR-99 S/B","WESTSIDE BOULEVARD",2640.00,N,N,B,C,Y,MER,,99," "," ",25.417,H,,L,Y,4,0,1,1,A,-,08,22107,,M,E,8,A,B,H,-,D,D,0,,,,,Y,,-,99,0,0,1,0,0,0,0,0,0,"- ","- ",37.362770080566406,-120.65484619140625,MERCED,UNINCORPORATED,-120.65481567382812,37.362895965576172
92016436,2023,2023-03-13,9460,2023-03-10,1555,018778,,5,2,9,2400,0,1,3,,2,001,"SR-99 S/B","SOUTH AVE",2112.00,N,N,C,-,Y,MER,,99," ",M,33.902,H,,L,Y,4,0,1,2,A,-,03,22350,,N,C,C,A,B,D,-,A,D,0,,,,,Y,,A,01,0,0,1,0,0,0,0,0,0,"- ","- ",37.430419921875,-120.77552032470703,MERCED,UNINCORPORATED,-120.77553558349609,37.430412292480469
92016518,2023,2023-03-13,9460,2023-03-10,1035,019106,,5,1,9,2400,0,3,5,,2,030,"LOBO AVENUE","ROSELLE DRIVE",23.00,E,N,B,C,N,,,,,,,,,,N,4,0,1,2,A,-,09,21802,A,N,C,C,A,B,H,-,A,A,0,,,,,Y,,A,01,0,0,1,0,0,0,0,0,0,"- ","- ",37.324478149414062,-120.53212738037109,MERCED,UNINCORPORATED,-120.53223419189453,37.324489593505859
92016614,2023,2023-03-13,9460,2023-02-10,2005,021320,,5,2,9,2400,0,3,5,,2,030,"OLIVE AVENUE","VINE AVENUE",528.00,S,N,A,-,N,,,,,,,,,,Y,1,1,1,2,A,-,11,21954,A,N,G,B,D,A,H,-,D,D,0,Y,,,,Y,,N,60,0,1,0,1,0,0,0,0,0,"- ","- ",37.354900360107422,-120.63024139404297,MERCED,UNINCORPORATED,-120.63169097900391,37.396591186523438
92016658,2023,2023-03-13,9460,2023-03-13,1115,015305,,1,1,9,2400,0,3,5,,2,040,"FRANKLIN ROAD","CARDELLA ROAD",2112.00,N,N,A,-,N,,,,,,,,,,Y,3,0,2,2,A,-,03,22350,,N,C,C,A,A,H,-,A,D,0,,,,Y,Y,,A,01,0,2,0,0,0,0,0,0,0,"- ","- ",37.352180480957031,-120.54045104980469,MERCED,UNINCORPORATED,-120.54047393798828,37.35198974609375
92017364,2023,2023-03-14,9460,2023-03-03,1930,018778,,5,2,9,2400,0,1,3,,1,591,SR-59,"DICKENSON FERRY RD",0.00,,Y,A,-,Y,MER,,59," "," ",13.129,H,,R,Y,2,0,6,2,A,-,12,22450,A,N,D,C,A,A,H,-,D,A,0,,,,,Y,,A,07,3,2,1,0,0,0,0,0,0,"- ","- ",37.273708343505859,-120.48790740966797,MERCED,UNINCORPORATED,-120.48784637451172,37.273712158203125
92017431,2023,2023-03-14,9460,2023-03-06,"930 ",019005,,1,1,9,2400,0,1,3,,2,001,"SR-99 S/B","COLLIER RD.",2112.00,S,N,B,-,Y,MER,,99," ",R,31.525,H,,L,Y,4,0,1,3,A,-,06,21755,,N,B,C,A,A,H,-,A,D,0,,,,Y,Y,,D,22,0,0,1,0,0,0,0,0,0,"- ","- ",37.404460906982422,-120.74739837646484,MERCED,UNINCORPORATED,-120.74732971191406,37.404499053955078