CASE_ID,ACCIDENT_YEAR,PROC_DATE,JURIS,COLLISION_DATE,COLLISION_TIME,OFFICER_ID,REPORTING_DISTRICT,DAY_OF_WEEK,CHP_SHIFT,POPULATION,CNTY_CITY_LOC,SPECIAL_COND,BEAT_TYPE,CHP_BEAT_TYPE,CITY_DIVISION_LAPD,CHP_BEAT_CLASS,BEAT_NUMBER,PRIMARY_RD,SECONDARY_RD,DISTANCE,DIRECTION,INTERSECTION,WEATHER_1,WEATHER_2,STATE_HWY_IND,CALTRANS_COUNTY,CALTRANS_DISTRICT,STATE_ROUTE,ROUTE_SUFFIX,POSTMILE_PREFIX,POSTMILE,LOCATION_TYPE,RAMP_INTERSECTION,SIDE_OF_HWY,TOW_AWAY,COLLISION_SEVERITY,NUMBER_KILLED,NUMBER_INJURED,PARTY_COUNT,PRIMARY_COLL_FACTOR,PCF_CODE_OF_VIOL,PCF_VIOL_CATEGORY,PCF_VIOLATION,PCF_VIOL_SUBSECTION,HIT_AND_RUN,TYPE_OF_COLLISION,MVIW,PED_ACTION,ROAD_SURFACE,ROAD_COND_1,ROAD_COND_2,LIGHTING,CONTROL_DEVICE,CHP_ROAD_TYPE,PEDESTRIAN_ACCIDENT,BICYCLE_ACCIDENT,MOTORCYCLE_ACCIDENT,TRUCK_ACCIDENT,NOT_PRIVATE_PROPERTY,ALCOHOL_INVOLVED,STWD_VEHTYPE_AT_FAULT,CHP_VEHTYPE_AT_FAULT,COUNT_SEVERE_INJ,COUNT_VISIBLE_INJ,COUNT_COMPLAINT_PAIN,COUNT_PED_KILLED,COUNT_PED_INJURED,COUNT_BICYCLIST_KILLED,COUNT_BICYCLIST_INJURED,COUNT_MC_KILLED,COUNT_MC_INJURED,PRIMARY_RAMP,SECONDARY_RAMP,LATITUDE,LONGITUDE,COUNTY,CITY,POINT_X,POINT_Y
92017851,2023,2023-03-14,9460,2023-03-05,2310,021704,,7,3,9,2400,0,2,4,,1,031,"WINTON WAY","ALMOND AVE",35.00,S,N,B,-,N,,,,,,,,,,N,4,0,2,2,A,-,01,23152,A,N,C,C,A,A,H,-,C,D,0,,,,,Y,Y,A,07,0,0,2,0,0,0,0,0,0,"- ","- ",37.381999969482422,-120.61350250244141,MERCED,UNINCORPORATED,-120.61354064941406,37.382064819335938
92017865,2023,2023-03-14,9460,2023-03-07,"510 ",021474,,2,3,9,2400,0,1,3,,1,591,"SR-59 N/B","SANDY MUSH RD.",0.39,S,N,A,-,N,,,,,,,,,,Y,4,0,1,1,C,-,18,,,N,E,H,A,A,H,-,D,D,0,,,,,Y,,-,"- ",0,0,1,0,0,0,0,0,0,"- ","- ",37.180149078369141,-120.49146270751953,MERCED,UNINCORPORATED,-120.49148559570312,37.180164337158203
92017973,2023,2023-03-14,9460,2023-03-13,1010,018422,,1,1,9,2400,0,1,3,,2,002,"SR-99 (N/B)","ATWATER MERCED EXPRESSWAY",4752.00,S,N,B,-,Y,MER,,99," "," ",19.086,H,,R,Y,4,0,2,2,A,-,03,22350,,N,C,C,A,A,H,-,A,D,0,,,,,Y,,A,01,0,0,2,0,0,0,0,0,0,"- ","- ",37.325199127197266,-120.55242919921875,MERCED,UNINCORPORATED,-120.55242156982422,37.325210571289062
92018920,2023,2023-03-15,9460,2023-03-12,"316 ",021474,,7,3,9,2400,0,2,4,,1,071,"SR-99 S/B","MISSION AVE",3590.00,S,N,A,-,Y,MER,,99," ",R,11.032,H,,L,Y,2,0,1,2,A,-,00,21960,A,N,B,B,E,A,H,-,D,D,0,Y,,,,Y,,N,60,1,0,0,0,1,0,0,0,0,"- ","- ",37.266639709472656,-120.43051910400391,MERCED,UNINCORPORATED,-120.43050384521484,37.266651153564453
92019619,2023,2023-03-16,9460,2023-03-09,"825 ",019286,,4,1,9,2400,0,1,3,,1,591,SR-59,"DICKENSON FERRY ROAD",0.00,,Y,B,-,Y,MER,,59," "," ",13.129,H,,R,Y,4,0,2,2,A,-,09,21802,A,N,D,C,A,A,H,-,A,A,0,,,,,Y,,A,07,0,0,2,0,0,0,0,0,0,"- ","- ",37.273708343505859,-120.48792266845703,MERCED,UNINCORPORATED,-120.48784637451172,37.273712158203125
92019723,2023,2023-03-16,9460,2023-03-15,1740,018603,,3,2,9,2400,0,1,3,,1,141,"SR-140 E/B","WASHINGTON BLVD",0.00,,Y,A,-,Y,MER,,140," "," ",21.397,H,,R,Y,4,0,2,2,A,-,03,22350,,N,C,C,A,A,H,-,A,D,0,,,,,Y,,A,01,0,0,2,0,0,0,0,0,0,"- ","- ",37.302268981933594,-120.76058959960938,MERCED,UNINCORPORATED,-120.76058197021484,37.302284240722656
92022219,2023,2023-03-20,9461,2023-03-10,"17  ",021126,,5,3,9,2400,0,1,3,,1,103,SR-33,"PFITZER ROAD",265.00,N,N,C,-,Y,MER,,33," "," ",24.135,H,,R,Y,3,0,1,1,A,-,01,23152,A,N,F,A,A,B,H,-,D,D,0,,,,,Y,Y,A,01,0,1,0,0,0,0,0,0,0,"- ","- ",37.212150573730469,-121.01246643066406,MERCED,UNINCORPORATED,-121.01247406005859,37.212150573730469
92022369,2023,2023-03-20,9461,2023-03-12,2201,020385,,7,3,9,2400,0,1,3,,1,103,SR-33,"FIRST AVE",1056.00,N,N,B,-,Y,MER,,33," "," ",27.300,H,,R,Y,3,0,1,2,A,-,01,23152,A,N,B,C,A,B,H,-,D,D,0,,,,,Y,Y,A,01,0,1,0,0,0,0,0,0,0,"- ","- ",37.262779235839844,-121.00089263916016,MERCED,UNINCORPORATED,-121.00069427490234,37.262798309326172
92022796,2023,2023-03-20,9460,2023-03-11,1730,019530,,6,2,9,2400,0,2,4,,1,041,"SANTA FE DR","BEACHWOOD DR",1109.00,S,N,B,-,N,,,,,,,,,,N,2,0,1,1,A,-,03,22350,,N,F,A,A,B,H,-,A,D,0,,,Y,,Y,,C,02,1,0,0,0,0,0,0,0,1,"- ","- ",37.330360412597656,-120.52454376220703,MERCED,UNINCORPORATED,-120.52462005615234,37.330413818359375
92023447,2023,2023-03-21,9461,2023-03-20,2320,021854,,1,3,9,2400,0,1,3,,1,152,"SR-152 E/B","THE ROMERO VISITOR CENTER TURNOUT",2112.00,W,N,A,-,Y,MER,,152," ",R,7.541,H,,R,Y,4,0,2,1,A,-,08,22107,,N,E,8,A,A,H,-,D,D,0,,,,,Y,,A,01,0,0,2,0,0,0,0,0,0,"- ","- ",37.085800170898438,-121.10945892333984,MERCED,UNINCORPORATED,-121.10946655273438,37.085777282714844
92023478,2023,2023-03-21,9460,2023-03-13,1640,019530,,1,2,9,2400,0,1,3,,2,001,"SR99 NB TO SOUTH AVENUE","SOUTH AVENUE",177.00,S,N,B,-,Y,,,,,,,,,,Y,4,0,1,2,A,-,03,22350,,N,C,C,A,A,H,-,A,D,0,,,,,Y,,D,22,0,0,1,0,0,0,0,0,0,"- ","- ",37.425670623779297,-120.76992034912109,MERCED,UNINCORPORATED,-120.76992034912109,37.425670623779297
9202437,2020,2021-02-19,2406,2020-12-02,0855,129,CENTR,3,5,5,2406,0,0,0,,0,021,"WEST 15TH ST","M ST",0.00,,Y,A,-,N,,,,,,,,,,Y,4,0,1,2,A,-,12,22450,A,N,D,C,A,A,H,-,A,A,0,,,,,Y,,A,01,0,0,1,0,0,0,0,0,0,"- ","- ",,,MERCED,MERCED,-120.48615264892578,37.299690246582031
92025195,2023,2023-03-22,9460,2023-03-18,1602,019806,,6,2,9,2400,0,1,3,,1,165,SR-165,"AMERICAN AVE",118.00,S,N,B,-,Y,MER,,165," "," ",33.839,H,,R,Y,4,0,1,2,A,-,09,21804,A,N,D,C,A,A,H,-,A,D,0,,,,,Y,,A,08,0,0,1,0,0,0,0,0,0,"- ","- ",37.411140441894531,-120.85005187988281,MERCED,UNINCORPORATED,-120.85000610351562,37.411140441894531
92025271,2023,2023-03-22,9460,2023-03-16,"845 ",016476,,4,1,9,2400,0,1,3,,2,001,"SR-99 S/B","WINTON PARKWAY",2640.00,N,N,A,-,Y,MER,,99," ",R,30.793,H,,L,N,4,0,1,3,A,-,03,22350,,M,C,C,A,A,H,-,A,D,0,,,,,Y,,A,01,0,0,1,0,0,0,0,0,0,"- ","- ",37.395370483398438,-120.74056243896484,MERCED,UNINCORPORATED,-120.74056243896484,37.395370483398438
92025423,2023,2023-03-22,9460,2023-03-19,"750 ",018422,,7,1,9,2400,0,1,3,,1,165,SR-165,"AUGUST AVE.",0.00,,Y,C,-,Y,MER,,165," "," ",34.360,H,,R,Y,4,0,2,2,A,-,03,22350,,N,D,C,A,B,H,-,A,A,0,,,,,Y,,A,01,0,0,2,0,0,0,0,0,0,"- ","- ",37.418701171875,-120.84993743896484,MERCED,UNINCORPORATED,-120.8499755859375,37.418689727783203
92027035,2023,2023-03-23,9460,2023-03-22,1150,015305,,3,1,9,2400,0,3,5,,2,020,"EAST AVENUE","OAKDALE ROAD",2112.00,W,N,B,-,N,,,,,,,,,,N,3,0,1,1,C,-,18,,,N,H,H,A,A,H,-,A,D,0,,,,,Y,,-,"- ",0,1,0,0,0,0,0,0,0,"- ","- ",37.491680145263672,-120.66647338867188,MERCED,UNINCORPORATED,-120.66472625732422,37.491626739501953
92027057,2023,2023-03-23,9460,2023-03-22,"900 ",016476,,3,1,9,2400,0,1,3,,2,002,"SR-99 N/B","HAMMATT AVE",7920.00,S,N,B,C,Y,MER,,99," "," ",28.022,H,,R,N,4,0,1,2,A,-,03,22350,,M,C,C,A,B,H,-,A,D,0,,,,,Y,,-,99,0,0,1,0,0,0,0,0,0,"- ","- ",37.378368377685547,-120.69712066650391,MERCED,UNINCORPORATED,-120.69712066650391,37.378376007080078
92027198,2023,2023-03-23,9460,2023-03-23,"845 ",015305,,4,1,9,2400,0,2,4,,1,041,"SANTA FE DRIVE","FRANKLIN ROAD",400.00,W,N,C,-,N,,,,,,,,,,Y,3,0,1,3,A,-,03,22350,,N,C,C,A,B,H,-,A,D,0,,,,,Y,,E,22,0,1,0,0,0,0,0,0,0,"- ","- ",37.340869903564453,-120.54151916503906,MERCED,UNINCORPORATED,-120.54145812988281,37.340984344482422
92027258,2023,2023-03-23,9460,2023-03-10,1610,020365,,5,2,9,2400,0,1,3,,2,002,"SR-99 N/B","WESTSIDE BLVD",1056.00,S,N,C,-,Y,MER,,99," "," ",24.767,H,,R,N,3,0,1,1,A,-,08,22107,,N,E,I,A,B,H,-,A,D,0,,,,,Y,,A,01,0,1,0,0,0,0,0,0,0,"- ","- ",37.359371185302734,-120.64388275146484,MERCED,UNINCORPORATED,-120.64382171630859,37.359439849853516
92027261,2023,2023-03-23,9460,2023-03-21,1905,019530,,2,2,9,2400,0,1,3,,2,001,"SR99 NORTHBOUND","BRADBURY RD",2693.00,S,N,C,-,Y,MER,,99," ",R,35.025,H,,R,Y,4,0,1,1,A,-,08,22107,,N,E,I,A,B,H,-,D,D,0,,,,,Y,,A,01,0,0,1,0,0,0,0,0,0,"- ","- ",37.443698883056641,-120.79004669189453,MERCED,UNINCORPORATED,-120.78993988037109,37.443778991699219
92027982,2023,2023-03-24,9460,2023-03-23,"958 ",016476,,4,1,9,2400,0,1,3,,2,002,"SR-99 S/B","WESTSIDE BLVD",2640.00,N,N,B,C,Y,MER,,99," "," ",25.491,H,,L,N,4,0,1,2,A,-,08,22107,,N,B,C,A,B,H,-,A,D,0,,,,Y,Y,,A,01,0,0,1,0,0,0,0,0,0,"- ","- ",37.363109588623047,-120.65608978271484,MERCED,UNINCORPORATED,-120.65608215332031,37.363136291503906
92029225,2023,2023-03-27,9460,2023-03-18,1450,019838,,6,2,9,2400,0,3,5,,2,040,"CHESNUT LANE","EDEN AVENUE",94.00,N,N,A,-,N,,,,,,,,,,N,4,0,1,2,A,-,08,22107,,N,C,E,A,A,H,-,A,D,0,,,,,Y,,A,08,0,0,1,0,0,0,0,0,0,"- ","- ",37.386661529541016,-120.60449981689453,MERCED,UNINCORPORATED,-120.60440063476562,37.386516571044922
92029236,2023,2023-03-27,9460,2023-03-18,1640,018778,,6,2,5,2406,0,1,3,,2,003,"SR-99 S/B TO CHILDS AVE","CHILDS AVE",20.00,N,N,A,-,Y,,,,,,,,,,N,4,0,4,2,A,-,03,22350,,N,C,C,A,A,D,-,A,A,0,,,,,Y,,A,01,0,0,4,0,0,0,0,0,0,"- ","- ",37.288501739501953,-120.45744323730469,MERCED,MERCED,-120.45744323730469,37.288501739501953
92029666,2023,2023-03-27,9460,2023-03-24,1205,019106,,5,1,5,2406,0,1,3,,2,003,"SR-99 N/B","G STREET",23.00,N,N,A,-,Y,MER,,99," "," ",14.435,H,,R,N,4,0,1,2,A,-,03,22350,,N,E,I,A,A,D,-,A,D,0,,,,Y,Y,,G,26,0,0,1,0,0,0,0,0,0,"- ","- ",37.295131683349609,-120.47811889648438,MERCED,MERCED,-120.47810363769531,37.295307159423828
92029683,2023,2023-03-27,9460,2023-03-25,1050,019106,,6,1,9,2400,0,2,4,,1,041,"SANTA FE DRIVE","BEACHWOOD DRIVE",1162.00,W,N,A,-,N,,,,,,,,,,Y,4,0,1,2,A,-,03,22350,,N,C,C,A,A,H,-,A,D,0,,,,,Y,,A,01,0,0,1,0,0,0,0,0,0,"- ","- ",37.334438323974609,-120.5308837890625,MERCED,UNINCORPORATED,-120.53076934814453,37.334255218505859
92030411,2023,2023-03-28,9460,2023-02-19,1910,021474,,7,2,5,2406,0,1,3,,2,003,"SR-99 S/B","MILES CT.",1901.00,S,N,A,-,Y,MER,,99," "," ",16.860,H,,L,N,4,0,1,2,A,-,07,21658,A,F,B,C,A,A,H,-,D,D,0,,,,Y,Y,,-,"- ",0,0,1,0,0,0,0,0,0,"- ","- ",37.312870025634766,-120.51541900634766,MERCED,MERCED,-120.5155029296875,37.312713623046875
92031720,2023,2023-03-29,9460,2023-03-27,"840 ",018422,,1,1,3,2401,0,1,3,,2,002,"SR-99 (S/B)","APPLEGATE RD.",1056.00,N,N,A,-,Y,MER,,99," "," ",23.011,H,,R,Y,4,0,1,4,A,-,03,22350,,N,C,C,A,A,D,-,A,D,0,,,,Y,Y,,A,01,0,0,1,0,0,0,0,0,0,"- ","- ",37.346031188964844,-120.61746978759766,MERCED,ATWATER,-120.61736297607422,37.346210479736328
9203204,2020,2021-01-05,2405,2020-05-09,2015,PD47,5,6,5,3,2405,0,0,0,,0,B41,"BIRCHWOOD AV","PINEWOOD CT",22.00,W,N,A,-,N,,,,,,,,,,N,2,0,1,2,A,-,03,22350,,N,D,C,A,A,H,-,B,A,0,,,Y,,Y,,C,02,1,0,0,0,0,0,0,0,1,"- ","- ",37.07904052734375,-120.84610748291016,MERCED,"LOS BANOS",-120.84619903564453,37.079029083251953
9203205,2020,2021-01-05,2405,2020-05-11,1318,PD21,2,1,5,3,2405,0,0,0,,0,0B2,"7TH ST","I ST",158.00,N,N,A,-,N,,,,,,,,,,Y,2,0,1,2,A,-,"- ",,,N,H,G,A,A,H,-,A,D,0,,Y,,,Y,,L,04,1,0,0,0,0,0,1,0,0,"- ","- ",37.060970306396484,-120.84562683105469,MERCED,"LOS BANOS",-120.84620666503906,37.060646057128906
9203206,2020,2021-01-05,2405,2020-05-16,1422,PD133,2,6,5,3,2405,0,0,0,,0,0B2,"E PACHECO BL","S 11TH ST",240.00,W,N,A,-,N,,,,,,,,,,Y,3,0,1,2,A,-,09,21804,,N,D,C,A,A,H,-,A,A,0,,,,,Y,,A,01,0,1,0,0,0,0,0,0,0,"- ","- ",37.058170318603516,-120.82148742675781,MERCED,"LOS BANOS",-120.84133911132812,37.056938171386719
92032712,2023,2023-03-30,9460,2023-03-28,"853 ",016476,,2,1,9,2400,0,3,5,,2,100,"VINEWOOD AVE","WASHINGTON BLVD",528.00,E,N,B,-,N,,,,,,,,,,Y,3,0,2,2,A,-,08,22107,,N,D,C,A,A,H,-,A,D,0,,,,Y,Y,,A,07,0,1,1,0,0,0,0,0,0,"- ","- ",37.385700225830078,-120.75700378417969,MERCED,UNINCORPORATED,-120.75778961181641,37.385704040527344
92032801,2023,2023-03-30,9461,2023-03-18,"228 ",021854,,6,3,9,2400,0,1,3,,1,152,"SR-152 W/B","DINOSAUR POINT RD.",7920.00,E,N,A,-,Y,MER,,152," ",R,1.256,H,,L,Y,3,0,1,1,A,-,08,22107,,N,F,A,A,A,H,-,D,D,0,,,,,Y,,D,22,0,1,0,0,0,0,0,0,0,"- ","- ",37.078029632568359,-121.19853973388672,MERCED,UNINCORPORATED,-121.19852447509766,37.078014373779297
92032817,2023,2023-03-30,9461,2023-03-19,1645,020486,,7,2,9,2400,0,1,3,,1,152,"STATE HIGHWAY 152","DINOSAUR POINT ROAD",5280.00,E,N,C,-,Y,MER,,152," ",R,1.923,H,,R,N,3,0,1,1,A,-,08,22107,,N,E,I,A,B,H,-,A,D,0,,,,,Y,,A,01,0,1,0,0,0,0,0,0,0,"- ","- ",37.084621429443359,-121.19001007080078,MERCED,UNINCORPORATED,-121.19001007080078,37.084621429443359
92032818,2023,2023-03-30,9460,2023-03-29,"809 ",015305,,3,1,9,2400,0,2,4,,1,052,"BELLEVUE ROAD","UTAH STREET",0.00,,Y,B,-,N,,,,,,,,,,N,3,0,2,2,A,-,09,21802,A,N,D,C,A,A,H,-,A,D,0,,,,,Y,,A,08,0,2,0,0,0,0,0,0,0,"- ","- ",37.361011505126953,-120.49874877929688,MERCED,UNINCORPORATED,-120.49875640869141,37.360996246337891
92033048,2023,2023-03-30,9461,2023-03-16,"50  ",021854,,4,3,9,2400,0,3,5,,2,010,"VOLTA RD.",SR-152,4224.00,N,N,A,-,N,,,,,,,,,,Y,3,0,1,1,A,-,01,23152,F,N,E,I,A,A,H,-,D,D,0,,,,,Y,,A,07,0,1,0,0,0,0,0,0,0,"- ","- ",37.068038940429688,-120.92626190185547,MERCED,UNINCORPORATED,-120.92622375488281,37.068058013916016
9203315,2020,2021-01-14,2406,2020-10-22,2355,156,SOUTH,4,5,5,2406,0,0,0,,0,031,"RT 140","X ST",370.00,E,N,A,-,Y,MER,10,140,-,-,35.620,H,-,W,N,2,0,1,2,A,-,03,22350,,F,A,G,A,A,H,-,C,D,0,,Y,,,Y,,L,04,1,0,0,0,0,0,1,0,0,"- ","- ",,,MERCED,MERCED,-120.5032958984375,37.30279541015625
9203350,2020,2021-01-12,2406,2020-11-07,1043,290,1,6,5,5,2406,0,0,0,,0,011,"N BEAR CREEK","BROOKSIDE DR",322.00,S,N,B,-,N,,,,,,,,,,Y,3,0,2,1,A,-,03,22350,,N,E,I,A,B,H,-,A,D,0,,,,,Y,,A,07,0,1,1,0,0,0,0,0,0,"- ","- ",,,MERCED,MERCED,-120.49835968017578,37.309803009033203
9203351,2020,2021-01-12,2406,2020-11-07,1804,270,1,6,5,5,2406,0,0,0,,0,011,"WEST 16TH ST","ASHBY RD",0.00,,Y,A,-,N,,,,,,,,,,N,2,0,3,2,A,-,09,21802,A,N,D,C,A,A,H,-,C,D,0,,,,,Y,,A,01,1,1,1,0,0,0,0,0,0,"- ","- ",,,MERCED,MERCED,-120.50972747802734,37.309349060058594
9203352,2020,2021-01-15,2406,2020-11-11,2332,292,1,3,5,5,2406,0,0,0,,0,011,"YOSEMITE AV","M ST",0.00,,Y,A,-,N,,,,,,,,,,Y,3,0,1,2,A,-,12,21453,A,N,D,C,A,A,H,-,C,A,0,,,,,Y,,-,"- ",0,1,0,0,0,0,0,0,0,"- ","- ",,,MERCED,MERCED,-120.47844696044922,37.332111358642578
9203447,2020,2021-02-06,2406,2020-12-08,1443,256,2,2,5,5,2406,0,0,0,,0,002,"GLEN AV","YOSEMITE PKWY",75.00,N,N,A,-,N,,,,,,,,,,N,4,0,1,2,A,-,03,22350,,N,C,C,A,A,H,-,A,D,0,,,,,Y,,D,22,0,0,1,0,0,0,0,0,0,"- ","- ",,,MERCED,MERCED,-120.46591949462891,37.295425415039062
9203455,2020,2021-02-08,2406,2020-12-03,1013,256,2,4,5,5,2406,0,0,0,,0,021,"WEST 16TH ST","O ST",16.00,W,N,A,-,N,,,,,,,,,,Y,4,0,2,2,A,-,03,22350,,N,C,C,A,A,H,-,A,A,0,,,,,Y,,D,22,0,0,2,0,0,0,0,0,0,"- ","- ",,,MERCED,MERCED,-120.48851776123047,37.302108764648438
9203463,2020,2021-03-15,2406,2020-12-10,1218,256,2,4,5,5,2406,0,0,0,,0,020,"RT 140","CAMPUS PKWY",20.00,E,N,A,-,Y,MER,10,140,-,-,38.280,H,-,W,N,4,0,1,2,A,-,03,22350,,N,C,C,A,A,H,-,A,A,0,,,,,Y,,D,22,0,0,1,0,0,0,0,0,0,"- ","- ",,,MERCED,MERCED,-120.42301940917969,37.295082092285156
9203467,2020,2021-01-21,2406,2020-11-25,1320,287,3,3,5,5,2406,0,0,0,,0,031,"WEST CHILDS AV","WEST AV",3.00,W,N,A,-,N,,,,,,,,,,Y,4,0,1,2,A,-,09,21800,A,N,B,C,A,A,H,-,A,A,0,,,,Y,Y,,A,07,0,0,1,0,0,0,0,0,0,"- ","- ",,,MERCED,MERCED,-120.50583648681641,37.288181304931641
9203475,2020,2021-02-06,2406,2020-12-05,1722,156,CENTR,6,5,5,2406,0,0,0,,0,020,"W 26TH","G ST",0.00,,Y,A,-,N,,,,,,,,,,N,4,0,1,2,A,-,12,22450,A,M,B,D,A,-,H,-,C,A,0,,,,,Y,,A,01,0,0,1,0,0,0,0,0,0,"- ","- ",,,MERCED,MERCED,-120.47062683105469,37.307628631591797
9203487,2020,2021-01-20,2406,2020-11-04,1732,256,2,3,5,5,2406,0,0,0,,0,021,"R ST","SANTA FE AV",181.00,S,N,A,-,N,,,,,,,,,,Y,3,0,1,4,A,-,03,22350,,N,C,C,A,A,H,-,B,D,0,,,,,Y,,A,07,0,1,0,0,0,0,0,0,0,"- ","- ",,,MERCED,MERCED,-120.488246,37.311979000000001
9203585,2020,2021-02-11,2406,2020-12-08,0659,283,1,2,5,5,2406,0,0,0,,0,011,"WEST 16TH ST","ASHBY RD",35.00,E,N,A,-,N,,,,,,,,,,Y,3,0,1,1,A,-,03,22350,,N,F,I,A,A,H,-,A,D,0,,,,,Y,,A,01,0,1,0,0,0,0,0,0,0,"- ","- ",,,MERCED,MERCED,-120.50962066650391,37.309314727783203
9203586,2020,2021-02-19,2406,2020-12-04,1810,285,1,5,5,5,2406,0,0,0,,0,011,"WEST OLIVE AV","PEPPERWOOD LN",9.00,E,N,A,-,N,,,,,,,,,,Y,4,0,1,2,A,-,03,22350,,N,C,C,A,A,H,-,C,D,0,,,,,Y,,A,01,0,0,1,0,0,0,0,0,0,"- ","- ",,,MERCED,MERCED,-120.48464965820312,37.319332122802734
9203587,2020,2021-02-22,2406,2020-12-19,1737,256,1,6,5,5,2406,0,0,0,,0,011,"WEST YOSEMITE AV","RT 59",111.00,E,N,A,-,Y,MER,10,59,-,-,16.980,I,6,N,Y,4,0,1,2,A,-,01,23152,,N,A,C,A,A,H,-,C,D,0,,,,,Y,Y,A,01,0,0,1,0,0,0,0,0,0,"- ","- ",,,MERCED,MERCED,-120.50457763671875,37.331821441650391
9203588,2020,2021-02-11,2406,2020-12-19,2300,292,1,6,5,5,2406,0,0,0,,0,010,"EAST OLIVE AV","COLONY PARK DR",127.00,W,N,E,-,N,,,,,,,,,,Y,3,0,1,2,A,-,01,23152,A,N,C,E,A,A,H,-,C,D,0,,,,,Y,Y,A,01,0,1,0,0,0,0,0,0,0,"- ","- ",,,MERCED,MERCED,-120.46006011962891,37.3184814453125
92036739,2023,2023-04-04,9460,2023-03-31,1640,018922,,5,2,9,2400,0,3,5,,2,040,"SHAFFER ROAD","EUCALYPTUS AVENUE",0.00,,Y,A,-,N,,,,,,,,,,Y,2,0,1,5,A,-,09,21802,A,N,D,C,A,A,H,-,A,A,0,,,,Y,Y,,A,01,1,0,0,0,0,0,0,0,0,"- ","- ",37.403968811035156,-120.59500885009766,MERCED,UNINCORPORATED,-120.594970703125,37.403964996337891
92036832,2023,2023-04-04,9460,2023-03-28,"145 ",019806,,2,3,9,2400,0,3,5,,2,070,"VISTA AVE","CROSS RD",4224.00,S,N,A,-,N,,,,,,,,,,Y,2,0,1,1,A,-,08,22107,,N,F,A,A,A,H,-,D,D,0,,,,,Y,,A,01,1,0,0,0,0,0,0,0,0,"- ","- ",37.151931762695312,-120.31099700927734,MERCED,UNINCORPORATED,-120.31100463867188,37.152030944824219
92037380,2023,2023-04-05,9461,2023-03-28,1722,021837,,2,2,9,2400,0,1,1,,2,105,"I-5 N/B TO W/B SR-152","SR-152 W/B",420.00,N,N,C,-,Y,,,,,,,,,,N,4,0,1,1,A,-,03,22350,,N,H,J,A,B,H,-,A,A,0,,,,,Y,,A,01,0,0,1,0,0,0,0,0,0,"- ","- ",37.057868957519531,-120.96943664550781,MERCED,UNINCORPORATED,-120.96943664550781,37.057868957519531
92037476,2023,2023-04-05,9460,2023-04-02,1025,019106,,7,1,9,2400,0,3,5,,2,090,"APPLEGATE ROAD","SUNSET DRIVE",137.00,N,N,B,-,N,,,,,,,,,,Y,4,0,1,1,A,-,08,22107,,N,E,I,A,A,H,-,A,D,0,,,,,Y,,D,22,0,0,1,0,0,0,0,0,0,"- ","- ",37.338970184326172,-120.61447906494141,MERCED,UNINCORPORATED,-120.61442565917969,37.338905334472656
92037529,2023,2023-04-05,9460,2023-04-01,1305,019106,,6,1,9,2400,0,1,3,,2,001,"SR-99 N/B","BRADBURY ROAD",1584.00,S,N,A,-,Y,MER,,99," ",R,35.199,H,,R,Y,4,0,2,2,A,-,03,22350,,N,C,C,A,A,C,-,A,D,0,,,,,Y,,D,22,0,0,2,0,0,0,0,0,0,"- ","- ",37.445449829101562,-120.79229736328125,MERCED,UNINCORPORATED,-120.79228973388672,37.445457458496094
92038732,2023,2023-04-06,9460,2023-04-05,1625,018603,,3,2,9,2400,0,1,3,,2,001,"SR-99 S/B","COLLIER RD",2640.00,N,N,A,-,Y,MER,,99," ",R,32.513,H,,L,Y,4,0,1,4,A,-,03,22350,,N,C,C,A,A,H,-,A,D,0,,,,,Y,,D,22,0,0,1,0,0,0,0,0,0,"- ","- ",37.415641784667969,-120.75858306884766,MERCED,UNINCORPORATED,-120.75860595703125,37.415622711181641
92040725,2023,2023-04-10,9460,2023-03-28,2100,019530,,2,2,9,2400,0,1,3,,2,002,"SR99 NORTHBOUND","LIBERTY AVE",416.00,N,N,C,-,Y,MER,,99," "," ",27.040,H,,R,Y,3,0,2,1,A,-,08,22107,,N,E,8,A,B,H,-,D,D,0,,,,,Y,,A,01,0,2,0,0,0,0,0,0,0,"- ","- ",37.373470306396484,-120.6802978515625,MERCED,UNINCORPORATED,-120.68036651611328,37.373382568359375
92040785,2023,2023-04-10,9460,2023-03-30,2102,018778,,4,2,9,2400,0,3,5,,2,070,"REILLY RD","HEALY RD",0.00,,Y,B,-,N,,,,,,,,,,Y,4,0,1,1,A,-,12,22450,A,N,E,8,A,B,H,-,D,A,0,,,,,Y,,A,01,0,0,1,0,0,0,0,0,0,"- ","- ",37.257968902587891,-120.43438720703125,MERCED,UNINCORPORATED,-120.43441009521484,37.257991790771484
92040846,2023,2023-04-10,9461,2023-04-01,1600,021785,,6,2,9,2400,0,1,1,,2,205,"I-5 N/B",SR-165,1000.00,N,N,A,-,Y,MER,,5," "," ",6.439,H,,R,Y,4,0,1,2,A,-,07,21658,A,F,F,A,A,A,H,-,A,D,0,,,,,Y,,-,99,0,0,1,0,0,0,0,0,0,"- ","- ",36.932048797607422,-120.84236907958984,MERCED,UNINCORPORATED,-120.84231567382812,36.932086944580078