CASE_ID,ACCIDENT_YEAR,PROC_DATE,JURIS,COLLISION_DATE,COLLISION_TIME,OFFICER_ID,REPORTING_DISTRICT,DAY_OF_WEEK,CHP_SHIFT,POPULATION,CNTY_CITY_LOC,SPECIAL_COND,BEAT_TYPE,CHP_BEAT_TYPE,CITY_DIVISION_LAPD,CHP_BEAT_CLASS,BEAT_NUMBER,PRIMARY_RD,SECONDARY_RD,DISTANCE,DIRECTION,INTERSECTION,WEATHER_1,WEATHER_2,STATE_HWY_IND,CALTRANS_COUNTY,CALTRANS_DISTRICT,STATE_ROUTE,ROUTE_SUFFIX,POSTMILE_PREFIX,POSTMILE,LOCATION_TYPE,RAMP_INTERSECTION,SIDE_OF_HWY,TOW_AWAY,COLLISION_SEVERITY,NUMBER_KILLED,NUMBER_INJURED,PARTY_COUNT,PRIMARY_COLL_FACTOR,PCF_CODE_OF_VIOL,PCF_VIOL_CATEGORY,PCF_VIOLATION,PCF_VIOL_SUBSECTION,HIT_AND_RUN,TYPE_OF_COLLISION,MVIW,PED_ACTION,ROAD_SURFACE,ROAD_COND_1,ROAD_COND_2,LIGHTING,CONTROL_DEVICE,CHP_ROAD_TYPE,PEDESTRIAN_ACCIDENT,BICYCLE_ACCIDENT,MOTORCYCLE_ACCIDENT,TRUCK_ACCIDENT,NOT_PRIVATE_PROPERTY,ALCOHOL_INVOLVED,STWD_VEHTYPE_AT_FAULT,CHP_VEHTYPE_AT_FAULT,COUNT_SEVERE_INJ,COUNT_VISIBLE_INJ,COUNT_COMPLAINT_PAIN,COUNT_PED_KILLED,COUNT_PED_INJURED,COUNT_BICYCLIST_KILLED,COUNT_BICYCLIST_INJURED,COUNT_MC_KILLED,COUNT_MC_INJURED,PRIMARY_RAMP,SECONDARY_RAMP,LATITUDE,LONGITUDE,COUNTY,CITY,POINT_X,POINT_Y
92293589,2024,2024-01-22,9461,2024-01-16,1855,021056,,2,2,9,2400,0,1,1,,2,205,"I-5 S/B","VOLTA RD (UNDER CROSSING)",2640.00,S,N,B,-,Y,MER,,5," "," ",13.360,H,,L,Y,4,0,1,2,A,-,03,22350,,N,C,C,A,A,H,-,D,D,0,,,,Y,Y,,G,27,0,0,1,0,0,0,0,0,0,"- ","- ",37.008258819580078,-120.92314147949219,MERCED,UNINCORPORATED,-120.92314147949219,37.008258819580078
92294572,2024,2024-01-23,9460,2024-01-18,1920,021150,,4,2,9,2400,0,3,5,,2,070,"SANDY MUSH RD","FREITAS AVE.",6864.00,W,N,A,-,N,,,,,,,,,,N,3,0,2,1,A,-,08,22107,,N,E,J,A,A,H,-,D,D,0,,,,,Y,,A,01,0,2,0,0,0,0,0,0,0,"- ","- ",37.185871124267578,-120.51547241210938,MERCED,UNINCORPORATED,-120.51540374755859,37.18585205078125
92294836,2024,2024-01-23,9460,2024-01-16,"855 ",018778,,2,1,9,2400,0,2,4,,1,052,"BELLEVUE ROAD","GOLF ROAD",1584.00,E,N,B,-,N,,,,,,,,,,Y,3,0,2,4,A,-,03,22350,,N,C,C,A,A,H,-,A,A,0,,,,,Y,,D,22,0,1,1,0,0,0,0,0,0,"- ","- ",37.361148834228516,-120.44573211669922,MERCED,UNINCORPORATED,-120.44499206542969,37.361186981201172
92295970,2024,2024-01-24,9460,2024-01-22,"350 ",021537,,1,3,9,2400,0,1,3,,2,001,"SR-99 N/B","MAIN ST",739.00,N,N,B,C,Y,MER,,99," ",R,29.709,H,,R,Y,3,0,4,2,A,-,03,22350,,N,D,C,A,B,H,-,D,D,0,,,,,Y,,D,22,0,1,3,0,0,0,0,0,0,"- ","- ",37.388740539550781,-120.72503662109375,MERCED,UNINCORPORATED,-120.72501373291016,37.388893127441406
92295999,2024,2024-01-24,9460,2024-01-19,1530,022049,,5,2,9,2400,0,1,3,,1,590,SR-59,"BELCHER AVE",0.00,,Y,A,-,Y,MER,,59," "," ",17.498,H,,R,Y,4,0,1,3,A,-,09,21801,A,N,D,C,A,A,H,-,A,A,0,,,,,Y,,A,01,0,0,1,0,0,0,0,0,0,"- ","- ",37.339179992675781,-120.50438690185547,MERCED,UNINCORPORATED,-120.50432586669922,37.339179992675781
92296010,2024,2024-01-24,9460,2024-01-23,1345,016476,,2,1,9,2400,0,3,5,,2,040,"BELCHER AVE","BEACHWOOD DR",0.00,,Y,B,-,N,,,,,,,,,,Y,4,0,2,2,A,-,03,22350,,N,C,C,A,A,H,-,A,D,0,,,,,Y,,A,01,0,0,2,0,0,0,0,0,0,"- ","- ",37.339000701904297,-120.52729797363281,MERCED,UNINCORPORATED,-120.52732849121094,37.338993072509766
92297033,2024,2024-01-25,9460,2024-01-19,"749 ",021856,,5,1,9,2400,0,1,3,,2,002,"SR-99 NB OFF RAMP","LIBERTY AVE",0.00,,Y,E,-,Y,,,,,,,,,,N,4,0,3,2,A,-,12,22450,A,N,D,C,A,A,H,-,A,D,0,,,,,Y,,-,"- ",0,0,3,0,0,0,0,0,0,"- ","- ",37.374401092529297,-120.68081665039062,MERCED,UNINCORPORATED,,
92297124,2024,2024-01-25,9461,2024-01-19,"815 ",017329,,5,1,9,2400,0,1,3,,2,453,"SR-152 E/B","HARMON RD",1584.00,E,N,B,E,Y,MER,,152," ",R,38.187,H,,R,N,3,0,1,1,A,-,08,22107,,N,E,I,A,B,H,-,A,D,0,,,,,Y,,A,01,0,1,0,0,0,0,0,0,0,"- ","- ",37.066608428955078,-120.53791046142578,MERCED,UNINCORPORATED,-120.53779602050781,37.066463470458984
92298005,2024,2024-01-26,9460,2024-01-23,"730 ",015398,,2,1,9,2400,0,3,5,,2,010,"GRIFFITH RD","LETTEAU AVE.",10.00,N,N,B,-,N,,,,,,,,,,Y,3,0,2,2,A,-,03,22350,,F,C,C,A,A,H,-,A,D,0,,,,,Y,,D,22,0,2,0,0,0,0,0,0,0,"- ","- ",37.433170318603516,-120.81300354003906,MERCED,UNINCORPORATED,-120.81298065185547,37.433135986328125
92299238,2024,2024-01-29,9460,2024-01-16,2025,021662,,2,2,9,2400,0,1,3,,1,591,SR-59,"SANDY MUSH RD",0.00,,Y,C,-,Y,MER,,59," "," ",7.068,H,,R,Y,4,0,1,2,A,-,12,22450,A,F,D,C,A,B,H,-,C,A,0,,,,,Y,Y,A,01,0,0,1,0,0,0,0,0,0,"- ","- ",37.185791015625,-120.48815155029297,MERCED,UNINCORPORATED,-120.48822021484375,37.185791015625
92299301,2024,2024-01-29,9460,2024-01-20,1800,022339,,6,2,9,2400,0,1,3,,2,002,"SR-99 SOUTHBOUND","LIBERTY AVE",1400.00,N,N,C,-,Y,MER,,99," "," ",27.410,H,,L,Y,4,0,1,2,A,-,08,22107,,N,B,C,A,B,F,-,D,D,0,,,,,Y,,A,01,0,0,1,0,0,0,0,0,0,"- ","- ",37.37493896484375,-120.68698120117188,MERCED,UNINCORPORATED,-120.68698120117188,37.374935150146484
92299376,2024,2024-01-29,9460,2024-01-22,"8   ",021704,,1,3,9,2400,0,1,3,,2,001,"SR-99 N/B","BLOSS AVENUE",1584.00,S,N,B,C,Y,MER,,99," ",R,31.614,H,,R,Y,3,0,1,1,A,-,03,22350,,N,E,J,A,A,H,-,C,D,0,,,,,Y,,A,01,0,1,0,0,0,0,0,0,0,"- ","- ",37.405719757080078,-120.74790191650391,MERCED,UNINCORPORATED,-120.74798583984375,37.405666351318359
92299381,2024,2024-01-29,9460,2024-01-22,"925 ",019286,,1,1,9,2400,0,1,3,,2,002,"SR-99 N/B","WESTSIDE BLVD",330.00,S,N,C,-,Y,MER,,99," "," ",24.964,H,,R,N,3,0,1,1,A,-,08,22107,,N,E,I,A,B,H,-,A,D,0,,,,,Y,,D,22,0,1,0,0,0,0,0,0,0,"- ","- ",37.361038208007812,-120.64684295654297,MERCED,UNINCORPORATED,-120.64680480957031,37.361083984375
92299731,2024,2024-01-29,9460,2024-01-21,"608 ",018778,,7,1,9,2400,0,3,5,,2,050,"LA GRANGE RD","OLD LA GRANGE RD",8976.00,S,N,C,-,N,,,,,,,,,,Y,4,0,1,1,A,-,08,22107,,N,E,8,A,B,H,-,D,D,0,,,,,Y,,A,01,0,0,1,0,0,0,0,0,0,"- ","- ",37.607780456542969,-120.45036315917969,MERCED,UNINCORPORATED,-120.47708892822266,37.649738311767578
92299829,2024,2024-01-29,9460,2024-01-22,"345 ",022315,,1,3,9,2400,0,1,3,,2,002,"SR-99 S/B","ATWATER-MERCED EXPRESSWAY",3000.00,N,N,B,C,Y,MER,,99," ",R,20.647,H,,L,N,3,0,1,1,A,-,03,22350,,N,E,I,A,B,H,-,D,D,0,,,,,Y,,A,01,0,1,0,0,0,0,0,0,0,"- ","- ",37.334400177001953,-120.57791137695312,MERCED,UNINCORPORATED,-120.57793426513672,37.334358215332031
92299881,2024,2024-01-29,9460,2024-01-24,1545,019106,,3,2,9,2400,0,1,3,,2,002,"SR-99 S/B TO SULTANA DRIVE","SULTANA DRIVE",46.00,N,N,B,C,Y,,,,,,,,,,Y,4,0,1,2,A,-,03,22350,,N,C,C,A,B,H,-,A,D,0,,,,,Y,,A,07,0,0,1,0,0,0,0,0,0,"- ","- ",37.373378753662109,-120.683349609375,MERCED,UNINCORPORATED,-120.683349609375,37.373378753662109
92301029,2024,2024-01-30,9461,2024-01-22,"500 ",020486,,1,3,9,2400,0,3,5,,2,010,"WHITWORTH ROAD","HUSMAN ROAD",1056.00,N,N,C,-,N,,,,,,,,,,N,3,0,1,1,A,-,03,22350,,N,F,A,A,B,F,-,D,D,0,,,,,Y,,A,01,0,1,0,0,0,0,0,0,0,"- ","- ",37.162429809570312,-121.03177642822266,MERCED,UNINCORPORATED,-121.03181457519531,37.161670684814453
92301042,2024,2024-01-30,9461,2024-01-18,1914,021785,,4,2,9,2400,0,1,3,,1,140,SR-140,I-5,600.00,E,N,A,-,Y,MER,,140," "," ",0.230,H,,R,Y,4,0,2,2,A,-,08,22107,,N,D,2,A,A,H,-,D,D,0,,,,,Y,,A,01,0,0,2,0,0,0,0,0,0,"- ","- ",37.246089935302734,-121.08474731445312,MERCED,UNINCORPORATED,-121.08474731445312,37.246105194091797
92301058,2024,2024-01-30,9461,2024-01-22,"810 ",021126,,1,1,9,2400,0,1,3,,1,152,SR-152,"VOLTA RD",4224.00,W,N,C,-,Y,MER,,152," "," ",15.476,H,,R,N,4,0,2,2,A,-,03,22350,,N,D,C,A,B,H,-,A,D,0,,,,,Y,,A,01,0,0,2,0,0,0,0,0,0,"- ","- ",37.056648254394531,-120.94033050537109,MERCED,UNINCORPORATED,-120.94033050537109,37.056625366210938
92301079,2024,2024-01-30,9461,2024-01-23,2300,020486,,2,3,9,2400,0,1,3,,1,152,"STATE HIGHWAY 152","STATE HIGHWAY 33",2112.00,E,N,A,-,Y,MER,,152," "," ",11.771,H,,R,Y,3,0,2,2,A,-,03,22350,,N,C,C,A,A,H,-,D,D,0,,,,,Y,,D,22,0,1,1,0,0,0,0,0,0,"- ","- ",37.056781768798828,-121.00736236572266,MERCED,UNINCORPORATED,-121.00736236572266,37.056797027587891
92301115,2024,2024-01-30,9461,2024-01-13,1120,020101,,6,1,9,2400,0,1,1,,2,205,"I-5 NB","ETCHEVERRY RD. U/C",1056.00,N,N,B,-,Y,MER,,5," "," ",15.325,H,,R,Y,3,0,1,4,A,-,08,22107,,M,B,C,A,B,H,-,A,D,0,,,,,Y,,A,01,0,1,0,0,0,0,0,0,0,"- ","- ",37.031028747558594,-120.94470977783203,MERCED,UNINCORPORATED,-120.94470977783203,37.031032562255859
92301124,2024,2024-01-30,9461,2024-01-26,"804 ",020101,,5,1,9,2400,0,1,1,,2,206,"I-5 N/B","LAGUNA SECA RD",3696.00,N,N,A,-,Y,MER,,5," "," ",3.582,H,,R,Y,4,0,2,2,A,-,03,22350,,N,C,C,A,A,H,-,A,D,0,,,,Y,Y,,-,"- ",0,0,2,0,0,0,0,0,0,"- ","- ",36.899879455566406,-120.80991363525391,MERCED,UNINCORPORATED,-120.80987548828125,36.899898529052734
92301629,2024,2024-01-31,9460,2024-01-27,1617,020840,,6,2,5,2406,0,1,3,,2,003,"SR 99 S/B","BEAR CREEK",50.00,S,N,A,-,Y,MER,,99," "," ",16.375,H,,L,N,4,0,3,4,A,-,03,22350,,N,C,C,A,A,D,-,A,D,0,,,,,Y,,A,07,0,0,3,0,0,0,0,0,0,"- ","- ",37.307640075683594,-120.50958251953125,MERCED,MERCED,-120.50973510742188,37.307548522949219
92301827,2024,2024-01-31,9461,2024-01-25,2325,021811,,4,3,5,2406,0,1,1,,2,105,I-5,"COTTONWOOD RD",4224.00,S,N,B,-,Y,MER,,5," "," ",27.470,H,,L,Y,4,0,1,1,A,-,08,22107,,N,E,I,A,A,H,-,D,D,0,,,,,Y,,A,01,0,0,1,0,0,0,0,0,0,"- ","- ",37.178268432617188,-121.06400299072266,MERCED,MERCED,-121.06401062011719,37.178264617919922
92301836,2024,2024-01-31,9461,2024-01-23,2015,021056,,2,2,9,2400,0,2,4,,1,110,"INGOMAR GRADE W/B","VOLTA RD",0.00,,Y,B,-,N,,,,,,,,,,Y,4,0,2,2,A,-,09,21802,A,N,D,C,A,A,H,-,C,A,0,,,,,Y,,A,01,0,0,2,0,0,0,0,0,0,"- ","- ",37.097549438476562,-120.92440032958984,MERCED,UNINCORPORATED,-120.92539978027344,37.097179412841797
92302914,2024,2024-02-01,9460,2024-01-31,1105,020840,,3,1,9,2400,0,3,5,,2,030,"CASTLE STREET","ELM STREET",496.00,N,N,B,-,N,,,,,,,,,,N,4,0,1,2,A,-,09,21804,A,N,D,C,A,A,H,-,A,D,0,,,,,Y,,A,08,0,0,1,0,0,0,0,0,0,"- ","- ",37.347591400146484,-120.59976959228516,MERCED,UNINCORPORATED,-120.59973907470703,37.347515106201172
92304072,2024,2024-02-02,9460,2024-01-24,2135,022221,,3,2,9,2400,0,1,3,,2,001,"SR-99 S/B TO BRADBURY RD","BRADBURY RD",10.00,N,N,B,-,Y,,,,,,,,,,N,4,0,1,2,A,-,21,22106,,N,C,C,A,B,H,-,D,D,0,,,,,Y,,A,01,0,0,1,0,0,0,0,0,0,"- ","- ",37.448928833007812,-120.79881286621094,MERCED,UNINCORPORATED,-120.79881286621094,37.448928833007812
92304269,2024,2024-02-02,9460,2024-01-25,"952 ",021856,,4,1,9,2400,0,3,5,,2,030,"FISHER RD","OAKDALE ROAD",3168.00,W,N,A,-,N,,,,,,,,,,N,3,0,1,1,C,-,18,,,N,D,H,A,A,H,-,A,D,0,,Y,,,Y,,-,"- ",0,1,0,0,0,0,1,0,0,"- ","- ",37.433078765869141,-120.56056213378906,MERCED,UNINCORPORATED,-120.55929565429688,37.433078765869141
92304290,2024,2024-02-02,9460,2024-02-01,"514 ",016476,,4,3,9,2400,0,1,3,,2,001,"SR-99 N/B","BRADBURY RD",2112.00,S,N,B,C,Y,MER,,99," ",R,35.046,H,,R,Y,4,0,1,1,A,-,08,22107,,N,E,I,A,B,H,-,D,D,0,,,,,Y,,A,08,0,0,1,0,0,0,0,0,0,"- ","- ",37.443920135498047,-120.79031372070312,MERCED,UNINCORPORATED,-120.79020690917969,37.444000244140625
92305227,2024,2024-02-05,9461,2024-01-28,2500,020486,,7,4,9,2400,0,1,3,,1,152,"SR-152 W/B TO INTERSTATE 5 S/B","INTERSTATE 5",20.00,W,N,A,-,Y,MER,,5," "," ",17.684,H,,L,N,4,0,1,1,A,-,03,22350,,N,E,I,A,A,H,-,D,D,0,,,,,Y,,A,07,0,0,1,0,0,0,0,0,0,"- ","- ",37.057750701904297,-120.9713134765625,MERCED,UNINCORPORATED,-120.97113800048828,37.057853698730469
92305251,2024,2024-02-05,9460,2024-01-29,"937 ",022049,,1,1,9,2400,0,1,3,,2,003,"SR-99 N/B","CHILDS AVE",275.00,N,N,A,-,Y,MER,,99," "," ",13.150,H,,R,Y,4,0,3,3,A,-,03,22350,,N,C,C,A,A,H,-,A,D,0,,,,,Y,,A,01,0,0,3,0,0,0,0,0,0,"- ","- ",37.289009094238281,-120.45722198486328,MERCED,UNINCORPORATED,-120.45720672607422,37.289024353027344
92305573,2024,2024-08-27,9460,2024-02-01,1347,020840,,4,1,3,2401,0,1,3,,2,002,"SR-99 N/B","EAST ATWATER BLVD",1550.00,S,N,C,-,Y,MER,,99," "," ",21.376,H,,R,N,4,0,1,1,A,-,08,22107,,N,E,I,A,B,H,-,A,D,0,,,,,Y,,A,01,0,0,1,0,0,0,0,0,0,"- ","- ",37.340080261230469,-120.58963775634766,MERCED,ATWATER,-120.589599609375,37.340167999267578
92305664,2024,2024-02-05,9460,2024-02-01,1440,018922,,4,2,5,2406,0,1,3,,2,003,"SR-99 N/B","V STREET",1100.00,N,N,C,-,Y,MER,,99," "," ",16.037,H,,R,N,4,0,1,3,A,-,03,22350,,N,B,C,A,B,D,E,A,D,0,,,,Y,Y,,E,22,0,0,1,0,0,0,0,0,0,"- ","- ",37.304729461669922,-120.50457763671875,MERCED,MERCED,-120.50457763671875,37.304733276367188
92305687,2024,2024-02-05,9460,2024-02-01,1500,020840,,4,2,5,2406,0,1,3,,2,003,"SR 99 S/B","R STREET",100.00,S,N,B,-,Y,MER,,99," "," ",15.393,H,,L,Y,3,0,1,2,A,-,03,22350,,N,C,C,A,B,D,-,A,D,0,,,,Y,Y,,G,25,0,1,0,0,0,0,0,0,0,"- ","- ",37.300670623779297,-120.49411773681641,MERCED,MERCED,-120.49411010742188,37.300685882568359
92305993,2024,2024-02-05,9460,2024-01-27,1516,021856,,6,2,9,2400,0,3,5,,2,030,"LANCE ST","LOBO AVE",700.00,S,N,A,-,N,,,,,,,,,,N,3,0,1,2,A,-,01,23152,F,N,E,8,A,A,H,-,A,D,0,,,,,Y,Y,A,01,0,1,0,0,0,0,0,0,0,"- ","- ",37.323318481445312,-120.53057861328125,MERCED,UNINCORPORATED,-120.53054046630859,37.322586059570312
92306567,2024,2024-02-06,9460,2024-02-05,"608 ",020840,,1,1,9,2400,0,3,5,,2,030,"WALNUT AVE","CRESSEY WAY",850.00,W,N,A,-,N,,,,,,,,,,N,4,0,1,2,A,-,05,21650,,N,B,C,A,A,H,-,D,D,0,,,,,Y,,A,07,0,0,1,0,0,0,0,0,0,"- ","- ",37.389381408691406,-120.67056274414062,MERCED,UNINCORPORATED,-120.67086791992188,37.389389038085938
92307034,2024,2024-02-06,9460,2024-02-01,1700,020099,,4,2,9,2400,0,3,5,,2,040,"OAKDALE RD","SHAFFER RD",2112.00,E,N,B,-,N,,,,,,,,,,N,3,0,2,1,A,-,08,22107,,N,F,A,A,A,H,-,A,D,0,,,,,Y,,A,07,0,1,1,0,0,0,0,0,0,"- ","- ",37.442600250244141,-120.58580017089844,MERCED,UNINCORPORATED,-120.58738708496094,37.443149566650391
92307085,2024,2024-02-06,9460,2024-02-02,1420,016476,,5,2,9,2400,0,1,3,,2,002,"SR-99 S/B","ATWATER MERCED EXPRESSWAY",528.00,S,N,B,C,Y,MER,,99," ",R,19.847,H,,L,Y,4,0,2,2,A,-,03,22350,,N,C,C,A,B,H,-,A,D,0,,,,,Y,,A,01,0,0,2,0,0,0,0,0,0,"- ","- ",37.330249786376953,-120.56459045410156,MERCED,UNINCORPORATED,-120.56460571289062,37.330234527587891
92307145,2024,2024-02-06,9460,2024-02-04,"730 ",019106,,7,1,9,2400,0,1,3,,2,001,"SR-99 N/B","EL CAPITAN WAY",528.00,S,N,B,C,Y,MER,,99," ",R,33.952,H,,R,Y,3,0,1,1,A,-,08,22107,,N,F,0,A,B,H,-,A,D,0,,,,,Y,,A,07,0,1,0,0,0,0,0,0,0,"- ","- ",37.432350158691406,-120.77693176269531,MERCED,UNINCORPORATED,-120.77698516845703,37.432304382324219
92309262,2024,2024-02-08,9461,2024-01-29,2125,021940,,1,2,9,2400,0,1,3,,1,152,"SR-152 W/B","BASALT RD.",5280.00,W,N,A,-,Y,MER,,152," ",R,10.150,H,,L,Y,3,0,1,1,A,-,01,23152,A,N,E,J,A,A,H,-,D,D,0,,,,,Y,Y,A,01,0,1,0,0,0,0,0,0,0,"- ","- ",37.067440032958984,-121.06886291503906,MERCED,UNINCORPORATED,-121.06871032714844,37.067600250244141
92309268,2024,2024-02-29,9460,2024-02-01,1748,021320,,4,2,9,2400,0,1,3,,1,590,SR-59,"BELCHER AVE.",450.00,N,N,B,-,Y,MER,,59," "," ",17.581,H,,R,Y,3,0,2,2,A,-,09,21801,A,N,D,C,A,B,H,-,B,D,0,,,,,Y,,D,22,0,1,1,0,0,0,0,0,0,"- ","- ",37.340499877929688,-120.50421142578125,MERCED,UNINCORPORATED,-120.50414276123047,37.340492248535156
92309552,2024,2024-02-08,9460,2024-02-07,1442,016476,,3,2,9,2400,0,1,3,,2,001,"SR-99 S/B","SHANKS ROAD",528.00,N,N,B,C,Y,MER,,99," ",R,34.491,H,,L,Y,2,0,1,1,A,-,01,23152,A,N,E,J,A,B,H,-,A,D,0,,,,,Y,Y,A,01,1,0,0,0,0,0,0,0,0,"- ","- ",37.437530517578125,-120.78440856933594,MERCED,UNINCORPORATED,-120.78432464599609,37.437595367431641
92310200,2024,2024-02-09,9461,2024-02-04,1341,019052,,7,1,9,2400,0,3,5,,2,050,"INDIANA AVE","DENTON RD",528.00,N,N,C,G,N,,,,,,,,,,Y,4,0,1,1,C,-,18,,,N,E,I,A,B,H,-,A,D,0,,,,,Y,,-,"- ",0,0,1,0,0,0,0,0,0,"- ","- ",37.041580200195312,-120.59609985351562,MERCED,UNINCORPORATED,,
92311389,2024,2024-02-12,9460,2024-02-02,"922 ",022049,,5,1,9,2400,0,1,3,,2,002,"SR-99 N/B","FRANKLIN RD",3900.00,S,N,A,-,Y,MER,,99," "," ",17.653,H,,R,N,4,0,1,2,A,-,03,22350,,N,C,C,A,B,H,-,A,D,0,,,,,Y,,D,22,0,0,1,0,0,0,0,0,0,"- ","- ",37.316539764404297,-120.52880096435547,MERCED,UNINCORPORATED,-120.52878570556641,37.316562652587891
92311564,2024,2024-02-12,9461,2024-02-02,"710 ",021126,,5,1,9,2400,0,1,3,,1,103,SR-33,"COMET RD",0.00,,Y,B,-,Y,MER,,33," ",R,16.060,H,,R,N,3,0,2,2,A,-,09,21802,A,N,A,C,A,A,H,-,B,A,0,,,,,Y,,A,01,0,1,1,0,0,0,0,0,0,"- ","- ",37.097869873046875,-121.01593017578125,MERCED,UNINCORPORATED,-121.01590728759766,37.097869873046875
92311639,2024,2024-02-12,9461,2024-02-02,1710,021785,,5,2,9,2400,0,1,3,,1,152,"SR-152 E/B","DINOSAUR POINT ROAD",26400.00,E,N,A,-,Y,MER,,152," ",R,5.497,H,,R,Y,4,0,1,1,A,-,01,23152,A,M,E,I,A,A,H,-,A,D,0,,,,,Y,Y,A,07,0,0,1,0,0,0,0,0,0,"- ","- ",37.103679656982422,-121.13388061523438,MERCED,UNINCORPORATED,-121.13389587402344,37.103710174560547
92311667,2024,2024-02-12,9461,2024-02-06,1020,018910,,2,1,9,2400,0,1,3,,1,152,"STATE ROUTE 152 WESTBOUND","HILLDALE AVENUE",0.00,,Y,B,-,Y,MER,,152," "," ",12.257,H,,L,Y,4,0,1,2,A,-,09,21802,A,N,D,C,A,A,H,-,A,D,0,,,,,Y,,A,07,0,0,1,0,0,0,0,0,0,"- ","- ",37.056949615478516,-120.99855804443359,MERCED,UNINCORPORATED,-120.99855804443359,37.056972503662109
92311787,2024,2024-02-12,9460,2024-02-04,1347,018778,,7,1,9,2400,0,1,3,,2,003,"SR-99 N/B","PLAINSBURG RD",8448.00,S,N,C,-,Y,MER,,99," ",R,1.734,H,,R,Y,4,0,1,1,A,-,03,22350,,N,E,I,A,B,H,-,A,D,0,,,,,Y,,A,01,0,0,1,0,0,0,0,0,0,"- ","- ",37.172119140625,-120.31124877929688,MERCED,UNINCORPORATED,-120.31117248535156,37.17218017578125
92311864,2024,2024-02-12,9460,2024-02-04,1351,018778,,7,1,9,2400,0,1,3,,2,003,"SR-99 N/B","LE GRAND RD",150.00,S,N,C,-,Y,MER,,99," ",R,6.827,H,,R,Y,4,0,3,1,A,-,03,22350,,N,E,I,A,B,H,-,A,D,0,,,,,Y,,A,01,0,0,3,0,0,0,0,0,0,"- ","- ",37.225429534912109,-120.37470245361328,MERCED,UNINCORPORATED,-120.37458801269531,37.225513458251953
92312081,2024,2024-02-12,9460,2024-02-06,1328,020840,,2,1,9,2400,0,2,4,,1,071,"SANTA FE AVE","WHITE ROCK ROAD",500.00,S,N,B,-,N,,,,,,,,,,N,3,0,1,1,A,-,03,22350,,N,F,A,A,A,F,-,A,D,0,,,,,Y,,A,08,0,1,0,0,0,0,0,0,0,"- ","- ",37.189468383789062,-120.19725799560547,MERCED,UNINCORPORATED,-120.19760894775391,37.189708709716797
92313673,2024,2024-02-14,9460,2024-02-05,2200,021704,,1,3,9,2400,0,3,5,,2,040,SR-59,"SNELLING ROAD",3168.00,S,N,B,C,Y,MER,,59," "," ",31.558,H,,R,Y,3,0,1,1,A,-,08,22107,,N,F,A,A,B,H,-,D,D,0,,,,,Y,,A,01,0,1,0,0,0,0,0,0,0,"- ","- ",37.513820648193359,-120.46481323242188,MERCED,UNINCORPORATED,-120.46481323242188,37.51385498046875
92313813,2024,2024-02-14,9460,2024-02-08,1359,018922,,4,1,9,2400,0,1,3,,1,591,SR-59,"CLEVELAND ROAD",95.00,N,N,B,-,Y,MER,,59," "," ",3.042,H,,R,N,4,0,3,3,A,-,03,22350,,N,C,C,A,A,H,-,A,D,0,,,,,Y,,A,01,0,0,3,0,0,0,0,0,0,"- ","- ",37.1279296875,-120.49223327636719,MERCED,UNINCORPORATED,-120.49221801757812,37.1279296875
92314228,2024,2024-02-14,9460,2024-02-10,"902 ",018778,,6,1,5,2406,0,1,3,,2,002,"SR-99 N/B","W. 16TH STREET",4224.00,N,N,A,-,Y,MER,,99," "," ",17.387,H,,R,Y,4,0,1,2,A,-,07,21658,A,N,C,C,A,A,D,-,A,A,0,,,,,Y,,D,22,0,0,1,0,0,0,0,0,0,"- ","- ",37.314960479736328,-120.52440643310547,MERCED,MERCED,-120.52439880371094,37.314971923828125
92314266,2024,2024-02-14,9460,2024-02-09,1700,022315,,5,2,9,2400,0,3,5,,2,050,"HORNITOS RD","MERCED FALLS RD",850.00,E,N,A,-,N,,,,,,,,,,N,3,0,1,2,A,-,08,22107,,M,G,B,F,A,H,-,C,D,0,Y,,,,Y,,-,99,0,1,0,0,1,0,0,0,0,"- ","- ",37.525489807128906,-120.32676696777344,MERCED,UNINCORPORATED,-120.32680511474609,37.525444030761719
9231440,2021,2021-03-16,2406,2021-02-03,1727,296,1,3,5,5,2406,0,0,0,,0,011,"N HWY 59","COOPER AV",100.00,S,N,A,-,Y,MER,10,59,-,-,15.880,H,-,N,Y,3,0,1,3,A,-,03,22350,,N,C,C,A,A,H,-,B,A,0,,,,,Y,,A,07,0,1,0,0,0,0,0,0,0,"- ","- ",,,MERCED,MERCED,-120.50503540039062,37.315944671630859