CASE_ID,ACCIDENT_YEAR,PROC_DATE,JURIS,COLLISION_DATE,COLLISION_TIME,OFFICER_ID,REPORTING_DISTRICT,DAY_OF_WEEK,CHP_SHIFT,POPULATION,CNTY_CITY_LOC,SPECIAL_COND,BEAT_TYPE,CHP_BEAT_TYPE,CITY_DIVISION_LAPD,CHP_BEAT_CLASS,BEAT_NUMBER,PRIMARY_RD,SECONDARY_RD,DISTANCE,DIRECTION,INTERSECTION,WEATHER_1,WEATHER_2,STATE_HWY_IND,CALTRANS_COUNTY,CALTRANS_DISTRICT,STATE_ROUTE,ROUTE_SUFFIX,POSTMILE_PREFIX,POSTMILE,LOCATION_TYPE,RAMP_INTERSECTION,SIDE_OF_HWY,TOW_AWAY,COLLISION_SEVERITY,NUMBER_KILLED,NUMBER_INJURED,PARTY_COUNT,PRIMARY_COLL_FACTOR,PCF_CODE_OF_VIOL,PCF_VIOL_CATEGORY,PCF_VIOLATION,PCF_VIOL_SUBSECTION,HIT_AND_RUN,TYPE_OF_COLLISION,MVIW,PED_ACTION,ROAD_SURFACE,ROAD_COND_1,ROAD_COND_2,LIGHTING,CONTROL_DEVICE,CHP_ROAD_TYPE,PEDESTRIAN_ACCIDENT,BICYCLE_ACCIDENT,MOTORCYCLE_ACCIDENT,TRUCK_ACCIDENT,NOT_PRIVATE_PROPERTY,ALCOHOL_INVOLVED,STWD_VEHTYPE_AT_FAULT,CHP_VEHTYPE_AT_FAULT,COUNT_SEVERE_INJ,COUNT_VISIBLE_INJ,COUNT_COMPLAINT_PAIN,COUNT_PED_KILLED,COUNT_PED_INJURED,COUNT_BICYCLIST_KILLED,COUNT_BICYCLIST_INJURED,COUNT_MC_KILLED,COUNT_MC_INJURED,PRIMARY_RAMP,SECONDARY_RAMP,LATITUDE,LONGITUDE,COUNTY,CITY,POINT_X,POINT_Y
92314781,2024,2024-02-15,9460,2024-02-08,"320 ",020857,,4,3,9,2400,0,1,3,,2,002,"SR-99 N/B","ATWATER-MERCED EXPRESSWAY",2640.00,S,N,B,C,Y,MER,,99," "," ",19.482,H,,R,Y,3,0,1,2,A,-,03,22350,,N,C,2,A,B,H,-,D,D,0,,,,,Y,,A,01,0,1,0,0,0,0,0,0,0,"- ","- ",37.327598571777344,-120.55898284912109,MERCED,UNINCORPORATED,-120.55898284912109,37.327598571777344
92314784,2024,2024-02-15,9460,2024-02-07,1820,020099,,3,2,9,2400,0,3,5,,2,040,"LA GRANGE RD","HENDERSON RD",1056.00,N,N,B,C,N,,,,,,,,,,Y,3,0,1,1,C,-,18,,,N,E,H,A,B,H,-,D,D,0,,,,,Y,,-,"- ",0,1,0,0,0,0,0,0,0,"- ","- ",37.531909942626953,-120.42935180664062,MERCED,UNINCORPORATED,-120.42958068847656,37.530918121337891
92315429,2024,2024-02-15,9461,2024-02-03,"440 ",021940,,6,3,9,2400,0,1,3,,1,152,"SR-152 E/B","DINOSAUR POINT RD.",5280.00,E,N,A,-,Y,MER,,152," ",R,0.742,H,,R,Y,3,0,1,1,A,-,03,22350,,N,E,I,A,B,H,-,D,D,0,,,,,Y,,A,07,0,1,0,0,0,0,0,0,0,"- ","- ",37.076690673828125,-121.20736694335938,MERCED,UNINCORPORATED,-121.20734405517578,37.076656341552734
92315431,2024,2024-02-15,9460,2024-02-08,"59  ",021320,,4,3,9,2400,0,3,5,,2,030,"ASHBY ROAD","FRANKLIN ROAD",528.00,E,N,B,-,N,,,,,,,,,,Y,3,0,1,1,A,-,08,22107,,N,E,8,A,B,H,-,C,D,0,,,,,Y,,A,01,0,1,0,0,0,0,0,0,0,"- ","- ",37.320880889892578,-120.5396728515625,MERCED,UNINCORPORATED,-120.54026794433594,37.323013305664062
92315469,2024,2024-02-15,9461,2024-02-08,"826 ",021280,,4,1,9,2400,0,1,3,,1,152,"SR-152 W/B","ROMERO VISITOR CENTER ENTRANCE",4752.00,W,N,A,-,Y,MER,,152," ",R,7.277,H,,L,Y,2,0,1,2,A,-,01,23152,A,N,E,8,A,A,H,-,A,D,0,,,,,Y,Y,A,07,1,0,0,0,0,0,0,0,0,"- ","- ",37.087989807128906,-121.11344909667969,MERCED,UNINCORPORATED,-121.11341857910156,37.088024139404297
92317927,2024,2024-02-20,9461,2024-02-10,2225,020486,,6,3,9,2400,0,1,3,,1,265,SR-165,"PIONEER ROAD",30.00,S,N,A,-,Y,MER,,165," "," ",7.770,H,,R,N,4,0,1,1,A,-,01,23152,A,N,F,A,A,A,H,-,D,D,0,,,,,Y,Y,A,07,0,0,1,0,0,0,0,0,0,"- ","- ",37.042221069335938,-120.83595275878906,MERCED,UNINCORPORATED,-120.83578491210938,37.042217254638672
92318167,2024,2024-02-20,9460,2024-02-03,1800,022163,,6,2,5,2406,0,1,3,,2,003,"SR-99 N/B","R ST",1947.00,S,N,B,-,Y,MER,,99," "," ",15.057,H,,R,N,2,0,1,2,A,-,01,23152,A,M,C,C,A,A,H,-,C,A,0,,,,,Y,Y,A,01,1,0,0,0,0,0,0,0,0,"- ","- ",37.298820495605469,-120.48847198486328,MERCED,MERCED,-120.48847198486328,37.298816680908203
92318245,2024,2024-02-20,9460,2024-02-08,2045,022190,,4,2,9,2400,0,1,3,,1,591,SR-59,"GERARD AVENUE",0.00,,Y,B,-,Y,MER,,59," "," ",13.629,H,,R,Y,4,0,2,2,A,-,01,23152,A,N,D,C,A,B,H,-,D,A,0,,,,,Y,Y,A,07,0,0,2,0,0,0,0,0,0,"- ","- ",37.280990600585938,-120.48770141601562,MERCED,UNINCORPORATED,-120.48764801025391,37.280979156494141
92318311,2024,2024-03-19,9460,2024-02-08,1654,019806,,4,2,9,2400,0,3,5,,2,030,"CRESSEY WAY","ALMOND AVENUE",916.00,N,N,B,-,N,,,,,,,,,,N,2,0,1,2,A,-,03,22350,,N,C,G,A,A,H,-,A,D,0,,Y,,,Y,,A,08,1,0,0,0,0,0,1,0,0,"- ","- ",37.384170532226562,-120.66812133789062,MERCED,UNINCORPORATED,-120.66809844970703,37.384593963623047
92318549,2024,2024-02-20,9460,2024-02-12,1740,021662,,1,2,3,2401,0,1,3,,2,002,"SR-99 N/B","APPLEGATE RD",500.00,S,N,A,-,Y,MER,,99," "," ",22.600,H,,R,N,4,0,1,2,A,-,03,22350,,F,C,C,A,A,H,-,A,D,0,,,,,Y,,D,22,0,0,1,0,0,0,0,0,0,"- ","- ",37.343719482421875,-120.6107177734375,MERCED,ATWATER,-120.61068725585938,37.343776702880859
92318578,2024,2024-02-20,9461,2024-02-09,1455,022033,,5,2,9,2400,0,1,3,,1,452,"SR-152 E/B","ARROYA AVENUE",0.00,,Y,A,-,Y,MER,,152," "," ",30.323,H,,L,Y,4,0,3,2,A,-,09,21802,A,N,D,2,A,A,H,-,A,A,0,,,,,Y,,D,22,0,0,3,0,0,0,0,0,0,"- ","- ",37.054538726806641,-120.67172241210938,MERCED,UNINCORPORATED,-120.67172241210938,37.054527282714844
92319116,2024,2024-02-21,9460,2024-02-13,1432,018778,,2,2,5,2406,0,1,3,,2,003,"SR-99 S/B","G STREET",360.00,S,N,A,-,Y,MER,,99," "," ",14.353,H,,L,Y,4,0,3,3,A,-,03,22350,,N,C,C,A,A,D,-,A,A,0,,,,Y,Y,,A,01,0,0,3,0,0,0,0,0,0,"- ","- ",37.295131683349609,-120.47663116455078,MERCED,MERCED,-120.47663116455078,37.295158386230469
92319336,2024,2024-02-21,9460,2024-02-14,"912 ",019286,,3,1,9,2400,0,1,3,,1,591,SR-59,"DICKENSON FERRY ROAD",0.00,,Y,B,-,Y,MER,,59," "," ",13.128,H,,R,Y,4,0,3,2,A,-,09,21802,A,N,D,C,A,A,H,-,A,A,0,,,,,Y,,A,01,0,0,3,0,0,0,0,0,0,"- ","- ",37.273700714111328,-120.48793029785156,MERCED,UNINCORPORATED,-120.48784637451172,37.273700714111328
92319365,2024,2024-02-21,9460,2024-02-18,"720 ",019106,,7,1,9,2400,0,1,3,,1,165,SR-165,"WESIDE BOULEVARD",1003.00,S,N,E,-,Y,,,,,,,,,,N,3,0,1,1,A,-,08,22107,,N,E,I,A,B,H,-,A,A,0,,,,,Y,,A,01,0,1,0,0,0,0,0,0,0,"- ","- ",37.358020782470703,-120.85028076171875,MERCED,UNINCORPORATED,-120.85033416748047,37.358020782470703
92319412,2024,2024-02-21,9460,2024-02-16,1347,022049,,5,1,9,2400,0,2,4,,1,041,"SANTA FE DR","SPACEPORT ENTRY",0.00,,Y,A,-,N,,,,,,,,,,N,4,0,1,2,A,-,03,22350,,N,C,C,A,A,H,-,A,D,0,,,,,Y,,D,22,0,0,1,0,0,0,0,0,0,"- ","- ",37.359020233154297,-120.57048797607422,MERCED,UNINCORPORATED,,
92319463,2024,2024-02-21,9460,2024-02-19,"25  ",021537,,1,3,9,2400,0,1,3,,2,001,"SR-99 N/B","COLLIER RD",5280.00,S,N,B,C,Y,MER,,99," ",R,31.835,H,,R,N,4,0,1,1,A,-,03,22350,,N,E,I,A,B,H,-,D,D,0,,,,,Y,,A,01,0,0,1,0,0,0,0,0,0,"- ","- ",37.407920837402344,-120.75083160400391,MERCED,UNINCORPORATED,-120.75077056884766,37.407962799072266
92320289,2024,2024-07-15,9460,2024-02-10,"845 ",021856,,6,1,9,2400,0,1,3,,2,002,"SR-99 N/B","FRANKLIN RD",4224.00,S,N,A,-,Y,MER,,99," "," ",17.650,H,,R,Y,4,0,5,3,A,-,08,22107,,M,C,C,A,A,H,-,A,D,0,,,,,Y,,-,99,0,0,5,0,0,0,0,0,0,"- ","- ",37.316539764404297,-120.52873992919922,MERCED,UNINCORPORATED,-120.52873992919922,37.316543579101562
92321437,2024,2024-02-23,9460,2024-02-16,1559,019806,,5,2,9,2400,0,1,3,,1,590,SR-59,"SNELLING RD",1373.00,N,N,B,-,Y,MER,,59," "," ",32.519,H,,R,Y,2,0,3,2,A,-,05,21650,,N,A,C,A,A,H,-,A,D,0,,,Y,,Y,,A,07,3,0,0,0,0,0,0,0,2,"- ","- ",37.516689300537109,-120.44815826416016,MERCED,UNINCORPORATED,-120.44815826416016,37.516685485839844
92321944,2024,2024-02-23,9460,2024-02-17,1411,021856,,6,2,9,2400,0,3,5,,2,020,"CAMPGROUND ROAD","ALICE AVE",101.00,S,N,B,C,N,,,,,,,,,,Y,3,0,1,1,A,-,01,23152,A,N,E,I,A,B,H,-,A,D,0,,,,,Y,Y,A,01,0,1,0,0,0,0,0,0,0,"- ","- ",37.404861450195312,-120.7481689453125,MERCED,UNINCORPORATED,-120.74859619140625,37.404781341552734
92322948,2024,2024-02-26,9460,2024-02-19,1634,020840,,1,2,9,2400,0,3,5,,2,090,"SULTANA DRIVE","LONGVIEW AVE",0.00,,Y,A,-,N,,,,,,,,,,N,3,0,3,2,A,-,12,22450,A,N,D,C,A,A,H,-,A,A,0,,,,,Y,,A,07,0,2,1,0,0,0,0,0,0,"- ","- ",37.353099822998047,-120.68679046630859,MERCED,UNINCORPORATED,-120.686767578125,37.353122711181641
92322949,2024,2024-02-26,9460,2024-02-16,1430,022049,,5,2,9,2400,0,3,5,,2,030,"GERTRUDE AVE","WINTON WAY",0.00,,Y,A,-,N,,,,,,,,,,N,4,0,4,2,A,-,21,22106,,N,C,C,A,A,H,-,A,A,0,,,,,Y,,A,07,0,0,4,0,0,0,0,0,0,"- ","- ",37.374961853027344,-120.6138916015625,MERCED,UNINCORPORATED,-120.61367797851562,37.374965667724609
92322999,2024,2024-02-26,9460,2024-02-17,1519,018778,,6,2,9,2400,0,1,3,,1,142,SR-140,"N. BUHACH ROAD",10.00,E,N,C,-,Y,MER,,140," "," ",31.516,H,,R,Y,4,0,3,2,A,-,03,22350,,N,C,C,A,B,H,-,A,D,0,,,,,Y,,A,01,0,0,3,0,0,0,0,0,0,"- ","- ",37.302360534667969,-120.57762908935547,MERCED,UNINCORPORATED,-120.57762908935547,37.302303314208984
92323163,2024,2024-02-26,9460,2024-02-23,"930 ",015398,,5,1,9,2400,0,1,3,,1,165,SR-165,"BRADBURY RD.",1426.00,S,N,B,-,Y,MER,,165," "," ",36.169,H,,R,N,4,0,1,2,A,-,03,22350,,N,C,C,A,A,H,-,A,D,0,,,,,Y,,D,22,0,0,1,0,0,0,0,0,0,"- ","- ",37.444919586181641,-120.84921264648438,MERCED,UNINCORPORATED,-120.84922027587891,37.444919586181641
92323237,2024,2024-02-26,9460,2024-02-18,1615,021856,,7,2,9,2400,0,2,4,,1,051,SR-59,"TURLOCK RD",5280.00,S,N,A,-,Y,MER,,59," "," ",27.750,H,,R,Y,3,0,1,1,A,-,01,23152,A,N,E,8,A,A,H,-,A,D,0,,,,,Y,Y,A,01,0,1,0,0,0,0,0,0,0,"- ","- ",37.47821044921875,-120.50299072265625,MERCED,UNINCORPORATED,-120.50308227539062,37.47821044921875
92323289,2024,2024-02-26,9460,2024-02-21,1410,018603,,3,2,9,2400,0,1,3,,2,002,"SR-99 S/B","ATWATER MERCED EXPRESSWAY",3100.00,S,N,A,-,Y,MER,,99," "," ",19.452,H,,L,Y,4,0,1,2,A,-,03,22350,,N,C,C,A,A,H,-,A,D,0,,,,,Y,,D,22,0,0,1,0,0,0,0,0,0,"- ","- ",37.327228546142578,-120.55844879150391,MERCED,UNINCORPORATED,-120.55845642089844,37.327224731445312
92323331,2024,2024-02-26,9460,2024-02-23,1338,020840,,5,1,9,2400,0,1,3,,1,142,"RT 140","SULTANA DR",4900.00,E,N,A,-,Y,MER,,140," "," ",26.332,H,,R,N,3,0,5,1,A,-,08,22107,,N,F,0,A,A,H,-,A,D,0,,,,,Y,,A,01,0,2,3,0,0,0,0,0,0,"- ","- ",37.301021575927734,-120.67163848876953,MERCED,UNINCORPORATED,-120.67163848876953,37.300979614257812
92323513,2024,2024-02-26,9460,2024-02-23,1039,019806,,5,1,5,2406,0,1,3,,2,003,SR99,"V ST",3168.00,N,N,B,-,Y,MER,,99," "," ",16.508,H,,R,N,4,0,1,2,A,-,03,22350,,N,C,C,A,A,D,-,A,D,0,,,,,Y,,A,08,0,0,1,0,0,0,0,0,0,"- ","- ",37.308811187744141,-120.51093292236328,MERCED,MERCED,-120.51072692871094,37.308929443359375
92325160,2024,2024-02-28,9460,2024-02-23,1705,022315,,5,2,9,2400,0,1,3,,2,001,SR-99,"COLLIER RD",4000.00,N,N,A,-,Y,MER,,99," ",M,32.705,H,,L,N,3,0,1,2,A,-,03,22350,,N,C,C,A,A,H,-,A,D,0,,,,,Y,,A,07,0,1,0,0,0,0,0,0,0,"- ","- ",37.417701721191406,-120.76094055175781,MERCED,UNINCORPORATED,-120.76094818115234,37.417694091796875
92325697,2024,2024-02-28,9460,2024-02-19,1540,019286,,1,2,9,2400,0,1,3,,2,003,"SR-99 N/B FROM MARTIN LUTHER KING JR. WAY","MARTIN LUTHER KING JR. WAY",450.00,N,N,B,-,Y,MER,,99," "," ",14.823,H,,R,Y,3,0,2,2,A,-,03,22350,,N,C,C,A,A,D,-,A,D,0,,,,,Y,,A,01,0,1,1,0,0,0,0,0,0,"- ","- ",37.297500610351562,-120.48459625244141,MERCED,UNINCORPORATED,-120.48464965820312,37.297412872314453
92325754,2023,2024-02-28,9460,2023-12-13,2115,018422,,3,2,9,2400,0,1,3,,2,002,"SR-99 (S/B)","SULTANA DRIVE",3696.00,S,N,A,-,Y,MER,,99," "," ",26.418,H,,L,N,1,1,0,2,A,-,11,21954,A,N,G,B,E,A,H,-,D,D,0,Y,,,,Y,Y,N,60,0,0,0,1,0,0,0,0,0,"- ","- ",37.368480682373047,-120.67093658447266,MERCED,UNINCORPORATED,-120.67092895507812,37.368495941162109
92325779,2024,2024-02-28,9461,2024-02-17,1330,018910,,6,1,9,2400,0,1,3,,1,152,"STATE ROUTE 152 EASTBOUND","ROMERO VISITOR CENTER",1056.00,E,N,B,C,Y,MER,,152," ",R,8.498,H,,R,Y,3,0,2,1,A,-,08,22107,,N,F,A,A,B,A,-,A,D,0,,,,,Y,,A,01,0,1,1,0,0,0,0,0,0,"- ","- ",37.081428527832031,-121.09317016601562,MERCED,UNINCORPORATED,-121.09300994873047,37.081607818603516
92325810,2024,2024-02-28,9461,2024-02-17,2135,021056,,6,2,5,2406,0,3,5,,2,050,"PALM AVE S/B","ANDREWS RD",2.00,N,N,B,C,N,,,,,,,,,,Y,3,0,3,1,A,-,01,23152,A,N,E,I,A,B,H,-,D,D,0,,,,,Y,Y,D,22,0,3,0,0,0,0,0,0,0,"- ","- ",37.025310516357422,-120.61746215820312,MERCED,MERCED,-120.61753082275391,37.025276184082031
92325818,2024,2024-02-28,9461,2024-02-19,2013,022033,,1,2,9,2400,0,3,5,,2,010,"I-5 N/B","WHITWORTH ROAD",1584.00,S,N,B,-,Y,MER,,5," "," ",23.541,H,,R,Y,4,0,1,2,A,-,08,22107,,N,C,C,A,A,H,-,C,D,0,,,,,Y,,A,07,0,0,1,0,0,0,0,0,0,"- ","- ",37.127998352050781,-121.03066253662109,MERCED,UNINCORPORATED,-121.03073883056641,37.127967834472656
92329456,2024,2024-03-04,9460,2024-02-24,"124 ",022339,,6,3,9,2400,0,1,3,,2,003,"SR-99 SOUTHBOUND","MISSION AVE",11141.00,S,N,A,-,Y,MER,,99," ",R,9.630,H,,L,N,4,0,1,1,A,-,08,22107,,N,E,I,A,A,H,-,D,D,0,,,,Y,Y,,G,25,0,0,1,0,0,0,0,0,0,"- ","- ",37.252079010009766,-120.41287231445312,MERCED,UNINCORPORATED,-120.4127197265625,37.252197265625
92330263,2024,2024-03-05,9460,2024-02-27,1524,018778,,2,2,9,2400,0,3,5,,2,060,"ARBOLEDA DRIVE","EAST SOUTH BEAR CREEK DRIVE",0.00,,Y,A,-,N,,,,,,,,,,Y,4,0,1,2,A,-,05,21752,D,N,D,C,A,A,H,-,A,A,0,,,,,Y,,A,07,0,0,1,0,0,0,0,0,0,"- ","- ",37.310089111328125,-120.37879180908203,MERCED,UNINCORPORATED,-120.37879943847656,37.310031890869141
92330424,2024,2024-03-05,9460,2024-02-29,"637 ",019806,,4,1,9,2400,0,1,3,,1,591,SR-59,"EL NIDO RD",160.00,N,N,B,-,Y,MER,,59," "," ",3.569,H,,R,N,4,0,1,2,A,-,03,22350,,N,C,C,A,A,H,-,A,D,0,,,,,Y,,A,01,0,0,1,0,0,0,0,0,0,"- ","- ",37.135440826416016,-120.49211883544922,MERCED,UNINCORPORATED,-120.49210357666016,37.135440826416016
92330499,2024,2024-03-05,9460,2024-02-29,1145,018603,,4,1,9,2400,0,3,5,,2,040,"SHAFFER RD","FISHER RD",1425.00,N,N,A,-,N,,,,,,,,,,N,4,0,1,2,A,-,09,21804,A,N,B,C,A,A,H,-,A,D,0,,,,,Y,,D,22,0,0,1,0,0,0,0,0,0,"- ","- ",37.436588287353516,-120.59429168701172,MERCED,UNINCORPORATED,-120.59435272216797,37.436820983886719
92330528,2023,2024-03-05,9460,2023-10-15,"623 ",019806,,7,1,9,2400,0,1,3,,2,003,"SR-99 S/B","PLAINSBURG ROAD",6336.00,S,N,E,-,Y,MER,,99," ",R,2.144,H,,L,N,1,1,0,3,A,-,11,21954,A,F,G,B,E,A,H,-,D,D,0,Y,,,Y,Y,,G,25,0,0,0,1,0,0,0,0,0,"- ","- ",37.176349639892578,-120.31655120849609,MERCED,UNINCORPORATED,-120.31654357910156,37.176357269287109
92330571,2024,2024-03-05,9460,2024-02-29,1300,018603,,4,1,9,2400,0,3,5,,2,040,"BELCHER AVE","BEACHWOOD DR",0.00,,Y,A,-,N,,,,,,,,,,Y,4,0,3,3,A,-,09,21801,A,N,A,C,A,A,H,-,A,D,0,,,,,Y,,A,01,0,0,3,0,0,0,0,0,0,"- ","- ",37.338981628417969,-120.52729034423828,MERCED,UNINCORPORATED,-120.52732849121094,37.338993072509766
92330992,2024,2024-03-06,9460,2024-02-23,2211,020857,,5,3,9,2400,0,1,3,,2,003,"SR-99 S/B","E. MISSION BLVD",8976.00,S,N,A,-,Y,MER,,99," ",R,9.963,H,,L,Y,3,0,1,2,A,-,03,22350,,N,D,C,A,A,H,-,D,D,0,,,,,Y,,A,01,0,1,0,0,0,0,0,0,0,"- ","- ",37.255580902099609,-120.4168701171875,MERCED,UNINCORPORATED,-120.41688537597656,37.255569458007812
92331029,2024,2024-03-06,9460,2024-03-01,"509 ",022049,,5,3,9,2400,0,1,3,,2,002,"SR-99 S/B","WESTSIDE BLVD",2640.00,N,N,B,C,Y,MER,,99," "," ",25.543,H,,L,Y,4,0,1,2,A,-,03,22350,,N,C,C,A,B,H,-,D,D,0,,,,Y,Y,,A,01,0,0,1,0,0,0,0,0,0,"- ","- ",37.363311767578125,-120.65696716308594,MERCED,UNINCORPORATED,-120.65691375732422,37.363418579101562
92331184,2024,2024-03-06,9460,2024-03-01,"600 ",022049,,5,1,9,2400,0,3,5,,2,030,"WALNUT AVE","CRESSEY WAY",1653.00,E,N,B,C,N,,,,,,,,,,N,4,0,1,1,A,-,03,22350,,N,E,I,A,B,H,-,B,D,0,,,,,Y,,A,01,0,0,1,0,0,0,0,0,0,"- ","- ",37.389259338378906,-120.66217041015625,MERCED,UNINCORPORATED,-120.66225433349609,37.389358520507812
92331252,2024,2024-03-06,9460,2024-02-23,2210,022163,,5,3,9,2400,0,1,3,,2,003,"SR-99 S/B","E. MISSION BLVD",8976.00,S,N,A,-,Y,MER,,99," ",R,9.963,H,,L,Y,3,0,3,2,A,-,03,22350,,N,C,2,A,A,H,-,D,A,0,,,,,Y,,A,07,0,1,2,0,0,0,0,0,0,"- ","- ",37.255580902099609,-120.4168701171875,MERCED,UNINCORPORATED,-120.41688537597656,37.255569458007812
92331271,2023,2024-03-06,9460,2023-12-26,1046,018922,,2,1,9,2400,0,1,3,,1,591,SR-59,"MICHAEL ROAD",12.00,S,N,B,-,Y,MER,,59," "," ",9.557,H,,R,Y,1,1,1,2,A,-,08,22107,,N,A,C,A,A,H,-,A,D,0,,,,Y,Y,,A,07,0,0,1,0,0,0,0,0,0,"- ","- ",37.221988677978516,-120.48798370361328,MERCED,UNINCORPORATED,-120.48802185058594,37.221988677978516
92331280,2023,2024-03-06,9460,2023-12-28,"445 ",021150,,4,3,9,2400,0,1,3,,2,002,"SR-99 S/B","ATWATER-MERCED EXPRESSWAY",1584.00,S,N,B,-,Y,MER,,99," ",R,19.623,H,,L,N,1,1,1,1,A,-,08,22107,,N,F,A,A,B,H,-,D,D,0,,,,,Y,,A,01,1,0,0,0,0,0,0,0,0,"- ","- ",37.328201293945312,-120.56143188476562,MERCED,UNINCORPORATED,-120.56136322021484,37.328304290771484
92332200,2024,2024-03-07,9460,2024-02-24,"803 ",021856,,6,1,9,2400,0,1,3,,1,140,SR-165,SR-140,0.00,,Y,A,-,Y,MER,,165," "," ",26.873,H,,R,Y,3,0,3,2,A,-,12,22450,A,N,D,C,A,A,H,-,A,D,0,,,,,Y,,D,22,0,1,2,0,0,0,0,0,0,"- ","- ",37.313179016113281,-120.85125732421875,MERCED,UNINCORPORATED,-120.85124206542969,37.313179016113281
92332559,2024,2024-03-07,9460,2024-03-01,1618,018603,,5,2,9,2400,0,2,4,,1,031,"WINTON WAY","ALMOND AVE",0.00,,Y,C,-,N,,,,,,,,,,N,4,0,1,2,A,-,10,21950,A,N,G,B,B,B,H,-,A,A,0,Y,,,,Y,,A,01,0,0,1,0,1,0,0,0,0,"- ","- ",37.382148742675781,-120.61357879638672,MERCED,UNINCORPORATED,-120.61354064941406,37.382156372070312
92333535,2024,2024-03-08,9460,2024-03-05,"750 ",019106,,2,1,9,2400,0,3,5,,2,050,"CAMPUS PARKWAY","OLIVE AVENUE",0.00,,Y,B,-,N,,,,,,,,,,N,4,0,1,2,A,-,03,22350,,F,C,C,A,A,H,-,A,D,0,,,,,Y,,-,99,0,0,1,0,0,0,0,0,0,"- ","- ",37.317741394042969,-120.42279052734375,MERCED,UNINCORPORATED,-120.47277069091797,37.318778991699219
92334646,2024,2024-03-11,9461,2024-03-01,1238,022197,,5,1,9,2400,0,1,3,,2,453,"SR-152 WB","INDIANA RD",1320.00,W,N,B,C,Y,MER,,152," ",R,33.830,H,,L,Y,4,0,1,1,A,-,03,22350,,N,E,I,A,B,H,-,A,D,0,,,,,Y,,A,01,0,0,1,0,0,0,0,0,0,"- ","- ",37.048011779785156,-120.60946655273438,MERCED,UNINCORPORATED,-120.60946655273438,37.047985076904297
92335136,2024,2024-03-26,9460,2024-03-05,"745 ",018422,,2,1,9,2400,0,2,4,,1,042,"SANTA FE DR.","SHAFFER RD.",1584.00,W,N,B,-,N,,,,,,,,,,Y,3,0,2,4,A,-,03,22350,,N,C,C,A,A,H,-,A,D,0,,,,,Y,,A,01,0,1,1,0,0,0,0,0,0,"- ","- ",37.377220153808594,-120.5997314453125,MERCED,UNINCORPORATED,-120.59983825683594,37.377262115478516
92335239,2024,2024-03-11,9460,2024-03-04,"607 ",018778,,1,1,9,2400,0,2,4,,1,091,"LINCOLN BLVD","BELL DR",528.00,N,N,E,-,N,,,,,,,,,,Y,3,0,1,2,A,-,08,22107,,N,C,G,A,A,H,-,B,D,0,,Y,,,Y,,L,04,0,1,0,0,0,0,1,0,0,"- ","- ",37.34783935546875,-120.72371673583984,MERCED,UNINCORPORATED,-120.72373199462891,37.347511291503906
92335327,2024,2024-03-11,9460,2024-01-17,"157 ",021320,,3,3,9,2400,0,2,4,,1,041,"SANTA FE DRIVE","BRADBURY ROAD",350.00,N,N,B,C,N,,,,,,,,,,N,1,1,0,1,A,-,01,23152,A,N,E,8,A,B,H,-,D,D,0,,,,,Y,Y,A,01,0,0,0,0,0,0,0,0,0,"- ","- ",37.448738098144531,-120.69670104980469,MERCED,UNINCORPORATED,-120.69683837890625,37.448772430419922
92335380,2024,2024-03-20,9461,2024-03-03,1145,018910,,7,1,9,2400,0,1,3,,1,152,"STATE ROUTE 152 EASTBOUND","ROMERO VISITORS CENTER",2112.00,W,N,B,-,Y,MER,,152," ",R,7.599,H,,R,Y,3,0,1,2,A,-,01,23152,A,F,E,I,A,A,H,-,A,D,0,,,,,Y,Y,A,01,0,1,0,0,0,0,0,0,0,"- ","- ",37.085590362548828,-121.10845184326172,MERCED,UNINCORPORATED,-121.10848236083984,37.085506439208984
92336066,2024,2024-03-12,9461,2024-02-29,1413,017029,,4,2,9,2400,0,3,5,,2,050,"BRANNON AVE","VALERIA AVE",528.00,N,N,B,-,N,,,,,,,,,,Y,4,0,1,1,A,-,08,22107,,M,E,I,A,A,H,-,A,D,0,,,,,Y,,A,01,0,0,1,0,0,0,0,0,0,"- ","- ",36.985511779785156,-120.59961700439453,MERCED,UNINCORPORATED,-120.59954071044922,36.983131408691406
92336092,2024,2024-03-12,9461,2024-03-01,2110,022197,,5,2,9,2400,0,1,3,,1,152,"SR-152 E/B","DINOSAUR POINT RD.",3960.00,E,N,B,C,Y,MER,,152," ",R,0.619,H,,R,Y,3,0,1,1,A,-,03,22350,,N,E,I,A,B,H,-,D,D,0,,,,,Y,,A,01,0,1,0,0,0,0,0,0,0,"- ","- ",37.075389862060547,-121.20883178710938,MERCED,UNINCORPORATED,-121.20893859863281,37.075447082519531