CASE_ID,ACCIDENT_YEAR,PROC_DATE,JURIS,COLLISION_DATE,COLLISION_TIME,OFFICER_ID,REPORTING_DISTRICT,DAY_OF_WEEK,CHP_SHIFT,POPULATION,CNTY_CITY_LOC,SPECIAL_COND,BEAT_TYPE,CHP_BEAT_TYPE,CITY_DIVISION_LAPD,CHP_BEAT_CLASS,BEAT_NUMBER,PRIMARY_RD,SECONDARY_RD,DISTANCE,DIRECTION,INTERSECTION,WEATHER_1,WEATHER_2,STATE_HWY_IND,CALTRANS_COUNTY,CALTRANS_DISTRICT,STATE_ROUTE,ROUTE_SUFFIX,POSTMILE_PREFIX,POSTMILE,LOCATION_TYPE,RAMP_INTERSECTION,SIDE_OF_HWY,TOW_AWAY,COLLISION_SEVERITY,NUMBER_KILLED,NUMBER_INJURED,PARTY_COUNT,PRIMARY_COLL_FACTOR,PCF_CODE_OF_VIOL,PCF_VIOL_CATEGORY,PCF_VIOLATION,PCF_VIOL_SUBSECTION,HIT_AND_RUN,TYPE_OF_COLLISION,MVIW,PED_ACTION,ROAD_SURFACE,ROAD_COND_1,ROAD_COND_2,LIGHTING,CONTROL_DEVICE,CHP_ROAD_TYPE,PEDESTRIAN_ACCIDENT,BICYCLE_ACCIDENT,MOTORCYCLE_ACCIDENT,TRUCK_ACCIDENT,NOT_PRIVATE_PROPERTY,ALCOHOL_INVOLVED,STWD_VEHTYPE_AT_FAULT,CHP_VEHTYPE_AT_FAULT,COUNT_SEVERE_INJ,COUNT_VISIBLE_INJ,COUNT_COMPLAINT_PAIN,COUNT_PED_KILLED,COUNT_PED_INJURED,COUNT_BICYCLIST_KILLED,COUNT_BICYCLIST_INJURED,COUNT_MC_KILLED,COUNT_MC_INJURED,PRIMARY_RAMP,SECONDARY_RAMP,LATITUDE,LONGITUDE,COUNTY,CITY,POINT_X,POINT_Y
92418539,2024,2024-06-19,9460,2024-06-18,1558,015398,,2,2,9,2400,0,3,5,,2,010,"TURNER RD.","KELLEY RD.",0.00,,Y,B,-,N,,,,,,,,,,Y,4,0,2,3,A,-,09,21801,A,N,D,C,A,A,H,-,A,A,0,,,,,Y,,A,07,0,0,2,0,0,0,0,0,0,"- ","- ",37.372428894042969,-120.95517730712891,MERCED,UNINCORPORATED,-120.95523071289062,37.372474670410156
9242014,2021,2021-04-22,2406,2021-03-22,1612,290,2,1,5,5,2406,0,0,0,,0,020,"G ST","27TH ST",0.00,,Y,A,-,N,,,,,,,,,,Y,3,0,1,2,A,-,22,23123,5,N,C,C,A,A,H,-,A,D,0,,,,,Y,,A,01,0,1,0,0,0,0,0,0,0,"- ","- ",,,MERCED,MERCED,-120.47003936767578,37.308628082275391
9242015,2021,2021-04-22,2406,2021-03-25,1451,129,CENTR,4,5,5,2406,0,0,0,,0,021,"R ST","WEST 21ST ST",33.00,S,N,B,-,N,,,,,,,,,,N,4,0,1,3,A,-,03,22350,,N,C,D,A,A,H,-,A,A,0,,,,,Y,,A,08,0,0,1,0,0,0,0,0,0,"- ","- ",,,MERCED,MERCED,-120.49017333984375,37.308666229248047
9242016,2021,2021-04-22,2406,2021-03-25,1519,162,2,4,5,5,2406,0,0,0,,0,020,"EAST 27TH ST","6TH AV",0.00,,Y,B,-,N,,,,,,,,,,Y,3,0,1,2,A,-,09,21800,A,F,D,C,A,A,H,-,A,D,0,,,,,Y,,A,07,0,1,0,0,0,0,0,0,0,"- ","- ",,,MERCED,MERCED,-120.46558380126953,37.307071685791016
9242017,2021,2021-04-22,2406,2021-03-25,1543,256,1,4,5,5,2406,0,0,0,,0,011,"LOUGHBOROUGH DR","WEST OLIVE AV",50.00,S,N,A,-,N,,,,,,,,,,N,4,0,2,2,A,-,03,22350,,N,C,C,A,A,H,-,A,A,0,,,,,Y,,A,01,0,0,2,0,0,0,0,0,0,"- ","- ",,,MERCED,MERCED,-120.49980163574219,37.318912506103516
92420353,2024,2024-06-21,9460,2024-06-16,"208 ",022190,,7,3,9,2400,0,1,3,,2,002,"SR-99 N/B","APPLEGATE ROAD",2650.00,N,N,A,-,Y,MER,,99," "," ",23.271,H,,R,Y,4,0,1,1,A,-,01,23152,A,N,E,I,A,A,H,-,D,D,0,,,,,Y,Y,A,01,0,0,1,0,0,0,0,0,0,"- ","- ",37.348289489746094,-120.62113189697266,MERCED,UNINCORPORATED,-120.62117767333984,37.348251342773438
92420476,2024,2024-06-21,9461,2024-06-14,1304,021536,,5,1,9,2400,0,1,1,,2,105,"I-5 N/B",SR-33,720.00,N,N,A,-,Y,MER,,5," "," ",21.984,H,,R,Y,2,0,8,5,A,-,03,22350,,N,C,C,A,A,H,-,A,D,0,,,,,Y,,A,07,2,3,3,0,0,0,0,0,0,"- ","- ",37.108261108398438,-121.01719665527344,MERCED,UNINCORPORATED,-121.01717376708984,37.1082763671875
92421593,2024,2024-06-24,9460,2024-06-12,2325,022339,,3,3,9,2400,0,3,5,,2,030,"OLIVE AVE","VINE AVE",0.00,,Y,A,-,N,,,,,,,,,,Y,4,0,1,2,A,-,09,21804,A,N,D,C,A,A,H,-,D,A,0,,,,,Y,,A,01,0,0,1,0,0,0,0,0,0,"- ","- ",37.355239868164062,-120.63226318359375,MERCED,UNINCORPORATED,-120.63169097900391,37.396591186523438
92421600,2024,2024-06-24,9460,2024-06-15,1413,020840,,6,2,9,2400,0,3,5,,2,040,"EUCALYPTUS AVE","SHAFFER ROAD",0.00,,Y,A,-,N,,,,,,,,,,N,4,0,1,2,A,-,09,21802,A,N,D,C,A,A,H,-,A,A,0,,,,,Y,,A,01,0,0,1,0,0,0,0,0,0,"- ","- ",37.403938293457031,-120.59497833251953,MERCED,UNINCORPORATED,-120.594970703125,37.403964996337891
92421636,2024,2024-06-24,9461,2024-06-13,"510 ",020486,,4,3,9,2400,0,1,3,,1,153,"STATE HIGHWAY 152 E/B","VOLTA ROAD",3168.00,W,N,A,-,Y,MER,,152," "," ",15.594,H,,L,Y,4,0,1,2,A,-,08,22107,,N,F,A,A,A,H,-,B,D,0,,,,,Y,,A,01,0,0,1,0,0,0,0,0,0,"- ","- ",37.056838989257812,-120.93831634521484,MERCED,UNINCORPORATED,-120.93832397460938,37.056755065917969
92421648,2024,2024-06-24,9461,2024-06-13,1825,021785,,4,2,9,2400,0,1,3,,1,152,"SR-152 E/B","BASALT RD",3960.00,E,N,A,-,Y,MER,,152," ",R,11.674,H,,R,Y,4,0,1,2,A,-,03,22350,,N,C,2,A,A,H,-,A,D,0,,,,,Y,,A,01,0,0,1,0,0,0,0,0,0,"- ","- ",37.057369232177734,-121.04483032226562,MERCED,UNINCORPORATED,-121.04483032226562,37.057361602783203
92421873,2024,2024-06-24,9460,2024-06-15,1937,022162,,6,2,9,2400,0,3,5,,2,010,"HARMONY RANCH DR","SHANKS RD",125.00,S,N,A,-,N,,,,,,,,,,N,3,0,1,2,A,-,05,21460,A,N,B,C,E,A,H,-,A,D,0,Y,,,,Y,,A,07,0,1,0,0,1,0,0,0,0,"- ","- ",37.4228515625,-120.78399658203125,MERCED,UNINCORPORATED,-120.78626251220703,37.422859191894531
92422127,2024,2024-06-24,9460,2024-06-22,2017,022162,,6,2,9,2400,0,1,3,,2,001,"SR-99 S/B","WINTON PARKWAY",300.00,S,N,A,-,Y,MER,,99," ",R,30.077,H,,L,N,3,0,2,1,C,-,18,,,N,E,G,A,A,H,-,A,D,0,,,,,Y,,-,"- ",0,2,0,0,0,0,0,0,0,"- ","- ",37.388671875,-120.73136901855469,MERCED,UNINCORPORATED,-120.73138427734375,37.388572692871094
92422259,2024,2024-06-24,9460,2024-06-22,"910 ",020840,,6,1,9,2400,0,1,3,,1,590,"RT 59","YOUD ROAD",150.00,N,N,A,-,Y,MER,,59," "," ",26.582,H,,R,N,3,0,1,1,A,-,01,23152,A,N,E,8,A,A,H,-,A,D,0,,,,,Y,Y,A,01,0,1,0,0,0,0,0,0,0,"- ","- ",37.463310241699219,-120.49429321289062,MERCED,UNINCORPORATED,-120.49434661865234,37.463287353515625
92423967,2024,2024-06-26,9461,2024-06-18,1335,018910,,2,1,9,2400,0,1,3,,1,103,"STATE ROUTE 33","INTERSTATE 5 NORTHBOUND",528.00,N,N,A,-,Y,MER,,33," "," ",16.890,H,,R,Y,4,0,1,2,A,-,09,21804,A,N,D,C,A,A,H,-,A,D,0,,,,,Y,,A,01,0,0,1,0,0,0,0,0,0,"- ","- ",37.109790802001953,-121.01560974121094,MERCED,UNINCORPORATED,-121.01567077636719,37.109790802001953
92423971,2024,2024-06-26,9461,2024-06-18,2140,022197,,2,2,9,2400,0,3,5,,2,020,"PIONEER RD.","VOLTA RD.",850.00,E,N,A,-,N,,,,,,,,,,Y,3,0,1,1,A,-,01,23152,A,N,E,I,A,A,H,-,D,D,0,,,,,Y,Y,D,22,0,1,0,0,0,0,0,0,0,"- ","- ",37.042129516601562,-120.92395782470703,MERCED,UNINCORPORATED,-120.92701721191406,37.042079925537109
92424011,2024,2024-06-26,9461,2024-06-21,1958,021837,,5,2,9,2400,0,1,1,,2,105,"I-5 N/B","BUTTS ROAD",3696.00,S,N,A,-,Y,MER,,5," "," ",25.285,H,,R,Y,2,0,2,1,A,-,08,22107,,M,F,0,A,A,H,-,A,D,0,,,,,Y,,A,01,1,0,1,0,0,0,0,0,0,"- ","- ",37.150318145751953,-121.04519653320312,MERCED,UNINCORPORATED,-121.04530334472656,37.150276184082031
92424149,2024,2024-06-26,9460,2024-06-20,"315 ",021150,,4,3,9,2400,0,1,3,,1,142,SR-140,"THORNTON RD",0.00,,Y,A,-,Y,MER,,140," "," ",34.527,H,,R,N,2,0,1,1,A,-,01,23152,A,N,E,I,A,A,H,-,C,A,0,,,,,Y,Y,A,01,1,0,0,0,0,0,0,0,0,"- ","- ",37.302829742431641,-120.52298736572266,MERCED,UNINCORPORATED,-120.52298736572266,37.302757263183594
92424351,2024,2024-06-26,9460,2024-06-25,1725,020099,,2,2,9,2400,0,1,3,,2,002,"S9-99 NB","16TH ST.",300.00,N,N,A,-,Y,,,,,,,,,,N,4,0,1,1,A,-,08,22107,,N,E,I,A,A,H,-,A,D,0,,,,,Y,,A,07,0,0,1,0,0,0,0,0,0,"- ","- ",37.310611724853516,-120.51181030273438,MERCED,UNINCORPORATED,-120.48651123046875,37.302280426025391
92424393,2024,2024-06-26,9460,2024-06-17,1503,019106,,1,2,9,2400,0,1,3,,1,165,SR-165,"BRADBURY ROAD",275.00,N,N,A,-,Y,MER,,165," "," ",36.499,H,,R,N,3,0,3,2,B,-,22,,,N,D,C,A,A,H,-,A,D,0,,,,,Y,,J,41,0,1,2,0,0,0,0,0,0,"- ","- ",37.449699401855469,-120.84909057617188,MERCED,UNINCORPORATED,-120.84911346435547,37.449699401855469
92425135,2024,2025-06-25,9461,2024-06-24,"930 ",017329,,1,1,9,2400,0,2,4,,1,410,"TURNER ISLAND RD","PALAZZO RD",3696.00,S,N,A,-,N,,,,,,,,,,Y,2,0,3,2,A,-,01,23152,A,N,C,C,A,A,H,-,A,D,0,,,,,Y,Y,D,22,2,1,0,0,0,0,0,0,0,"- ","- ",37.118549346923828,-120.70729827880859,MERCED,UNINCORPORATED,-120.70732879638672,37.118331909179688
92425245,2024,2024-06-27,9461,2024-06-23,1435,019052,,7,2,9,2400,0,1,3,,2,453,"SR-152 E/B","ISLAND RD",0.00,,Y,A,-,Y,MER,,152," ",R,36.917,H,,R,Y,4,0,2,2,A,-,12,22450,A,N,D,C,A,A,H,-,A,A,0,,,,,Y,,A,01,0,0,2,0,0,0,0,0,0,"- ","- ",37.053829193115234,-120.55420684814453,MERCED,UNINCORPORATED,-120.55421447753906,37.0538330078125
92425263,2024,2024-06-27,9461,2024-06-24,"910 ",018910,,1,1,9,2400,0,1,3,,1,452,"STATE ROUTE 152 EASTBOUND","STATE ROUTE 33",1584.00,W,N,B,-,Y,MER,,152," ",R,32.027,H,,R,Y,4,0,1,2,A,-,08,22107,,N,B,C,A,A,H,-,A,D,0,,,,Y,Y,,-,"- ",0,0,1,0,0,0,0,0,0,"- ","- ",37.052230834960938,-120.64128875732422,MERCED,UNINCORPORATED,-120.64128112792969,37.052249908447266
92425268,2024,2024-06-27,9460,2024-06-26,1400,016476,,3,2,9,2400,0,1,3,,1,590,SR-59,"MONTGOMERY ST",2112.00,S,N,A,-,Y,MER,,59," "," ",32.651,H,,R,Y,3,0,1,2,A,-,08,22107,,N,B,C,A,A,H,-,A,D,0,,,,Y,Y,,A,07,0,1,0,0,0,0,0,0,0,"- ","- ",37.517669677734375,-120.44606781005859,MERCED,UNINCORPORATED,-120.44608306884766,37.517684936523438
92425412,2024,2024-06-27,9460,2024-06-26,"540 ",019106,,3,3,5,2406,0,1,3,,2,003,"SR-99 N/B","V STREET",739.00,S,N,B,-,Y,MER,,99," "," ",15.632,H,,R,Y,3,0,2,3,A,-,03,22350,,N,C,C,A,A,H,-,A,D,0,,,,,Y,,A,01,0,1,1,0,0,0,0,0,0,"- ","- ",37.302299499511719,-120.49797058105469,MERCED,MERCED,-120.49797058105469,37.302303314208984
92426080,2024,2024-06-28,9460,2024-06-28,"517 ",021856,,5,3,9,2400,0,3,5,,2,090,"N. BUHACH RD","ELLIOTT AVE",480.00,N,N,A,-,N,,,,,,,,,,Y,4,0,1,1,A,-,08,22107,,N,E,I,A,A,H,-,D,D,0,,,,,Y,,A,01,0,0,1,0,0,0,0,0,0,"- ","- ",37.321819305419922,-120.57743072509766,MERCED,UNINCORPORATED,-120.57754516601562,37.321796417236328
9242639,2021,2021-04-20,2406,2021-03-24,1306,162,1,3,5,5,2406,0,0,0,,0,011,"RT 59","W OLIVE",111.00,S,N,A,-,Y,MER,10,59,-,-,16.080,H,-,S,Y,4,0,1,3,A,-,03,22350,,N,C,C,A,A,H,-,A,A,0,,,,,Y,,D,22,0,0,1,0,0,0,0,0,0,"- ","- ",,,MERCED,MERCED,-120.50493621826172,37.318756103515625
92427139,2024,2024-07-01,9460,2024-06-24,1215,020840,,1,1,9,2400,0,3,5,,2,080,"GURR ROAD","BAILEY ROAD",300.00,N,N,A,-,N,,,,,,,,,,Y,4,0,1,2,A,-,06,21750,,N,B,C,A,A,H,-,A,D,0,,,,,Y,,A,01,0,0,1,0,0,0,0,0,0,"- ","- ",37.289108276367188,-120.55979156494141,MERCED,UNINCORPORATED,-120.55986022949219,37.288101196289062
92427228,2024,2024-07-01,9461,2024-06-20,1340,021785,,4,1,9,2400,0,1,3,,1,153,"SR-152 E/B","VOLTA RD",2640.00,W,N,A,-,Y,MER,,152," "," ",15.698,H,,R,Y,2,0,3,2,A,-,08,22107,,N,B,C,A,A,H,-,A,D,0,,,,Y,Y,,G,25,2,0,1,0,0,0,0,0,0,"- ","- ",37.056411743164062,-120.93630218505859,MERCED,UNINCORPORATED,-120.93629455566406,37.05645751953125
92428373,2024,2024-07-02,9460,2024-06-26,"330 ",021704,,3,3,9,2400,0,3,5,,2,030,"ASHBY RD","FERN ST",2640.00,W,N,A,-,N,,,,,,,,,,Y,3,0,1,1,A,-,03,22350,,N,E,I,A,A,H,-,D,D,0,,,,,Y,,A,01,0,1,0,0,0,0,0,0,0,"- ","- ",37.32080078125,-120.53958892822266,MERCED,UNINCORPORATED,-120.53792572021484,37.320156097412109
92428380,2024,2024-07-02,9461,2024-06-29,"150 ",023015,,6,3,9,2400,0,3,5,,2,010,"FAHEY RD","CHEROKEE RD",1056.00,W,N,A,-,N,,,,,,,,,,N,2,0,2,1,A,-,01,23152,A,F,H,J,A,D,H,-,D,D,0,,,,,Y,Y,A,01,1,1,0,0,0,0,0,0,0,"- ","- ",37.122360229492188,-120.98342895507812,MERCED,UNINCORPORATED,-120.98162841796875,37.122413635253906
92428632,2024,2024-07-02,9460,2024-06-26,1740,022339,,3,2,9,2400,0,1,3,,2,003,"OLIVE AVE","WINTON WAY",0.00,,Y,A,-,N,,,,,,,,,,Y,4,0,4,2,A,-,12,22450,A,N,D,C,A,A,H,-,A,A,0,,,,,Y,,A,07,0,0,4,0,0,0,0,0,0,"- ","- ",37.396629333496094,-120.61331939697266,MERCED,UNINCORPORATED,-120.61265563964844,37.348720550537109
92428964,2024,2024-07-02,9461,2024-06-23,1535,021837,,7,2,9,2400,0,1,1,,2,206,"I-5 N/B",SR-165,15840.00,S,N,A,-,Y,MER,,5," "," ",3.314,H,,L,Y,3,0,1,4,A,-,03,22350,,N,C,C,A,A,H,-,A,D,0,,,,Y,Y,,-,"- ",0,1,0,0,0,0,0,0,0,"- ","- ",36.896518707275391,-120.80742645263672,MERCED,UNINCORPORATED,-120.80742645263672,36.896522521972656
92428987,2024,2024-07-02,9461,2024-06-27,"916 ",021785,,4,1,9,2400,0,2,4,,1,115,"HENRY MILLER AVE","CHEROKEE RD",2640.00,E,N,A,-,N,,,,,,,,,,Y,3,0,1,1,A,-,08,22107,,N,F,A,A,A,H,-,A,D,0,,,,,Y,,A,07,0,1,0,0,0,0,0,0,0,"- ","- ",37.100349426269531,-120.96778106689453,MERCED,UNINCORPORATED,-120.96950531005859,37.100376129150391
92430029,2024,2024-07-03,9461,2024-06-22,2239,022033,,6,3,3,2405,0,3,5,,2,010,"SANTA FE GRADE","4TH ST",20.00,S,N,A,-,N,,,,,,,,,,N,3,0,1,1,A,-,08,22107,,N,H,I,A,A,H,-,C,D,0,,,Y,,Y,,C,06,0,1,0,0,0,0,0,0,1,"- ","- ",36.965560913085938,-120.6556396484375,MERCED,"LOS BANOS",-116.88346862792969,34.863300323486328
92430064,2024,2024-07-15,9460,2024-06-29,"824 ",021856,,6,1,9,2400,0,1,3,,1,591,SR-59,"W. SANDY MUSH RD",0.00,,Y,A,-,Y,MER,,59," "," ",7.068,H,,R,Y,4,0,3,2,A,-,12,22450,A,N,D,C,A,A,H,-,A,A,0,,,,,Y,,A,01,0,0,3,0,0,0,0,0,0,"- ","- ",37.185798645019531,-120.48822021484375,MERCED,UNINCORPORATED,-120.48822021484375,37.185798645019531
92430411,2024,2024-07-03,9461,2024-06-30,2042,019052,,7,2,9,2400,0,2,4,,1,410,"TURNER ISLAND RD","HENRY MILLER AVE",1056.00,S,N,A,-,N,,,,,,,,,,Y,2,0,1,1,A,-,08,22107,,N,E,I,A,A,H,-,B,D,0,,,,,Y,,A,01,1,0,0,0,0,0,0,0,0,"- ","- ",37.095100402832031,-120.70745086669922,MERCED,UNINCORPORATED,-120.70755004882812,37.095050811767578
92430994,2024,2024-09-09,9460,2024-06-22,1520,022339,,6,2,9,2400,0,2,4,,1,052,"LAKE ROAD","BELLEVUE RD",1960.00,N,N,A,-,N,,,,,,,,,,Y,4,0,3,2,A,-,01,23152,A,N,C,C,A,A,H,-,A,D,0,,,,,Y,Y,A,07,0,0,3,0,0,0,0,0,0,"- ","- ",37.366600036621094,-120.43212127685547,MERCED,UNINCORPORATED,-120.43212890625,37.366569519042969
92431292,2024,2024-07-05,9460,2024-06-23,1225,019286,,7,1,9,2400,0,3,5,,2,010,"3RD AVENUE","NORTHRUP ROAD",686.00,E,N,A,-,N,,,,,,,,,,Y,3,0,2,2,A,-,01,23153,A,F,B,C,A,A,H,-,A,D,0,,,,,Y,Y,A,08,0,1,1,0,0,0,0,0,0,"- ","- ",37.327861785888672,-120.88511657714844,MERCED,UNINCORPORATED,-120.88509368896484,37.327846527099609
92431296,2024,2024-07-05,9460,2024-06-27,1000,019286,,4,1,9,2400,0,1,3,,1,142,SR-140,"SULTANA DRIVE",3696.00,E,N,A,-,Y,MER,,140," "," ",26.184,H,,R,Y,3,0,1,2,A,-,06,21750,A,N,C,C,A,A,H,-,A,D,0,,,,,Y,,A,01,0,1,0,0,0,0,0,0,0,"- ","- ",37.300800323486328,-120.67430877685547,MERCED,UNINCORPORATED,-120.67430877685547,37.300796508789062
9243141,2020,2021-04-09,2406,2020-10-05,1006,129,CENTR,1,5,5,2406,0,0,0,,0,020,"E 18TH ST","ORCHARD LN",0.00,,Y,A,-,N,,,,,,,,,,N,4,0,1,2,A,-,09,21800,A,F,D,G,A,A,H,-,A,D,0,,Y,,,Y,,-,"- ",0,0,1,0,0,0,1,0,0,"- ","- ",,,MERCED,MERCED,-120.46765899658203,37.296890258789062
92433309,2024,2024-07-08,9460,2024-06-29,1815,022339,,6,2,9,2400,0,3,5,,2,010,"KELLEY RD","RIVER RD",3168.00,W,N,A,-,Y,,,,,,,,,,Y,3,0,1,2,A,-,09,21804,A,N,B,C,A,A,H,-,A,A,0,,,,,Y,,A,07,0,1,0,0,0,0,0,0,0,"- ","- ",37.349948883056641,-120.97419738769531,MERCED,UNINCORPORATED,-120.97386932373047,37.350040435791016
92433319,2024,2024-07-08,9460,2024-07-01,"36  ",022406,,1,3,9,2400,0,1,3,,1,591,"SR-59 N/B","MISSION AVE",0.00,,Y,A,-,N,,,,,,,,,,Y,3,0,2,2,A,-,09,21802,A,N,D,C,A,A,H,-,D,D,0,,,,Y,Y,,A,07,0,1,1,0,0,0,0,0,0,"- ","- ",37.273750305175781,-120.48783111572266,MERCED,UNINCORPORATED,-120.48783874511719,37.273735046386719
92433384,2024,2024-07-09,9461,2024-06-29,1935,021056,,6,2,3,2405,0,2,S,,2,901,"SANTA ANA STREET S/B","PINOT NOIR STREET",0.00,,Y,A,-,N,,,,,,,,,,Y,3,0,2,2,A,-,12,22450,A,N,D,C,A,A,H,-,A,A,0,,,,,Y,,A,01,0,1,1,0,0,0,0,0,0,"- ","- ",37.081619262695312,-120.83772277832031,MERCED,"LOS BANOS",-120.83766937255859,37.081611633300781
92434050,2024,2024-07-09,9460,2024-07-02,2012,020857,,2,2,9,2400,0,1,3,,2,002,"SR-99 S/B","ATWATER/MERCED EXPRESSWAY",170.00,S,N,A,-,Y,MER,,99," ",R,20.033,H,,L,N,3,0,1,1,A,-,08,22107,,N,F,A,A,A,H,-,A,D,0,,,Y,,Y,,C,02,0,1,0,0,0,0,0,0,1,"- ","- ",37.331840515136719,-120.56732177734375,MERCED,UNINCORPORATED,-120.56734466552734,37.331802368164062
92434055,2024,2024-08-14,9460,2024-07-03,"915 ",018603,,3,1,9,2400,0,1,3,,2,001,"SR-99 N/B","COLLIER RD",500.00,N,N,A,-,Y,MER,,99," ",R,32.320,H,,R,N,4,0,1,2,A,-,07,21658,A,N,B,C,A,A,H,-,A,D,0,,,,,Y,,D,22,0,0,1,0,0,0,0,0,0,"- ","- ",37.413669586181641,-120.755859375,MERCED,UNINCORPORATED,-120.75586700439453,37.413665771484375
92434071,2024,2024-07-09,9460,2024-07-06,"35  ",022221,,6,3,9,2400,0,3,5,,2,040,"MERCED FALLS RD.","LA GRANGE RD",15840.00,E,N,A,-,N,,,,,,,,,,Y,3,0,1,1,A,-,08,22107,,N,F,A,A,A,H,-,A,D,0,,,,,Y,,D,22,0,1,0,0,0,0,0,0,0,"- ","- ",37.517791748046875,-120.37638092041016,MERCED,UNINCORPORATED,-120.37618255615234,37.517837524414062
92434969,2024,2024-08-14,9461,2024-07-01,2157,020486,,1,2,3,2405,0,2,S,,2,901,"W. H STREET","JOHNSON ROAD",159.00,W,N,A,-,N,,,,,,,,,,N,4,0,1,2,A,-,21,22106,,N,C,C,A,A,H,-,D,D,0,,,,,Y,,J,48,0,0,1,0,0,0,0,0,0,"- ","- ",37.068790435791016,-120.86171722412109,MERCED,"LOS BANOS",-120.86162567138672,37.068637847900391
92435013,2024,2024-07-10,9461,2024-06-28,2350,022197,,5,3,9,2400,0,2,4,,2,100,"VERA CRUZ DR.","LUIS AVE.",100.00,W,N,A,-,N,,,,,,,,,,Y,3,0,1,1,A,-,03,22350,,N,E,I,A,A,H,-,C,D,0,,,Y,,Y,,C,02,0,1,0,0,0,0,0,0,1,"- ","- ",37.091339111328125,-121.02113342285156,MERCED,UNINCORPORATED,-121.02024078369141,37.091007232666016
92435019,2024,2024-07-10,9461,2024-07-02,1018,021126,,2,1,9,2400,0,3,5,,2,010,"OVERLAND ROAD","JOHNSON ROAD",0.00,,Y,A,-,N,,,,,,,,,,N,4,0,2,2,A,-,08,22107,,N,A,C,A,A,H,-,A,A,0,,,,,Y,,A,07,0,0,2,0,0,0,0,0,0,"- ","- ",37.073768615722656,-120.86002349853516,MERCED,UNINCORPORATED,-120.86086273193359,37.073699951171875
92435204,2024,2024-08-14,9461,2024-07-02,2047,017029,,2,2,9,2400,0,3,5,,2,050,"INDIANA AVE","MINT RD.",1056.00,S,N,A,-,N,,,,,,,,,,N,3,0,1,1,A,-,01,23152,A,N,E,I,A,A,H,-,D,D,0,,,,,Y,Y,A,01,0,1,0,0,0,0,0,0,0,"- ","- ",37.020919799804688,-120.59938049316406,MERCED,UNINCORPORATED,-120.59944152832031,37.022281646728516
92436095,2024,2024-07-11,9461,2024-07-08,2026,019052,,1,2,9,2400,0,1,3,,1,452,"SR-152 W/B","HILLYER RD",1584.00,E,N,A,-,Y,MER,,152," "," ",24.657,H,,L,Y,2,0,4,2,A,-,01,23152,A,N,C,C,A,A,H,-,B,D,0,,,,,Y,Y,A,01,1,2,1,0,0,0,0,0,0,"- ","- ",37.055908203125,-120.77422332763672,MERCED,UNINCORPORATED,-120.77422332763672,37.055824279785156
92436431,2024,2024-07-11,9461,2024-07-03,2037,017029,,3,2,9,2400,0,1,3,,1,265,"I-5 N/B",SR-165,0.00,,Y,A,-,N,,,,,,,,,,Y,4,0,1,2,A,-,09,21802,A,N,D,C,A,A,H,-,B,A,0,,,,,Y,,A,01,0,0,1,0,0,0,0,0,0,"- ","- ",36.930709838867188,-120.84002685546875,MERCED,UNINCORPORATED,-120.84037017822266,36.930400848388672
92436440,2024,2024-07-11,9461,2024-07-03,2100,020486,,3,2,9,2400,0,1,3,,1,465,"STATE HIGHWAY 165","SAN JOAQUIN RIVER",528.00,S,N,A,-,Y,MER,,165," "," ",25.437,H,,R,N,4,0,1,1,A,-,03,22350,,N,E,H,A,A,H,-,D,D,0,,,,,Y,,-,"- ",0,0,1,0,0,0,0,0,0,"- ","- ",37.292320251464844,-120.85130310058594,MERCED,UNINCORPORATED,-120.85134124755859,37.292320251464844
92436472,2024,2024-07-11,9460,2024-07-03,2253,020857,,3,3,9,2400,0,2,4,,1,041,"SANTA FE DR","AVENUE 2",830.00,W,N,A,-,N,,,,,,,,,,Y,4,0,1,2,A,-,01,23152,A,N,C,C,A,A,H,-,D,D,0,,,,,Y,Y,A,01,0,0,1,0,0,0,0,0,0,"- ","- ",37.351070404052734,-120.55776977539062,MERCED,UNINCORPORATED,-120.55767059326172,37.351089477539062
92437659,2024,2024-07-12,9460,2024-06-30,1840,022315,,7,2,9,2400,0,3,5,,2,060,"GERARD AVE.","ARBOLEDA DR.",1500.00,W,N,A,-,N,,,,,,,,,,Y,3,0,1,2,A,-,03,22350,,F,C,C,A,A,H,-,A,D,0,,,,,Y,,-,99,0,1,0,0,0,0,0,0,0,"- ","- ",37.281349182128906,-120.38336181640625,MERCED,UNINCORPORATED,-120.38422393798828,37.281337738037109