CASE_ID,ACCIDENT_YEAR,PROC_DATE,JURIS,COLLISION_DATE,COLLISION_TIME,OFFICER_ID,REPORTING_DISTRICT,DAY_OF_WEEK,CHP_SHIFT,POPULATION,CNTY_CITY_LOC,SPECIAL_COND,BEAT_TYPE,CHP_BEAT_TYPE,CITY_DIVISION_LAPD,CHP_BEAT_CLASS,BEAT_NUMBER,PRIMARY_RD,SECONDARY_RD,DISTANCE,DIRECTION,INTERSECTION,WEATHER_1,WEATHER_2,STATE_HWY_IND,CALTRANS_COUNTY,CALTRANS_DISTRICT,STATE_ROUTE,ROUTE_SUFFIX,POSTMILE_PREFIX,POSTMILE,LOCATION_TYPE,RAMP_INTERSECTION,SIDE_OF_HWY,TOW_AWAY,COLLISION_SEVERITY,NUMBER_KILLED,NUMBER_INJURED,PARTY_COUNT,PRIMARY_COLL_FACTOR,PCF_CODE_OF_VIOL,PCF_VIOL_CATEGORY,PCF_VIOLATION,PCF_VIOL_SUBSECTION,HIT_AND_RUN,TYPE_OF_COLLISION,MVIW,PED_ACTION,ROAD_SURFACE,ROAD_COND_1,ROAD_COND_2,LIGHTING,CONTROL_DEVICE,CHP_ROAD_TYPE,PEDESTRIAN_ACCIDENT,BICYCLE_ACCIDENT,MOTORCYCLE_ACCIDENT,TRUCK_ACCIDENT,NOT_PRIVATE_PROPERTY,ALCOHOL_INVOLVED,STWD_VEHTYPE_AT_FAULT,CHP_VEHTYPE_AT_FAULT,COUNT_SEVERE_INJ,COUNT_VISIBLE_INJ,COUNT_COMPLAINT_PAIN,COUNT_PED_KILLED,COUNT_PED_INJURED,COUNT_BICYCLIST_KILLED,COUNT_BICYCLIST_INJURED,COUNT_MC_KILLED,COUNT_MC_INJURED,PRIMARY_RAMP,SECONDARY_RAMP,LATITUDE,LONGITUDE,COUNTY,CITY,POINT_X,POINT_Y
92437760,2024,2024-07-12,9460,2024-07-03,2040,021662,,3,2,9,2400,0,3,5,,2,030,"ASHBY ROAD","BEACHWOOD DR",550.00,S,N,A,-,Y,MER,,99," "," ",17.496,H,,R,Y,4,0,1,3,A,-,09,21801,A,N,D,C,A,A,H,-,D,D,0,,,,,Y,,A,01,0,0,1,0,0,0,0,0,0,"- ","- ",37.315860748291016,-120.52606964111328,MERCED,UNINCORPORATED,-120.52619934082031,37.315631866455078
92438074,2024,2024-07-12,9460,2024-07-10,1125,021537,,3,1,9,2400,0,3,5,,2,030,"SHOEMAKER AVE","LOBO AVE",135.00,S,N,A,-,N,,,,,,,,,,N,4,0,2,2,A,-,08,22107,,F,A,E,A,A,H,-,A,D,0,,,,,Y,,A,01,0,0,2,0,0,0,0,0,0,"- ","- ",37.324100494384766,-120.52571105957031,MERCED,UNINCORPORATED,-120.52573394775391,37.32415771484375
92438519,2024,2024-07-15,9460,2024-07-02,"351 ",022406,,2,3,9,2400,0,1,3,,2,002,"SR-99 N/B","SULTANA DR",2640.00,S,N,A,-,Y,MER,,99," "," ",26.574,H,,R,Y,4,0,1,2,A,-,03,22350,,N,C,2,A,A,H,-,D,D,0,,,,Y,Y,,A,01,0,0,1,0,0,0,0,0,0,"- ","- ",37.369720458984375,-120.67337799072266,MERCED,UNINCORPORATED,-120.67340087890625,37.369686126708984
92440214,2024,2024-07-16,9461,2024-07-04,2047,021837,,4,2,9,2400,0,3,5,,2,010,"VOLTA ROAD",SR-152,5280.00,N,N,A,-,N,,,,,,,,,,Y,4,0,1,2,A,-,06,21750,,N,D,C,A,A,H,-,D,D,0,,,,,Y,,A,07,0,0,1,0,0,0,0,0,0,"- ","- ",37.071319580078125,-120.92610931396484,MERCED,UNINCORPORATED,-120.92613983154297,37.070957183837891
92440469,2024,2024-07-16,9460,2024-07-05,"215 ",020099,,5,3,9,2400,0,1,3,,1,142,SR-140,"TINA AVE.",200.00,W,N,A,-,Y,MER,,140," "," ",34.168,H,,R,Y,2,0,2,1,A,-,01,23152,A,N,F,A,A,A,H,-,D,D,0,,,,,Y,Y,-,"- ",2,0,0,0,0,0,0,0,0,"- ","- ",37.302558898925781,-120.52980041503906,MERCED,UNINCORPORATED,-120.52980041503906,37.302738189697266
92440470,2024,2024-07-16,9460,2024-07-06,1316,018778,,6,1,9,2400,0,1,3,,1,591,SR-59,"CLEVELAND ROAD",0.00,,Y,A,-,Y,MER,,59," "," ",3.019,H,,R,Y,3,0,2,2,A,-,05,21752,D,N,D,C,A,A,H,-,A,A,0,,,,,Y,,A,01,0,2,0,0,0,0,0,0,0,"- ","- ",37.127590179443359,-120.49217987060547,MERCED,UNINCORPORATED,-120.49222564697266,37.127590179443359
92440479,2024,2024-07-16,9460,2024-07-07,"950 ",019106,,7,1,9,2400,0,2,4,,1,042,"SANTA FE DRIVE","CHESTNUT LANE",167.00,W,N,A,-,N,,,,,,,,,,N,4,0,2,2,A,-,03,22350,,N,C,C,A,A,H,-,A,D,0,,,,,Y,,A,07,0,0,2,0,0,0,0,0,0,"- ","- ",37.380500793457031,-120.60507202148438,MERCED,UNINCORPORATED,-120.60501098632812,37.380485534667969
92440487,2024,2024-07-16,9460,2024-07-07,1720,022163,,7,2,9,2400,0,1,3,,2,003,"SR-99 N/B","LE GRAND RD",2679.00,N,N,A,-,Y,MER,,99," ",R,7.368,H,,R,N,4,0,2,2,A,-,03,22350,,N,C,C,A,A,H,-,A,A,0,,,,Y,Y,,A,07,0,0,2,0,0,0,0,0,0,"- ","- ",37.229961395263672,-120.38268280029297,MERCED,UNINCORPORATED,-120.38269805908203,37.229930877685547
92440525,2024,2024-08-14,9460,2024-07-07,1055,019530,,7,1,9,2400,0,1,3,,2,002,"SR-99 N/B","W. 16TH STREET",3115.00,N,N,A,-,Y,MER,,99," "," ",17.267,H,,R,N,4,0,1,2,A,-,07,21658,A,N,B,C,A,D,H,-,E,D,0,,,,,Y,,A,07,0,0,1,0,0,0,0,0,0,"- ","- ",37.314250946044922,-120.52242279052734,MERCED,UNINCORPORATED,-120.52241516113281,37.314250946044922
92440544,2024,2024-07-16,9460,2024-07-06,2110,022163,,6,2,9,2400,0,1,3,,1,590,SR-59,"PETTINOTTI RD",73.00,S,N,A,-,Y,MER,,59," "," ",17.733,H,,R,N,3,0,1,2,A,-,08,22107,,N,A,E,A,A,H,-,D,A,0,,,,,Y,,D,22,0,1,0,0,0,0,0,0,0,"- ","- ",37.342620849609375,-120.50382232666016,MERCED,UNINCORPORATED,-120.50389862060547,37.342624664306641
92440801,2024,2024-07-16,9461,2024-07-06,1300,021785,,6,1,9,2400,0,1,3,,1,152,"SR-152 W/B","ROMERO VISITOR CENTER",5280.00,W,N,A,-,Y,MER,,152," ",R,5.993,H,,L,N,3,0,1,1,A,-,08,22107,,N,E,I,A,A,H,-,A,D,0,,,,,Y,Y,D,22,0,1,0,0,0,0,0,0,0,"- ","- ",37.103248596191406,-121.12568664550781,MERCED,UNINCORPORATED,-121.12570953369141,37.103225708007812
92441207,2024,2024-07-18,9460,2024-07-09,1352,021537,,2,1,9,2400,0,3,5,,2,090,"DWIGHT WAY","LONGVIEW AVE",0.00,,Y,A,-,N,,,,,,,,,,Y,2,0,2,2,A,-,12,22450,A,N,D,C,A,A,H,-,A,A,0,,,,,Y,,A,01,1,0,1,0,0,0,0,0,0,"- ","- ",37.35321044921875,-120.70564270019531,MERCED,UNINCORPORATED,-120.70562744140625,37.353202819824219
92441235,2024,2024-07-17,9460,2024-07-09,"655 ",018422,,2,1,9,2400,0,3,5,,2,050,"N. BEAR CREEK DR.","MCKEE RD.",0.00,,Y,A,-,N,,,,,,,,,,Y,3,0,1,2,A,-,12,22450,A,F,D,C,A,A,H,-,A,A,0,,,,,Y,,A,01,0,1,0,0,0,0,0,0,0,"- ","- ",37.309841156005859,-120.44451141357422,MERCED,UNINCORPORATED,-120.44454193115234,37.309867858886719
92441309,2024,2024-07-17,9461,2024-07-07,1708,021837,,7,2,9,2400,0,1,3,,1,103,"COTTONWOOD RD",SR-33,20.00,E,N,A,-,N,,,,,,,,,,Y,2,0,2,2,A,-,09,21801,A,N,D,C,A,A,H,-,A,A,0,,,,,Y,,A,07,1,0,1,0,0,0,0,0,0,"- ","- ",37.187690734863281,-121.01258087158203,MERCED,UNINCORPORATED,-121.01263427734375,37.187698364257812
92441344,2024,2024-07-17,9460,2024-07-10,1642,019806,,3,2,9,2400,0,3,5,,2,030,"BELLEVUE RD","OLIVE AVE",0.00,,Y,A,-,N,,,,,,,,,,N,3,0,1,2,A,-,08,22107,,N,D,2,A,A,H,-,A,A,0,,,,,Y,,A,01,0,1,0,0,0,0,0,0,0,"- ","- ",37.360820770263672,-120.64362335205078,MERCED,UNINCORPORATED,,
92441358,2024,2024-07-17,9460,2024-07-09,2113,021704,,2,2,9,2400,0,2,4,,1,041,"SANTA FE DR","BUSINESS PARK WAY",1925.00,E,N,A,-,N,,,,,,,,,,N,4,0,1,2,A,-,11,21954,A,F,G,B,E,A,H,-,D,D,0,Y,,,,Y,,N,60,0,0,1,0,1,0,0,0,0,"- ","- ",37.325431823730469,-120.51644134521484,MERCED,UNINCORPORATED,-120.51656341552734,37.325393676757812
92441619,2024,2024-07-17,9461,2024-07-10,1918,019052,,3,2,9,2400,0,3,5,,2,040,"NICKEL RD.","SAND SLOUGH RD.",0.00,,Y,A,-,N,,,,,,,,,,Y,2,0,1,1,A,-,01,23152,A,N,E,8,A,A,H,-,A,A,0,,,,,Y,Y,A,07,1,0,0,0,0,0,0,0,0,"- ","- ",37.171649932861328,-120.68348693847656,MERCED,UNINCORPORATED,-120.68344879150391,37.171810150146484
92442295,2024,2024-07-18,9460,2024-07-10,1905,021662,,3,2,9,2400,0,1,3,,1,591,SR-59,"EL NIDO RD",0.00,,Y,A,-,Y,MER,,59," "," ",3.531,H,,R,Y,4,0,2,2,A,-,09,21801,A,N,D,2,A,A,H,-,A,A,0,,,,,Y,,A,07,0,0,2,0,0,0,0,0,0,"- ","- ",37.134880065917969,-120.49212646484375,MERCED,UNINCORPORATED,-120.49217224121094,37.134883880615234
92442347,2024,2024-07-18,9460,2024-07-11,1857,022162,,4,2,9,2400,0,1,3,,2,003,"SR-99 N/B",SR-140,30.00,N,N,A,-,Y,MER,,140," "," ",35.820,H,,R,N,2,0,1,2,A,-,11,21954,A,N,G,B,D,A,H,-,A,B,0,Y,,,,Y,,N,60,1,0,0,0,1,0,0,0,0,"- ","- ",37.295299530029297,-120.467529296875,MERCED,UNINCORPORATED,-120.46749114990234,37.295188903808594
92442957,2024,2024-07-18,9460,2024-07-15,1308,021537,,1,1,9,2400,0,2,4,,1,041,"SPACEPORT ENTRY","SANTA FE DR",200.00,N,N,A,-,N,,,,,,,,,,N,4,0,1,2,A,-,08,22102,,F,D,C,A,A,H,-,A,D,0,,,,,Y,,-,99,0,0,1,0,0,0,0,0,0,"- ","- ",37.359588623046875,-120.57012176513672,MERCED,UNINCORPORATED,,
92442966,2024,2024-07-18,9460,2024-07-16,"145 ",020099,,2,3,9,2400,0,2,4,,1,091,"LINCOLN BLVD","BELL DR",2640.00,S,N,A,-,N,,,,,,,,,,N,3,0,1,2,A,-,03,22350,,N,C,C,A,A,H,-,D,D,0,,,,,Y,,A,07,0,1,0,0,0,0,0,0,0,"- ","- ",37.342300415039062,-120.723876953125,MERCED,UNINCORPORATED,-120.72377777099609,37.338809967041016
9244321,2021,2021-04-05,2406,2021-02-13,0159,283,1,6,5,5,2406,0,0,0,,0,011,"SANTIAGO AV","ESPLANADE DR",0.00,,Y,A,-,N,,,,,,,,,,N,2,0,1,1,A,-,03,22350,,N,E,A,A,A,H,-,C,D,0,,,Y,,Y,Y,C,02,1,0,0,0,0,0,0,0,1,"- ","- ",,,MERCED,MERCED,-120.50389862060547,37.331272125244141
9244322,2021,2021-04-05,2406,2021-02-06,2043,283,3,6,5,5,2406,0,0,0,,0,031,"M ST","WEST 11TH ST",0.00,,Y,A,-,N,,,,,,,,,,N,3,0,1,2,A,-,11,21954,A,F,G,B,D,A,H,-,C,D,0,Y,,,,Y,,N,60,0,1,0,0,1,0,0,0,0,"- ","- ",,,MERCED,MERCED,-120.48845672607422,37.295692443847656
9244323,2021,2021-04-05,2406,2021-02-08,1449,129,CENTR,1,5,5,2406,0,0,0,,0,021,"WEST MAIN ST","I ST",0.00,,Y,B,-,N,,,,,,,,,,Y,4,0,1,3,A,-,08,22107,,F,D,C,A,A,H,-,A,D,0,,,,,Y,,A,01,0,0,1,0,0,0,0,0,0,"- ","- ",,,MERCED,MERCED,-120.47888946533203,37.29974365234375
9244324,2021,2021-04-05,2406,2021-02-18,2033,256,1,4,5,5,2406,0,0,0,,0,010,"M ST","WEST YOSEMITE AV",30.00,S,N,A,-,N,,,,,,,,,,N,4,0,1,2,A,-,21,22106,,N,C,C,A,A,H,-,C,A,0,,,,,Y,,A,07,0,0,1,0,0,0,0,0,0,"- ","- ",,,MERCED,MERCED,-120.47845458984375,37.332027435302734
9244325,2021,2021-04-05,2406,2021-02-22,1644,129,SOUTH,1,5,5,2406,0,0,0,,0,030,"D ST","EAST 9TH ST",0.00,,Y,A,-,N,,,,,,,,,,N,4,0,1,2,A,-,09,21800,A,N,D,G,A,A,H,-,A,D,0,,Y,,,Y,,L,04,0,0,1,0,0,0,1,0,0,"- ","- ",,,MERCED,MERCED,-120.47579956054688,37.289375305175781
9244326,2021,2021-04-05,2406,2021-02-22,1339,129,CENTR,1,5,5,2406,0,0,0,,0,021,"WEST MAIN ST","O ST",0.00,,Y,A,-,N,,,,,,,,,,N,3,0,1,2,A,-,09,21802,A,N,D,G,A,A,H,-,A,A,0,,Y,,,Y,,A,07,0,1,0,0,0,0,1,0,0,"- ","- ",,,MERCED,MERCED,-120.48785400390625,37.303092956542969
92443462,2024,2024-07-19,9461,2024-07-10,1320,021536,,3,1,9,2400,0,1,3,,1,103,"SR-33 S/B","COMET ST",0.00,,Y,A,-,Y,MER,,33," ",R,16.060,H,,L,Y,4,0,1,2,A,-,09,21802,A,N,D,C,A,A,H,-,A,A,0,,,,Y,Y,,A,07,0,0,1,0,0,0,0,0,0,"- ","- ",37.097869873046875,-121.01590728759766,MERCED,UNINCORPORATED,-121.01590728759766,37.097869873046875
92443560,2024,2024-07-19,9461,2024-07-11,"852 ",021536,,4,1,9,2400,0,2,4,,1,115,"HENRY MILLER AVE","SR-165 S/B",1584.00,W,N,A,-,N,,,,,,,,,,Y,4,0,1,2,A,-,08,22107,,N,D,C,A,A,H,-,A,D,0,,,,,Y,,A,01,0,0,1,0,0,0,0,0,0,"- ","- ",37.099788665771484,-120.84024047851562,MERCED,UNINCORPORATED,-120.84028625488281,37.099769592285156
92443564,2024,2024-07-19,9461,2024-07-12,"545 ",021785,,5,3,9,2400,0,1,3,,1,152,"SR-152 E/B","BASALT RD",5280.00,W,N,A,-,Y,MER,,152," ",R,9.406,H,,R,Y,3,0,2,1,A,-,08,22107,,N,F,A,A,A,H,-,B,D,0,,,,,Y,,A,01,0,1,1,0,0,0,0,0,0,"- ","- ",37.073760986328125,-121.07967376708984,MERCED,UNINCORPORATED,-121.07965850830078,37.073772430419922
92443601,2024,2024-07-19,9460,2024-07-09,1925,021662,,2,2,9,2400,0,3,5,,2,030,"LIBERTY AVE","CAMPBELL AVE",0.00,,Y,A,-,N,,,,,,,,,,Y,4,0,1,2,A,-,09,21802,A,N,D,2,A,A,H,-,B,A,0,,,,,Y,,A,07,0,0,1,0,0,0,0,0,0,"- ","- ",37.374748229980469,-120.67890167236328,MERCED,UNINCORPORATED,-120.67890167236328,37.374805450439453
92443613,2024,2024-07-19,9461,2024-07-11,2225,020486,,4,3,9,2400,0,2,4,,1,110,"INGOMAR GRADE","SYLVESTER ROAD",1584.00,W,N,A,-,N,,,,,,,,,,Y,2,0,1,1,A,-,08,22107,,N,E,I,A,A,H,-,D,D,0,,,,,Y,,A,01,1,0,0,0,0,0,0,0,0,"- ","- ",37.093521118164062,-120.91542816162109,MERCED,UNINCORPORATED,-120.91413879394531,37.0927734375
92444632,2024,2024-07-22,9461,2024-07-12,"840 ",023015,,5,1,9,2400,0,3,5,,2,050,"6TH ST","K ST",50.00,N,N,A,-,N,,,,,,,,,,N,4,0,1,2,A,-,08,22107,,N,H,C,A,A,H,-,A,D,0,,,,Y,Y,,A,01,0,0,1,0,0,0,0,0,0,"- ","- ",36.966289520263672,-120.65132141113281,MERCED,UNINCORPORATED,-120.65141296386719,36.966133117675781
9245003,2021,2021-04-22,2406,2021-03-19,1633,291,3,5,5,5,2406,0,0,0,,0,031,"E 8TH ST","N ST",5.00,W,N,C,-,N,,,,,,,,,,N,3,0,1,2,A,-,03,22350,,F,C,C,A,B,H,-,A,A,0,,,,,Y,,D,22,0,1,0,0,0,0,0,0,0,"- ","- ",,,MERCED,MERCED,-120.49171447753906,37.293266296386719
9245203,2021,2021-04-15,2406,2021-03-05,1958,283,2,5,5,5,2406,0,0,0,,0,020,"GLEN AVE","19TH ST",145.00,N,N,A,-,N,,,,,,,,,,Y,2,0,1,2,A,-,21,22106,,N,D,C,A,A,H,-,C,D,0,,,Y,,Y,,A,01,1,0,0,0,0,0,0,0,1,"- ","- ",,,MERCED,MERCED,-120.46495056152344,37.297489166259766
9245204,2021,2021-04-15,2406,2021-03-19,1755,271,2,5,5,5,2406,0,0,0,,0,020,"MAIN ST","K ST",0.00,,Y,B,C,N,,,,,,,,,,Y,3,0,1,2,A,-,09,21801,A,N,D,C,A,B,H,-,A,A,0,,,,,Y,,A,01,0,1,0,0,0,0,0,0,0,"- ","- ",,,MERCED,MERCED,-120.48182678222656,37.300868988037109
9247288,2021,2021-04-13,2406,2021-01-14,2203,289,,4,5,5,2406,0,0,0,,0,1-10,"BRIDALVEIL CT","HAPPY ISLES CT",165.00,S,N,A,-,N,,,,,,,,,,Y,4,0,1,2,A,-,01,23152,A,N,C,E,A,A,H,-,C,D,0,,,,,Y,Y,A,01,0,0,1,0,0,0,0,0,0,"- ","- ",,,MERCED,MERCED,-120.45835113525391,37.324356079101562
9247292,2021,2023-06-17,2406,2021-01-18,1933,295,2,1,5,5,2406,0,0,0,,0,020,"G ST","W MAIN",89.00,S,N,A,-,N,,,,,,,,,,N,1,1,0,2,A,-,05,21202,A,F,C,G,A,A,H,-,C,D,0,,Y,,,Y,,L,04,0,0,0,0,0,1,0,0,0,"- ","- ",,,MERCED,MERCED,-120.4759521484375,37.298454284667969
92480879,2024,2024-07-22,9460,2024-07-05,2235,021662,,5,3,9,2400,0,3,5,,2,070,"LE GRAND RD","MINTURN RD",0.00,,Y,A,-,N,,,,,,,,,,Y,3,0,1,2,A,-,06,21750,A,N,B,C,A,A,H,-,D,A,0,,,,,Y,Y,D,22,0,1,0,0,0,0,0,0,0,"- ","- ",37.228401184082031,-120.27088928222656,MERCED,UNINCORPORATED,-120.27088165283203,37.2283935546875
92481154,2024,2024-07-22,9461,2024-07-15,1124,021785,,1,1,9,2400,0,1,1,,2,205,"I-5 N/B","ARBURUA RD.",3960.00,S,N,A,-,Y,MER,,5," "," ",9.484,H,,R,Y,4,0,1,2,A,-,08,22107,,N,B,C,A,A,H,-,A,D,0,,,,Y,Y,,A,01,0,0,1,0,0,0,0,0,0,"- ","- ",36.963619232177734,-120.88091278076172,MERCED,UNINCORPORATED,-120.88087463378906,36.963645935058594
9248901,2021,2021-04-28,2401,2021-03-08,1000,721,3,1,5,3,2401,0,0,0,,0,003,"SHAFFER RD","ATWATER BL",200.00,N,N,A,-,N,,,,,,,,,,N,4,0,2,2,A,-,03,22350,,N,C,C,A,A,H,-,A,A,0,,,,,Y,,A,07,0,0,2,0,0,0,0,0,0,"- ","- ",37.340980529785156,-120.59600067138672,MERCED,ATWATER,-120.59595489501953,37.341522216796875
9248937,2021,2021-04-28,2401,2021-03-29,1850,729,1,1,5,3,2401,0,0,0,,0,001,"JUNIPER AV","SHAFFER AV",300.00,W,N,A,-,N,,,,,,,,,,N,4,0,3,3,A,-,03,22350,,N,C,C,A,A,H,-,A,D,0,,,,,Y,,D,22,0,0,3,0,0,0,0,0,0,"- ","- ",37.349849700927734,-120.59588623046875,MERCED,ATWATER,-120.59693908691406,37.349853515625
9249141,2021,2021-04-30,2406,2021-03-30,1517,162,3,2,5,5,2406,0,0,0,,0,030,"MARTIN LUTHER KING JR WY","WEST 12TH ST",8.00,S,N,A,-,Y,MER,10,59,-,-,14.650,I,5,S,N,2,0,1,2,A,-,06,21755,A,N,G,B,B,A,H,-,A,A,0,Y,,,,Y,Y,D,22,1,0,0,0,1,0,0,0,0,"- ","- ",,,MERCED,MERCED,-120.48339080810547,37.295032501220703
9250046,2021,2021-04-28,2401,2021-03-01,0818,721,3,1,5,3,2401,0,0,0,,0,003,"E BROADWAY AV","ALMADOR TER",0.00,,Y,A,-,N,,,,,,,,,,Y,3,0,2,2,A,-,03,22350,,N,C,C,A,A,H,-,A,D,0,,,,,Y,,A,07,0,1,1,0,0,0,0,0,0,"- ","- ",37.341049194335938,-120.59129333496094,MERCED,ATWATER,-120.59127807617188,37.341037750244141
9250047,2021,2021-04-28,2401,2021-01-05,1554,727,1,2,5,3,2401,0,0,0,,0,001,"FRUITLAND AV","VIRGINIA ST",41.00,W,N,A,-,N,,,,,,,,,,Y,3,0,2,2,A,-,09,21801,A,N,D,D,A,A,H,-,A,D,0,,,,,Y,,A,01,0,2,0,0,0,0,0,0,0,"- ","- ",37.363861083984375,-120.61892700195312,MERCED,ATWATER,-120.61955261230469,37.364105224609375
9250048,2021,2021-04-28,2401,2021-03-10,0804,710,2,3,5,3,2401,0,0,0,,0,002,"HOSPITAL AV","HOSPITAL AV 3605",0.00,,Y,C,-,N,,,,,,,,,,N,4,0,1,2,A,-,03,22350,,N,G,B,D,B,H,-,A,D,0,Y,,,,Y,,A,01,0,0,1,0,1,0,0,0,0,"- ","- ",37.366771697998047,-120.57745361328125,MERCED,ATWATER,,
9250049,2021,2021-04-28,2401,2021-03-13,0411,723,4,6,5,3,2401,0,0,0,,0,004,"WINTON AV","ATWATER BL",0.00,,Y,A,-,N,,,,,,,,,,N,2,0,2,2,A,-,12,21453,A,F,H,G,A,A,H,-,C,A,0,,Y,,,Y,,L,04,1,0,1,0,0,0,1,0,0,"- ","- ",37.348049163818359,-120.61239624023438,MERCED,ATWATER,-120.61197662353516,37.346950531005859
9250050,2021,2021-04-28,2401,2021-03-17,1015,727,4,3,5,3,2401,0,0,0,,0,004,"WINTON WY","GROVE AV",0.00,,Y,A,-,N,,,,,,,,,,Y,2,0,3,3,A,-,03,22350,,N,C,C,A,A,H,-,A,D,0,,,,,Y,,A,07,1,2,0,0,0,0,0,0,0,"- ","- ",37.353500366210938,-120.61376190185547,MERCED,ATWATER,-120.61375427246094,37.353492736816406
9250051,2021,2021-04-28,2401,2021-03-18,0545,727,4,4,5,3,2401,0,0,0,,0,004,"ATWATER BL","WEDEL AV",250.00,E,N,A,-,N,,,,,,,,,,N,2,0,1,3,A,-,09,21801,A,N,D,C,A,A,H,-,C,A,0,,,,,Y,,A,01,1,0,0,0,0,0,0,0,0,"- ","- ",37.352100372314453,-120.6259765625,MERCED,ATWATER,-120.62783050537109,37.352588653564453
9250052,2021,2021-04-28,2401,2021-03-20,0646,728,2,6,5,3,2401,0,0,0,,0,002,"BUHACH RD","NOBELA DR",251.00,S,N,A,-,N,,,,,,,,,,Y,2,0,1,1,A,-,03,22350,,N,F,I,A,A,H,-,D,D,0,,,,,Y,Y,A,01,1,0,0,0,0,0,0,0,0,"- ","- ",37.357200622558594,-120.57650756835938,MERCED,ATWATER,-120.57653045654297,37.356491088867188
9250053,2021,2021-04-28,2401,2021-03-25,1000,718,2,4,5,3,2401,0,0,0,,0,002,"SANTA FE DR","PGE POLE #4207",0.00,,Y,A,-,N,,,,,,,,,,Y,2,0,1,1,A,-,07,21658,A,N,F,A,A,A,H,-,A,D,0,,,,,Y,,A,01,1,0,0,0,0,0,0,0,0,"- ","- ",,,MERCED,ATWATER,,
9250196,2021,2021-05-03,2406,2021-04-07,1620,256,2,3,5,5,2406,0,0,0,,0,020,"S PARSONS AV","DINKEY CREEK AV",0.00,,Y,A,-,N,,,,,,,,,,N,4,0,3,2,A,-,09,21802,A,N,D,C,A,A,H,-,A,A,0,,,,,Y,,A,01,0,0,3,0,0,0,0,0,0,"- ","- ",,,MERCED,MERCED,-120.45164489746094,37.285003662109375
9251586,2021,2021-05-03,2406,2021-04-03,2010,283,1,6,5,5,2406,0,0,0,,0,011,"WEST YOSEMITE AV","SAN AUGUSTINE AV",0.00,,Y,A,-,N,,,,,,,,,,Y,3,0,1,2,A,-,12,22450,A,N,C,C,A,A,H,-,D,A,0,,,,,Y,,A,01,0,1,0,0,0,0,0,0,0,"- ","- ",,,MERCED,MERCED,-120.49906158447266,37.331882476806641
9251587,2021,2021-05-07,2406,2021-04-03,1532,256,2,6,5,5,2406,0,0,0,,0,020,"WEST MAIN ST","K ST",0.00,,Y,A,-,N,,,,,,,,,,Y,4,0,2,2,A,-,12,21453,A,N,D,C,A,A,H,-,A,A,0,,,,,Y,,-,"- ",0,0,2,0,0,0,0,0,0,"- ","- ",,,MERCED,MERCED,-120.48182678222656,37.300868988037109
9251588,2021,2021-05-03,2406,2021-04-03,1944,283,2,6,5,5,2406,0,0,0,,0,020,"EAST 22ND ST","G ST",0.00,,Y,A,-,N,,,,,,,,,,N,3,0,2,2,A,-,10,21950,A,N,G,B,B,A,H,-,C,D,0,Y,,,,Y,,A,01,0,1,1,0,1,0,0,0,0,"- ","- ",,,MERCED,MERCED,-120.47296905517578,37.303676605224609
9251710,2021,2021-04-27,2406,2021-03-31,2021,286,2,3,5,5,2406,0,0,0,,0,020,"EAST 21ST ST","WESTON WY",100.00,W,N,A,-,N,,,,,,,,,,Y,3,0,2,2,A,-,01,23153,A,N,C,E,A,A,H,-,C,D,0,,,,,Y,Y,A,01,0,2,0,0,0,0,0,0,0,"- ","- ",,,MERCED,MERCED,-120.46796417236328,37.300624847412109
9251711,2021,2021-04-27,2406,2021-03-28,1910,260,1,7,5,5,2406,0,0,0,,0,010,"W BEAR CREEK AV","M ST",1584.00,E,N,A,-,N,,,,,,,,,,Y,3,0,1,1,A,-,03,22350,,N,E,I,A,A,H,-,A,D,0,,,,,Y,,A,01,0,1,0,0,0,0,0,0,0,"- ","- ",,,MERCED,MERCED,-120.47360229492188,37.311904907226562
9251713,2021,2021-04-27,2406,2021-03-27,2347,283,3,6,5,5,2406,0,0,0,,0,030,"EAST CHILDS AV","TYLER RD",0.00,,Y,A,-,N,,,,,,,,,,Y,4,0,1,2,A,-,08,22107,,N,D,C,A,A,H,-,D,A,0,,,,,Y,,A,01,0,0,1,0,0,0,0,0,0,"- ","- ",,,MERCED,MERCED,-120.46980285644531,37.287971496582031
9251714,2021,2021-04-27,2406,2021-03-07,1704,290,2,7,5,5,2406,0,0,0,,0,020,"H ST","21ST ST",0.00,,Y,A,-,N,,,,,,,,,,N,2,0,1,2,A,-,08,22107,,N,D,G,A,A,H,-,A,A,0,,Y,,,Y,,A,01,1,0,0,0,0,0,1,0,0,"- ","- ",,,MERCED,MERCED,-120.47503662109375,37.303199768066406
9251786,2021,2021-04-30,2406,2021-04-01,1244,256,1,4,5,5,2406,0,0,0,,0,011,"ASHBY RD","WEST 16TH ST",80.00,N,N,A,-,N,,,,,,,,,,Y,3,0,1,2,A,-,07,21658,A,M,B,C,A,A,H,-,A,D,0,,,,Y,Y,,G,27,0,1,0,0,0,0,0,0,0,"- ","- ",,,MERCED,MERCED,-120.50899505615234,37.309482574462891
9251790,2021,2021-04-29,2406,2021-03-31,0940,247,2,3,5,5,2406,0,0,0,,0,020,"N ST","WEST 16TH ST",0.00,,Y,A,-,N,,,,,,,,,,Y,3,0,1,2,A,-,09,21802,A,N,D,C,A,A,H,-,A,D,0,,,,,Y,,A,01,0,1,0,0,0,0,0,0,0,"- ","- ",,,MERCED,MERCED,-120.48696136474609,37.301544189453125