CASE_ID,ACCIDENT_YEAR,PROC_DATE,JURIS,COLLISION_DATE,COLLISION_TIME,OFFICER_ID,REPORTING_DISTRICT,DAY_OF_WEEK,CHP_SHIFT,POPULATION,CNTY_CITY_LOC,SPECIAL_COND,BEAT_TYPE,CHP_BEAT_TYPE,CITY_DIVISION_LAPD,CHP_BEAT_CLASS,BEAT_NUMBER,PRIMARY_RD,SECONDARY_RD,DISTANCE,DIRECTION,INTERSECTION,WEATHER_1,WEATHER_2,STATE_HWY_IND,CALTRANS_COUNTY,CALTRANS_DISTRICT,STATE_ROUTE,ROUTE_SUFFIX,POSTMILE_PREFIX,POSTMILE,LOCATION_TYPE,RAMP_INTERSECTION,SIDE_OF_HWY,TOW_AWAY,COLLISION_SEVERITY,NUMBER_KILLED,NUMBER_INJURED,PARTY_COUNT,PRIMARY_COLL_FACTOR,PCF_CODE_OF_VIOL,PCF_VIOL_CATEGORY,PCF_VIOLATION,PCF_VIOL_SUBSECTION,HIT_AND_RUN,TYPE_OF_COLLISION,MVIW,PED_ACTION,ROAD_SURFACE,ROAD_COND_1,ROAD_COND_2,LIGHTING,CONTROL_DEVICE,CHP_ROAD_TYPE,PEDESTRIAN_ACCIDENT,BICYCLE_ACCIDENT,MOTORCYCLE_ACCIDENT,TRUCK_ACCIDENT,NOT_PRIVATE_PROPERTY,ALCOHOL_INVOLVED,STWD_VEHTYPE_AT_FAULT,CHP_VEHTYPE_AT_FAULT,COUNT_SEVERE_INJ,COUNT_VISIBLE_INJ,COUNT_COMPLAINT_PAIN,COUNT_PED_KILLED,COUNT_PED_INJURED,COUNT_BICYCLIST_KILLED,COUNT_BICYCLIST_INJURED,COUNT_MC_KILLED,COUNT_MC_INJURED,PRIMARY_RAMP,SECONDARY_RAMP,LATITUDE,LONGITUDE,COUNTY,CITY,POINT_X,POINT_Y
9301049,2021,2021-08-13,2405,2021-01-29,1536,PD55,3,5,5,3,2405,0,0,0,,0,0B3,"WEST I ST","W PACHECO BL",0.00,,Y,A,-,Y,MER,10,152,-,-,19.618,I,6,W,N,4,0,1,2,A,-,08,22107,,N,B,C,A,A,H,-,A,A,0,,,,,Y,,A,01,0,0,1,0,0,0,0,0,0,"- ","- ",37.056880950927734,-120.86528778076172,MERCED,"LOS BANOS",-120.86522674560547,37.056858062744141
9301053,2021,2021-08-13,2405,2021-01-28,1618,PD57,3,4,5,3,2405,0,0,0,,0,0B3,"WARD RD","RT 152",43.00,N,N,C,-,Y,MER,10,152,-,-,22.252,I,5,W,N,4,0,2,2,A,-,09,21800,A,N,D,C,A,B,H,-,A,A,0,,,,,Y,,A,01,0,0,2,0,0,0,0,0,0,"- ","- ",37.056850433349609,-120.81754302978516,MERCED,"LOS BANOS",-120.81764221191406,37.056812286376953
9301057,2021,2021-08-13,2405,2021-01-09,1814,PD54,2,6,5,3,2405,0,0,0,,0,0B2,"E PACHECO BL","PLACE RD",13.00,W,N,A,-,Y,MER,10,152,-,-,21.761,I,5,W,Y,4,0,2,2,A,-,12,21453,A,N,D,C,A,A,H,-,C,A,0,,,,,Y,,A,01,0,0,2,0,0,0,0,0,0,"- ","- ",37.057060241699219,-120.82649230957031,MERCED,"LOS BANOS",-120.82643127441406,37.057018280029297
9301061,2021,2021-08-13,2405,2021-02-28,1711,PD44,2,7,5,3,2405,0,0,0,,0,0B2,"E PACHECO BL","H ST",57.00,E,N,A,-,Y,MER,10,152,-,-,21.160,H,-,E,N,4,0,1,2,A,-,03,22350,,F,C,C,A,A,H,-,A,A,0,,,,,Y,,A,01,0,0,1,0,0,0,0,0,0,"- ","- ",37.056919097900391,-120.83754730224609,MERCED,"LOS BANOS",-120.83737182617188,37.056922912597656
9301062,2021,2021-08-12,2405,2021-01-17,0517,PD56,3,7,5,3,2405,0,0,0,,0,0B3,"E PACHECO BL","SANTA FE GRADE",0.00,,Y,A,-,Y,MER,10,152,-,-,22.560,H,-,W,Y,4,0,1,1,A,-,08,22107,,N,E,I,A,A,H,-,C,A,0,,,,,Y,,A,01,0,0,1,0,0,0,0,0,0,"- ","- ",37.055599212646484,-120.78761291503906,MERCED,"LOS BANOS",-120.81222534179688,37.056575775146484
9301065,2021,2021-08-13,2405,2021-02-02,1508,PD26,3,2,5,3,2405,0,0,0,,0,0B3,"RT 152","PLACE RD",166.00,W,N,C,-,Y,MER,10,152,-,-,21.730,H,-,E,N,4,0,1,2,A,-,03,22350,,F,C,C,A,B,H,-,A,A,0,,,,,Y,,A,01,0,0,1,0,0,0,0,0,0,"- ","- ",37.057060241699219,-120.82649230957031,MERCED,"LOS BANOS",-120.82699584960938,37.057010650634766
9301069,2021,2021-08-13,2405,2021-03-27,1842,PD20,2,6,5,3,2405,0,0,0,,0,0B2,"E PACHECO BL","WARD RD",400.00,W,N,A,-,Y,MER,10,152,-,-,22.170,H,-,W,N,3,0,6,2,A,-,09,21804,,M,D,C,A,A,H,-,A,D,0,,,,,Y,,A,01,0,4,2,0,0,0,0,0,0,"- ","- ",37.057079315185547,-120.82453918457031,MERCED,"LOS BANOS",-120.81909942626953,37.0570068359375
9301074,2021,2021-08-12,2405,2021-02-14,0806,PD55,3,7,5,3,2405,0,0,0,,0,0B3,"E PACHECO BL","TANNER RD",0.00,,Y,A,-,Y,MER,10,152,-,-,21.680,I,5,W,N,4,0,1,1,A,-,03,22350,,M,E,I,A,A,H,-,C,D,0,,,,,Y,,-,,0,0,1,0,0,0,0,0,0,"- ","- ",37.056938171386719,-120.82776641845703,MERCED,"LOS BANOS",-120.82791137695312,37.057003021240234
9301078,2021,2021-08-12,2405,2021-02-18,2106,PD143,1,4,5,3,2405,0,0,0,,0,0B1,"W PACHECO BL","BADGER FLAT RD",0.00,,Y,A,-,Y,MER,10,152,-,-,18.882,H,-,W,N,4,0,1,2,A,-,03,22350,,N,C,C,A,A,H,-,C,A,0,,,,,Y,,-,,0,0,1,0,0,0,0,0,0,"- ","- ",37.057201385498047,-120.87885284423828,MERCED,"LOS BANOS",-120.87835693359375,37.056777954101562
9301136,2020,2021-08-13,2405,2020-12-31,1613,PD45,2,4,5,3,2405,0,0,0,,0,0B2,"E B ST","WARD RD",0.00,,Y,A,-,N,,,,,,,,,,Y,4,0,2,1,A,-,03,22350,,M,E,J,A,A,H,-,A,D,0,,,,,Y,,-,,0,0,2,0,0,0,0,0,0,"- ","- ",37.066478729248047,-120.81758117675781,MERCED,"LOS BANOS",-120.81759643554688,37.066490173339844
9301140,2020,2021-08-16,2405,2020-12-10,0647,PD53,6,4,5,3,2405,0,0,0,,0,B4/2,"DOVE AV","N MERCY SPRINGS RD",0.00,,Y,A,-,Y,MER,10,165,-,-,10.550,I,5,N,N,4,0,1,2,A,-,08,22107,,N,B,C,A,A,H,-,A,A,0,,,,,Y,,A,01,0,0,1,0,0,0,0,0,0,"- ","- ",37.082759857177734,-120.83493804931641,MERCED,"LOS BANOS",-120.83494567871094,37.082763671875
9301260,2021,2021-08-20,2406,2021-07-17,0801,298,3,6,5,5,2406,0,0,0,,0,030,"MARTIN LUTHER KING JR WY","WEST 11TH ST",0.00,,Y,A,-,Y,MER,10,59,-,-,14.580,I,5,S,Y,3,0,1,2,A,-,09,21801,A,N,B,C,A,A,H,-,A,D,0,,,,,Y,,A,01,0,1,0,0,0,0,0,0,0,"- ","- ",,,MERCED,MERCED,-120.48397064208984,37.294036865234375
9301264,2021,2021-08-17,2406,2021-07-14,1746,237,3,3,5,5,2406,0,0,0,,0,030,"MARTIN LUTHER KING JR WY","WEST 11TH ST",0.00,,Y,A,-,Y,MER,10,59,-,-,14.580,I,5,S,N,3,0,1,2,A,-,09,21804,,F,A,C,A,A,H,-,A,D,0,,,,,Y,Y,A,01,0,1,0,0,0,0,0,0,0,"- ","- ",,,MERCED,MERCED,-120.48397064208984,37.294036865234375
9301409,2021,2021-08-24,2406,2021-07-23,1305,306,,5,5,5,2406,0,0,0,,0,,"MARTIN LUTHER KING JR WY","MAIN ST",24.00,S,N,A,-,N,,,,,,,,,,N,4,0,1,2,A,-,08,22107,,N,D,G,A,A,H,-,A,D,0,,Y,,,Y,,L,04,0,0,1,0,0,0,1,0,0,"- ","- ",,,MERCED,MERCED,-120.48041534423828,37.300251007080078
9301420,2021,2021-08-30,2401,2021-07-11,1907,720,2,7,5,3,2401,0,0,0,,0,002,"CASTLE WOOD DR","BUHACH RD",0.00,,Y,A,-,N,,,,,,,,,,N,3,0,1,2,A,-,04,21703,,N,C,C,A,A,H,-,A,D,0,,,,,Y,,A,07,0,1,0,0,0,0,0,0,0,"- ","- ",37.359489440917969,-120.59578704833984,MERCED,ATWATER,-120.57663726806641,37.359062194824219
9302374,2021,2021-08-12,2405,2021-03-05,1815,PD44,2,5,5,3,2405,0,0,0,,0,0B2,"7TH ST","ABBY CIR",21.00,N,N,A,-,N,,,,,,,,,,N,2,0,1,2,A,-,09,21801,A,N,D,C,A,A,H,-,C,A,0,,,Y,,Y,,A,01,1,0,0,0,0,0,0,0,1,"- ","- ",37.067558288574219,-120.84134674072266,MERCED,"LOS BANOS",-120.84130859375,37.067611694335938
9302375,2021,2021-08-12,2405,2021-03-08,1746,PD46,,1,5,3,2405,0,0,0,,0,,"BADGER FLAT RD","H ST",463.00,S,N,A,-,N,,,,,,,,,,Y,3,0,3,2,A,-,08,22107,,N,A,C,A,A,H,-,A,D,0,,,,,Y,,A,01,0,3,0,0,0,0,0,0,0,"- ","- ",37.075359344482422,-120.87645721435547,MERCED,"LOS BANOS",,
9302376,2021,2021-08-12,2405,2021-03-09,1657,PD46,2,2,5,3,2405,0,0,0,,0,0B2,"PISMO WY","LAGUNA WY",0.00,,Y,A,-,N,,,,,,,,,,N,3,0,1,2,A,-,08,22107,,N,B,C,A,A,H,-,A,A,0,,,,,Y,,A,01,0,1,0,0,0,0,0,0,0,"- ","- ",37.0594482421875,-120.81865692138672,MERCED,"LOS BANOS",-120.81861114501953,37.059444427490234
9302377,2021,2021-08-12,2405,2021-03-12,2112,PD47,2,5,5,3,2405,0,0,0,,0,0B2,"G ST","SAN JUAN ST",0.00,,Y,A,-,N,,,,,,,,,,Y,3,0,1,1,A,-,08,22107,,N,F,A,A,A,H,-,C,A,0,,,,,Y,,A,01,0,1,0,0,0,0,0,0,0,"- ","- ",37.060131072998047,-120.83956146240234,MERCED,"LOS BANOS",-120.83957672119141,37.060127258300781
9302378,2021,2021-08-12,2405,2021-03-29,1331,PD27,2,1,5,3,2405,0,0,0,,0,0B2,"H ST","7TH ST",0.00,,Y,A,-,N,,,,,,,,,,Y,4,0,3,2,D,-,00,,,N,D,C,A,A,H,-,A,A,0,,,,,Y,,-,"- ",0,0,3,0,0,0,0,0,0,"- ","- ",37.061241149902344,-120.84578704833984,MERCED,"LOS BANOS",-120.84577941894531,37.061225891113281
93051152,2024,2024-07-31,9460,2024-07-26,1030,018603,,5,1,9,2400,0,3,5,,2,020,"LEWIS CIR.","SHANKS RD.",155.00,W,N,A,-,N,,,,,,,,,,N,4,0,1,2,A,-,09,21801,A,N,D,C,A,A,H,-,A,D,0,,,,,Y,,-,"- ",0,0,1,0,0,0,0,0,0,"- ","- ",37.431739807128906,-120.78662109375,MERCED,UNINCORPORATED,-120.78658294677734,37.430759429931641
93052808,2024,2024-07-31,9460,2024-07-27,1125,018603,,6,1,9,2400,0,3,5,,2,020,"SHANKS RD",SR-99,243.00,W,N,A,-,N,,,,,,,,,,Y,4,0,1,1,A,-,08,22107,,N,F,I,A,A,H,-,A,D,0,,,Y,,Y,,C,02,0,0,1,0,0,0,0,0,1,"- ","- ",37.436630249023438,-120.78426361083984,MERCED,UNINCORPORATED,-120.78424835205078,37.436588287353516
9308994,2021,2021-10-07,2405,2021-02-05,1401,PD55,6,5,5,3,2405,0,0,0,,0,B4/2,"OVERLAND AV","STONEWOOD DR",0.00,,Y,A,-,N,,,,,,,,,,Y,4,0,3,2,A,-,09,21802,A,N,D,C,A,A,H,-,A,A,0,,,,,Y,,A,01,0,0,3,0,0,0,0,0,0,"- ","- ",37.073711395263672,-120.84149932861328,MERCED,"LOS BANOS",-120.84162902832031,37.073772430419922
9308995,2021,2021-10-07,2405,2021-02-02,0720,PD39,1,2,5,3,2405,0,0,0,,0,0B1,"I ST","7TH ST",0.00,,Y,A,-,N,,,,,,,,,,N,4,0,1,2,A,-,10,21950,A,N,G,B,B,A,H,-,A,A,0,Y,,,,Y,,A,01,0,0,1,0,1,0,0,0,0,"- ","- ",37.060279846191406,-120.84647369384766,MERCED,"LOS BANOS",-120.84648132324219,37.060272216796875
93097535,2024,2024-08-01,9461,2024-07-20,2500,020486,,6,4,9,2400,0,1,3,,1,265,SR-165,"PIONEER ROAD",200.00,N,N,A,-,Y,MER,,165," "," ",7.850,H,,R,N,3,0,1,2,A,-,08,22107,,F,G,B,F,A,H,-,D,D,0,Y,,,,Y,,-,99,0,1,0,0,1,0,0,0,0,"- ","- ",37.043399810791016,-120.83566284179688,MERCED,UNINCORPORATED,-120.83570861816406,37.043403625488281
93097552,2024,2024-08-01,9461,2024-07-28,1756,019052,,7,2,9,2400,0,1,3,,2,453,"SR-152 W/B","WILLIS RD",1584.00,E,N,A,-,Y,MER,,152," ",R,36.296,H,,L,Y,3,0,1,1,A,-,01,23152,A,N,E,I,A,A,H,-,A,D,0,,,,,Y,Y,D,22,0,1,0,0,0,0,0,0,0,"- ","- ",37.052780151367188,-120.56548309326172,MERCED,UNINCORPORATED,-120.56545257568359,37.052665710449219
93097559,2024,2024-08-01,9461,2024-07-25,"905 ",021536,,4,1,9,2400,0,1,1,,2,105,"I-5 S/B TO SR-33",SR-33,280.00,N,N,A,-,Y,,,,,,,,,,Y,4,0,1,3,A,-,03,22350,,N,C,D,A,D,H,-,A,A,0,,,,,Y,,A,01,0,0,1,0,0,0,0,0,0,"- ","- ",37.104579925537109,-121.01658630371094,MERCED,UNINCORPORATED,-121.01628112792969,37.106624603271484
9312238,2021,2021-09-03,2402,2021-05-03,1538,J1,"DOS P",1,5,2,2402,0,0,0,,0,,"ELGIN AV","BLOSSOM ST",0.00,,Y,A,-,Y,MER,10,33,-,R,1.169,I,5,S,Y,3,0,2,3,A,-,12,22450,,N,D,C,A,A,H,-,A,A,0,,,,,Y,,A,01,0,1,1,0,0,0,0,0,0,"- ","- ",,,MERCED,"DOS PALOS",-120.63558197021484,36.985725402832031
9312279,2021,2021-09-13,2406,2021-08-10,2102,237,3,2,5,5,2406,0,0,0,,0,031,"13TH ST","V ST",36.00,W,N,A,-,Y,MER,10,140,-,-,35.740,H,-,E,N,3,0,2,2,A,-,03,22350,,F,C,C,A,A,H,-,C,A,0,,,,,Y,,A,01,0,2,0,0,0,0,0,0,0,"- ","- ",,,MERCED,MERCED,-120.50111389160156,37.302707672119141
9312761,2021,2021-09-09,2406,2021-08-04,0219,267,3,3,5,5,2406,0,0,0,,0,031,"R ST","W 11TH",78.00,N,N,A,-,N,,,,,,,,,,Y,3,0,1,2,-,-,"- ",,,N,F,E,A,A,H,-,C,D,0,,,,,Y,,D,22,0,1,0,0,0,0,0,0,0,"- ","- ",,,MERCED,MERCED,-120.49593353271484,37.298633575439453
9312762,2021,2021-08-25,2406,2021-07-30,1451,256,2,5,5,5,2406,0,0,0,,0,020,"G ST","EAST 21ST ST",0.00,,Y,A,-,N,,,,,,,,,,Y,4,0,2,2,A,-,12,21453,A,N,D,C,A,A,H,-,A,A,0,,,,,Y,,D,22,0,0,2,0,0,0,0,0,0,"- ","- ",,,MERCED,MERCED,-120.47355651855469,37.302696228027344
9312802,2021,2021-10-07,2406,2021-08-10,2119,295,2,2,5,5,2406,0,0,0,,0,020,"M ST","WEST MAIN ST",0.00,,Y,A,-,N,,,,,,,,,,Y,4,0,1,3,A,-,01,23152,A,N,D,C,A,A,H,-,C,A,0,,,Y,,Y,Y,C,02,0,0,1,0,0,0,0,0,1,"- ","- ",,,MERCED,MERCED,-120.48483276367188,37.302013397216797
9312803,2021,2021-10-19,2406,2021-08-09,1008,129,NORTH,1,5,5,2406,0,0,0,,0,011,"M ST","W DONNA",0.00,,Y,A,-,N,,,,,,,,,,Y,4,0,1,2,A,-,09,21802,A,N,D,C,A,A,H,-,A,A,0,,,,,Y,,A,01,0,0,1,0,0,0,0,0,0,"- ","- ",,,MERCED,MERCED,-120.47846984863281,37.329715728759766
9312805,2021,2021-10-07,2406,2021-08-06,1828,260,1,5,5,5,2406,0,0,0,,0,011,"LOUGHBOROUGH DR","CONESTOGA DR",1056.00,N,N,A,-,N,,,,,,,,,,N,3,0,1,2,A,-,03,22350,,N,G,B,D,A,H,-,A,D,0,Y,,,,Y,,A,01,0,1,0,0,1,0,0,0,0,"- ","- ",,,MERCED,MERCED,-120.49854278564453,37.322437286376953
9312876,2021,2021-09-08,2406,2021-07-31,1107,256,2,6,5,5,2406,0,0,0,,0,020,"MARTIN LUTHER KING JR WAY","WEST 19TH ST",0.00,,Y,A,-,N,,,,,,,,,,Y,3,0,2,2,A,-,12,22450,A,N,D,C,A,A,H,-,A,A,0,,,,,Y,,A,01,0,1,1,0,0,0,0,0,0,"- ","- ",,,MERCED,MERCED,-120.47920989990234,37.302326202392578
9316828,2021,2021-10-25,2406,2021-08-19,2303,260,2,4,5,5,2406,0,0,0,,0,020,"RT 140","KIBBY RD",105.00,E,N,A,-,Y,MER,10,140,-,-,38.730,H,-,E,Y,4,0,1,2,A,-,01,23152,A,N,C,C,A,A,H,-,D,A,0,,,,Y,Y,Y,A,01,0,0,1,0,0,0,0,0,0,"- ","- ",,,MERCED,MERCED,-120.41484069824219,37.295158386230469
9317438,2021,2021-10-01,2406,2021-08-11,2227,267,3,3,5,5,2406,0,0,0,,0,030,"M ST","W 7TH ST",0.00,,Y,A,-,N,,,,,,,,,,Y,3,0,1,2,A,-,12,22450,A,F,D,C,A,A,H,-,C,A,0,,,,,Y,,A,01,0,1,0,0,0,0,0,0,0,"- ","- ",,,MERCED,MERCED,-120.49074554443359,37.291690826416016
9317439,2021,2021-10-01,2406,2021-08-13,0752,256,1,5,5,5,2406,0,0,0,,0,011,"WEST OLIVE AV","APPLEWOOD LN",30.00,E,N,A,-,N,,,,,,,,,,Y,4,0,2,4,A,-,03,22350,,N,C,C,A,A,H,-,A,A,0,,,,,Y,,A,07,0,0,2,0,0,0,0,0,0,"- ","- ",,,MERCED,MERCED,-120.48164367675781,37.319190979003906
9317485,2021,2021-09-02,2402,2021-01-31,1210,P18,,7,5,2,2402,0,0,0,,0,,"CALIFORNIA AV","BLOSSOM ST",0.00,N,N,A,-,N,,,,,,,,,,N,4,0,1,2,A,-,09,21804,A,N,H,C,A,A,H,-,A,D,0,,,,,Y,,-,"- ",0,0,1,0,0,0,0,0,0,"- ","- ",,,MERCED,"DOS PALOS",-120.62908935546875,36.986049652099609
9317641,2020,2021-09-09,2405,2020-12-05,1206,PD143,3,6,5,3,2405,0,0,0,,0,0B3,"ORTIGALITA RD","PRAIRIE SPRINGS RD",0.00,S,N,A,-,N,,,,,,,,,,Y,4,0,2,1,A,-,03,22350,,N,E,I,A,A,H,-,A,A,0,,,,,Y,,A,01,0,0,2,0,0,0,0,0,0,"- ","- ",37.053211212158203,-120.87548828125,MERCED,"LOS BANOS",-120.8719482421875,37.053329467773438
9318334,2021,2021-09-27,2401,2021-08-10,1200,733,4,2,5,3,2401,0,0,0,,0,004,"WINTON WY","CEDAR AV",0.00,,Y,A,-,N,,,,,,,,,,Y,3,0,1,2,A,-,03,22350,,N,D,C,A,A,H,-,A,D,0,,,,,Y,,A,01,0,1,0,0,0,0,0,0,0,"- ","- ",37.349109649658203,-120.61279296875,MERCED,ATWATER,-120.61285400390625,37.349208831787109
9318335,2021,2021-09-27,2401,2021-08-07,0337,732,2,6,5,3,2401,0,0,0,,0,002,"SANTA FE DR","WALLACE RD",763.00,E,N,A,-,N,,,,,,,,,,Y,2,0,2,2,A,-,07,21658,A,N,A,C,A,A,H,-,D,D,0,,,,,Y,Y,A,07,2,0,0,0,0,0,0,0,0,"- ","- ",37.371360778808594,-120.59033203125,MERCED,ATWATER,-120.58821868896484,37.370044708251953
9318336,2021,2021-09-27,2401,2021-08-27,1637,732,1,5,5,3,2401,0,0,0,,0,001,"JUNIPER AV","3RD ST",5.00,E,N,A,-,N,,,,,,,,,,N,3,0,1,2,A,-,09,21800,C,F,H,G,A,A,H,-,A,D,0,,Y,,,Y,,A,07,0,1,0,0,0,0,1,0,0,"- ","- ",37.35369873046875,-120.60626220703125,MERCED,ATWATER,-120.60516357421875,37.353282928466797
9318426,2021,2021-10-01,2401,2021-08-03,1623,730,3,2,5,3,2401,0,0,0,,0,003,"JUNIPER AV","CLARK ST",0.00,,Y,A,-,N,,,,,,,,,,N,3,0,4,2,A,-,09,21804,A,N,D,C,A,A,H,-,A,D,0,,,,,Y,,A,01,0,2,2,0,0,0,0,0,0,"- ","- ",37.348621368408203,-120.59425354003906,MERCED,ATWATER,-120.59424591064453,37.349811553955078
9318433,2021,2021-10-01,2401,2021-08-17,1503,730,,2,5,3,2401,0,0,0,,0,002,"BELLEVUE RD","1ST ST",0.00,,Y,A,-,N,,,,,,,,,,N,3,0,1,2,A,-,04,21703,,N,C,C,A,A,H,-,A,D,0,,,,,Y,,A,01,0,1,0,0,0,0,0,0,0,"- ","- ",37.348281860351562,-120.61105346679688,MERCED,ATWATER,-120.59580993652344,37.360458374023438
9319745,2021,2021-09-17,2402,2021-03-23,1841,P19,,2,5,2,2402,0,0,0,,0,,"ELGIN AV","BLOSSOM ST",7.00,N,N,A,-,N,,,,,,,,,,N,4,0,1,2,A,-,04,21703,,N,C,-,A,A,H,-,A,A,0,,,,,Y,,A,01,0,0,1,0,0,0,0,0,0,"- ","- ",,,MERCED,"DOS PALOS",-120.63559722900391,36.986110687255859
9320109,2021,2023-06-17,2406,2021-05-29,0231,283,1,6,5,5,2406,0,0,0,,0,010,"W DONNA DR","SNOWBIRD CT",0.00,,Y,A,-,N,,,,,,,,,,Y,1,1,0,1,A,-,01,23152,A,N,E,I,A,A,H,-,C,D,0,,,Y,,Y,Y,C,02,0,0,0,0,0,0,0,1,0,"- ","- ",,,MERCED,MERCED,-120.47245025634766,37.329669952392578
9320115,2021,2023-06-17,2406,2021-07-28,0209,283,3,3,5,5,2406,0,0,0,,0,031,"WEST CHILDS AV","N ST",183.00,W,N,A,-,N,,,,,,,,,,N,1,1,0,2,A,-,11,21954,A,N,G,B,E,A,H,-,C,D,0,Y,,,,Y,,N,60,0,0,0,1,0,0,0,0,0,"- ","- ",,,MERCED,MERCED,-120.49524688720703,37.288230895996094
9320131,2021,2021-12-07,2406,2021-10-02,1401,252,2,6,5,5,2406,0,0,0,,0,031,"U ST","11TH ST",0.00,,Y,A,-,N,,,,,,,,,,Y,1,1,1,2,A,-,12,22450,A,N,D,C,A,A,H,-,A,A,0,,,Y,,Y,,C,02,0,1,0,0,0,0,0,1,0,"- ","- ",,,MERCED,MERCED,-120.50051879882812,37.300102233886719
9320352,2021,2023-06-17,2406,2021-08-16,0056,256,2,1,5,5,2406,0,0,0,,0,020,"EAST CHILDS AV","WATERTOWN DR",58.00,W,N,A,-,N,,,,,,,,,,N,1,1,0,2,A,-,11,21954,A,F,G,B,E,A,H,-,C,D,0,Y,,,,Y,,A,01,0,0,0,1,0,0,0,0,0,"- ","- ",,,MERCED,MERCED,-120.44552612304688,37.287818908691406
9320389,2021,2022-03-17,2405,2021-07-11,2300,PD54,1,7,5,3,2405,0,0,0,,0,0B1,"RT 152","BADGER FLAT RD",43.00,W,N,A,-,Y,MER,10,152,-,-,18.860,H,-,E,N,1,1,0,2,A,-,11,21954,A,N,G,B,D,A,H,-,C,A,0,Y,,,,Y,,N,60,0,0,0,1,0,0,0,0,0,"- ","- ",37.056831359863281,-120.87831115722656,MERCED,"LOS BANOS",-120.87874603271484,37.056739807128906
9320399,2021,2022-03-23,2402,2021-11-30,1750,S3,,2,5,2,2402,0,0,0,,0,,"RT 33","OLIVE ST",102.00,S,N,A,-,Y,MER,10,33,-,-,1.270,H,-,N,N,1,1,0,2,A,-,00,21954,,N,G,B,E,A,H,-,C,D,0,Y,,,,Y,Y,N,60,0,0,0,1,0,0,0,0,0,"- ","- ",,,MERCED,"DOS PALOS",-120.63558197021484,36.987266540527344
9320427,2021,2022-03-03,2406,2021-12-07,1721,311,CENTR,2,5,5,2406,0,0,0,,0,"2 20","DOPPLER RD","GERARD AV",189.00,E,N,E,-,N,,,,,,,,,,Y,1,1,0,1,A,-,03,22350,,N,F,A,A,A,H,-,D,D,0,,,,,Y,,A,01,0,0,0,0,0,0,0,0,0,"- ","- ",,,MERCED,MERCED,-120.44757843017578,37.280220031738281
9320485,2021,2023-06-17,2406,2021-11-26,1742,283,2,5,5,5,2406,0,0,0,,0,020,"E YOSEMITE PKWY","ALMOND AV",0.00,,Y,A,-,N,,,,,,,,,,Y,1,1,0,2,A,-,03,22350,,N,G,B,B,A,H,-,C,D,0,Y,,,,Y,Y,A,01,0,0,0,1,0,0,0,0,0,"- ","- ",,,MERCED,MERCED,-120.46148681640625,37.29522705078125
9320489,2022,2022-03-10,2401,2022-01-19,1846,734,1,3,5,3,2401,0,0,0,,0,001,"WINTON WAY","FAY DR",0.00,,Y,A,-,N,,,,,,,,,,N,1,1,0,3,A,-,11,21954,A,F,G,B,D,A,H,-,C,A,0,Y,,,,Y,,N,60,0,0,0,1,0,0,0,0,0,"- ","- ",37.358451843261719,-120.61383056640625,MERCED,ATWATER,-120.61383819580078,37.358451843261719
9320685,2021,2022-05-05,2406,2021-11-27,0048,283,1,6,5,5,2406,0,0,0,,0,011,"W N BEAR CREEK DR","PIRA DR",590.00,W,N,A,-,N,,,,,,,,,,Y,1,1,0,1,A,-,01,23152,F,N,E,I,A,A,H,-,D,D,0,,,,,Y,Y,A,01,0,0,0,0,0,0,0,0,0,"- ","- ",,,MERCED,MERCED,-120.4918212890625,37.314884185791016
9320763,2022,2022-06-10,2406,2022-02-11,2229,129,CENTR,5,5,5,2406,0,0,0,,0,020,"EAST 21ST ST","G ST",10.00,E,N,A,-,N,,,,,,,,,,N,1,1,0,2,A,-,10,21950,A,N,G,B,B,A,H,-,C,A,0,Y,,,,Y,,D,22,0,0,0,1,0,0,0,0,0,"- ","- ",,,MERCED,MERCED,-120.47352600097656,37.302688598632812
9320898,2022,2022-07-20,2405,2022-01-16,1823,PD143,2,7,5,3,2405,0,0,0,,0,0B2,"RT 165","WILLMOTT AV",0.00,S,N,B,-,Y,MER,10,165,-,-,9.610,H,-,N,N,1,1,0,3,A,-,11,21954,A,N,G,B,E,A,H,-,D,A,0,Y,,,,Y,Y,N,60,0,0,0,1,0,0,0,0,0,"- ","- ",37.069198608398438,-120.83509063720703,MERCED,"LOS BANOS",-120.83516693115234,37.068866729736328
9321174,2022,2023-03-17,2406,2022-03-29,2209,201,CENTR,2,5,5,2406,0,0,0,,0,020,"MLK JR WY (RT-59)","W. 14TH ST",155.00,N,N,A,-,N,,,,,,,,,,N,1,1,0,2,A,-,11,21956,A,F,G,B,E,A,H,-,C,D,0,Y,,,,Y,,N,60,0,0,0,1,0,0,0,0,0,"- ","- ",,,MERCED,MERCED,-120.48197937011719,37.29736328125
9321175,2022,2023-03-14,2406,2022-08-22,1618,129,CENTR,1,5,5,2406,0,0,0,,0,021,"M ST","W. 25TH ST",0.00,,Y,A,-,N,,,,,,,,,,Y,1,1,0,2,A,-,09,21802,A,N,F,A,A,A,H,-,A,A,0,,,Y,,Y,,A,08,0,0,0,0,0,0,0,1,0,"- ","- ",,,MERCED,MERCED,-120.48028564453125,37.309951782226562
9321375,2022,2022-08-02,2402,2022-07-09,1458,P20,,6,5,2,2402,0,0,0,,0,,"ELGIN AV","BLOSSOM ST",124.00,S,N,A,-,Y,MER,10,33,-,R,1.140,H,-,S,N,4,0,1,2,A,-,11,21954,A,N,G,B,E,A,H,-,A,D,0,Y,,,,Y,,N,60,0,0,1,0,1,0,0,0,0,"- ","- ",,,MERCED,"DOS PALOS",-120.63558197021484,36.985630035400391