CASE_ID,ACCIDENT_YEAR,PROC_DATE,JURIS,COLLISION_DATE,COLLISION_TIME,OFFICER_ID,REPORTING_DISTRICT,DAY_OF_WEEK,CHP_SHIFT,POPULATION,CNTY_CITY_LOC,SPECIAL_COND,BEAT_TYPE,CHP_BEAT_TYPE,CITY_DIVISION_LAPD,CHP_BEAT_CLASS,BEAT_NUMBER,PRIMARY_RD,SECONDARY_RD,DISTANCE,DIRECTION,INTERSECTION,WEATHER_1,WEATHER_2,STATE_HWY_IND,CALTRANS_COUNTY,CALTRANS_DISTRICT,STATE_ROUTE,ROUTE_SUFFIX,POSTMILE_PREFIX,POSTMILE,LOCATION_TYPE,RAMP_INTERSECTION,SIDE_OF_HWY,TOW_AWAY,COLLISION_SEVERITY,NUMBER_KILLED,NUMBER_INJURED,PARTY_COUNT,PRIMARY_COLL_FACTOR,PCF_CODE_OF_VIOL,PCF_VIOL_CATEGORY,PCF_VIOLATION,PCF_VIOL_SUBSECTION,HIT_AND_RUN,TYPE_OF_COLLISION,MVIW,PED_ACTION,ROAD_SURFACE,ROAD_COND_1,ROAD_COND_2,LIGHTING,CONTROL_DEVICE,CHP_ROAD_TYPE,PEDESTRIAN_ACCIDENT,BICYCLE_ACCIDENT,MOTORCYCLE_ACCIDENT,TRUCK_ACCIDENT,NOT_PRIVATE_PROPERTY,ALCOHOL_INVOLVED,STWD_VEHTYPE_AT_FAULT,CHP_VEHTYPE_AT_FAULT,COUNT_SEVERE_INJ,COUNT_VISIBLE_INJ,COUNT_COMPLAINT_PAIN,COUNT_PED_KILLED,COUNT_PED_INJURED,COUNT_BICYCLIST_KILLED,COUNT_BICYCLIST_INJURED,COUNT_MC_KILLED,COUNT_MC_INJURED,PRIMARY_RAMP,SECONDARY_RAMP,LATITUDE,LONGITUDE,COUNTY,CITY,POINT_X,POINT_Y
94652956,2025,2025-04-17,9460,2025-04-12,"130 ",022785,,6,3,9,2400,0,1,3,,1,165,"SR-165 S/B","RIVER ROAD",1584.00,N,N,A,-,Y,MER,,165," "," ",30.578,H,,L,Y,3,0,1,1,A,-,08,22107,,N,E,I,A,A,H,-,D,A,0,,,,,Y,,A,07,0,1,0,0,0,0,0,0,0,"- ","- ",37.364910125732422,-120.85436248779297,MERCED,UNINCORPORATED,-120.85430908203125,37.36492919921875
9465296,2022,2022-12-16,2406,2022-11-05,0309,290,2,6,5,5,2406,0,0,0,,0,020,"EAST 21ST ST","F ST",621.00,E,N,A,-,N,,,,,,,,,,Y,3,0,2,1,A,-,01,23152,A,F,E,I,A,A,H,-,C,D,0,,,,,Y,Y,A,07,0,1,1,0,0,0,0,0,0,"- ","- ",,,MERCED,MERCED,-120.46993255615234,37.301342010498047
9465297,2022,2022-12-16,2406,2022-11-02,1557,283,3,3,5,5,2406,0,0,0,,0,030,"M ST","W 6TH ST",375.00,S,N,A,-,N,,,,,,,,,,Y,4,0,1,3,A,-,09,21804,A,N,D,C,A,A,H,-,A,D,0,,,,,Y,,A,01,0,0,1,0,0,0,0,0,0,"- ","- ",,,MERCED,MERCED,-120.49156188964844,37.290287017822266
9465298,2022,2022-12-16,2406,2022-11-03,1655,129,NORTH,4,5,5,2406,0,0,0,,0,011,"W NORTH BEAR CREEK DR",BROOKSIDE,115.00,E,N,B,-,N,,,,,,,,,,Y,4,0,1,1,A,-,01,23152,A,N,E,I,A,B,H,-,A,D,0,,,,,Y,Y,A,01,0,0,1,0,0,0,0,0,0,"- ","- ",,,MERCED,MERCED,-120.49873352050781,37.310283660888672
94654971,2025,2025-04-18,9460,2025-04-16,1345,016476,,3,1,9,2400,0,3,5,,2,020,"VINCENT RD","BRADBURY RD",40.00,N,N,A,-,N,,,,,,,,,,N,4,0,1,2,A,-,21,22106,,N,C,C,A,A,H,-,A,D,0,,,,Y,Y,,F,27,0,0,1,0,0,0,0,0,0,"- ","- ",37.448768615722656,-120.77632904052734,MERCED,UNINCORPORATED,-120.77631378173828,37.448570251464844
94655000,2025,2025-04-18,9460,2025-04-14,"125 ",022938,,1,3,9,2400,0,1,3,,2,002,"SR-99 S/B","SULTANA DR",1953.00,N,N,A,-,Y,MER,,99," "," ",27.511,H,,L,Y,3,0,1,1,A,-,01,23152,A,N,E,I,A,A,H,-,C,D,0,,,,,Y,Y,A,07,0,1,0,0,0,0,0,0,0,"- ","- ",37.375148773193359,-120.68881225585938,MERCED,UNINCORPORATED,-120.68877410888672,37.375247955322266
94655717,2025,2025-04-21,9461,2025-04-14,2125,023024,,1,2,9,2400,0,3,5,,2,010,"HUNT ROAD","COTTONWOOD RD",3907.00,N,N,G,-,N,,,,,,,,,,Y,4,0,2,1,A,-,03,22350,,N,E,J,A,A,D,-,D,A,0,,,,,Y,,A,07,0,0,2,0,0,0,0,0,0,"- ","- ",37.198459625244141,-120.99423980712891,MERCED,UNINCORPORATED,-120.99423980712891,37.198390960693359
94656946,2025,2025-04-21,9460,2025-04-13,"30  ",022163,,7,3,9,2400,0,1,3,,2,002,SR-99,"HAMMATT AVE",260.00,S,N,A,-,Y,,,,,,,,,,N,4,0,1,1,A,-,01,23152,A,N,F,A,A,A,A,-,C,A,0,,,,,Y,Y,A,01,0,0,1,0,0,0,0,0,0,"- ","- ",37.38507080078125,-120.71227264404297,MERCED,UNINCORPORATED,-120.71025848388672,37.383289337158203
94657048,2025,2025-04-21,9461,2025-04-12,1850,021056,,6,2,9,2400,0,1,3,,1,152,"SR-152 E/B","ROMERO VISITOR CENTER",5280.00,E,N,A,-,Y,MER,,152," ",R,8.513,H,,R,Y,3,0,2,1,A,-,08,22107,,N,F,A,A,A,H,-,A,D,0,,,Y,,Y,,C,02,0,2,0,0,0,0,0,0,2,"- ","- ",37.081531524658203,-121.09272766113281,MERCED,UNINCORPORATED,-121.09278106689453,37.081478118896484
94658020,2025,2025-04-22,9461,2025-04-17,"800 ",017329,,4,1,9,2400,0,1,3,,1,503,"CHRISTIAN AVE",SR-33,0.00,,Y,B,-,Y,MER,,33," ",R,0.370,H,,R,Y,3,0,2,2,A,-,09,21802,A,N,D,C,A,A,H,-,A,A,0,,,,,Y,,A,01,0,1,1,0,0,0,0,0,0,"- ","- ",36.974590301513672,-120.63565063476562,MERCED,UNINCORPORATED,-120.6356201171875,36.974590301513672
94658046,2025,2025-04-22,9461,2025-04-12,1444,021785,,6,2,9,2400,0,2,4,,1,115,"BADGER FLAT RD","HENRY MILLER AVE",0.00,,Y,A,-,N,,,,,,,,,,Y,3,0,1,3,A,-,09,21801,A,M,B,2,A,A,H,-,A,A,0,,,,Y,Y,,-,99,0,1,0,0,0,0,0,0,0,"- ","- ",37.100028991699219,-120.87886047363281,MERCED,UNINCORPORATED,-120.87757110595703,37.099960327148438
9465942,2022,2022-12-08,2401,2022-10-26,1647,737,4A,3,5,3,2401,0,0,0,,0,04A,"CEDAR AV","1ST ST",0.00,,Y,A,-,N,,,,,,,,,,N,3,0,1,2,A,-,09,21802,A,N,H,C,A,A,H,-,A,D,0,,,Y,,Y,Y,A,01,0,1,0,0,0,0,0,0,1,"- ","- ",37.346920013427734,-120.60655212402344,MERCED,ATWATER,-120.60655975341797,37.346923828125
94660301,2025,2025-04-23,9461,2025-04-23,"650 ",018910,,3,1,9,2400,0,1,3,,1,152,"SR-152 EASTBOUND","SR-33 (GONZAGA RD)",3696.00,W,N,A,-,Y,MER,,152," ",R,12.513,H,,R,Y,4,0,1,2,A,-,03,22350,,N,C,C,A,A,H,-,B,D,0,,,,,Y,,A,01,0,0,1,0,0,0,0,0,0,"- ","- ",37.056770324707031,-121.02969360351562,MERCED,UNINCORPORATED,-121.02969360351562,37.056797027587891
94660519,2025,2025-04-23,9460,2025-04-18,1500,021662,,5,2,9,2400,0,1,3,,2,002,"SR-99 N/B TO WESTSIDE BOULEVARD","WESTSIDE BLVD",0.00,,Y,A,-,Y,,,,,,,,,,N,4,0,1,2,A,-,09,21802,A,N,D,C,A,A,H,-,A,A,0,,,,,Y,,A,07,0,0,1,0,0,0,0,0,0,"- ","- ",37.361598968505859,-120.64639282226562,MERCED,UNINCORPORATED,-120.64787292480469,37.361557006835938
94660612,2025,2025-04-23,9460,2025-04-22,"610 ",015398,,2,1,9,2400,0,1,3,,1,165,"SR-165 (LANDER AVE.)","FIRST AVE.",2640.00,N,N,A,-,Y,MER,,165," "," ",29.381,H,,R,Y,4,0,1,2,A,-,03,22350,,N,C,C,A,A,H,-,A,D,0,,,,,Y,,A,07,0,0,1,0,0,0,0,0,0,"- ","- ",37.349529266357422,-120.85054016113281,MERCED,UNINCORPORATED,-120.85055541992188,37.349529266357422
94665948,2025,2025-04-28,9460,2025-04-19,1637,021662,,6,2,9,2400,0,1,3,,2,003,"MARSHALL ST","POLK ST",0.00,,Y,A,-,N,,,,,,,,,,N,3,0,1,2,A,-,08,22107,,N,A,C,A,A,H,-,A,D,0,,,Y,,Y,,C,02,0,1,0,0,0,0,0,0,1,"- ","- ",37.226551055908203,-120.24449157714844,MERCED,UNINCORPORATED,-120.24555969238281,37.227527618408203
94665955,2025,2025-04-28,9460,2025-04-20,1608,022406,,7,2,9,2400,0,3,5,,2,010,"BLOSS AVE","ELLINGTON AVE",1109.00,E,N,A,-,N,,,,,,,,,,Y,3,0,1,2,A,-,08,22107,,N,A,C,A,A,H,-,A,D,0,,,,,Y,,A,01,0,1,0,0,0,0,0,0,0,"- ","- ",37.404220581054688,-120.84317016601562,MERCED,UNINCORPORATED,-120.8433837890625,37.404197692871094
94666236,2025,2025-04-28,9461,2025-04-18,2055,021785,,5,2,9,2400,0,1,3,,1,152,"SR-152 E/B","LOWER COTTONWOOD",200.00,W,N,A,-,Y,MER,,152," ",R,6.121,H,,R,Y,4,0,1,2,A,-,03,22350,,N,C,C,A,A,H,-,D,D,0,,,,,Y,,A,01,0,0,1,0,0,0,0,0,0,"- ","- ",37.101940155029297,-121.12383270263672,MERCED,UNINCORPORATED,-121.12383270263672,37.101940155029297
94666787,2025,2025-04-28,9460,2025-04-20,1508,021856,,7,2,9,2400,0,1,3,,1,165,SR-165,"BRADBURY RD",20.00,S,N,A,-,Y,MER,,165," "," ",36.415,H,,R,Y,2,0,3,3,A,-,03,22350,,N,C,C,A,A,H,-,A,D,0,,,,Y,Y,,D,22,1,1,1,0,0,0,0,0,0,"- ","- ",37.448490142822266,-120.84909820556641,MERCED,UNINCORPORATED,-120.84913635253906,37.448490142822266
94666873,2025,2025-04-28,9461,2025-04-22,1808,019052,,2,2,9,2400,0,2,4,,1,410,"TURNER ISLAND RD","PALAZZO RD",2112.00,S,N,B,G,N,,,,,,,,,,Y,2,0,1,1,A,-,08,22107,,N,F,I,A,A,H,-,A,D,0,,,Y,,Y,,C,02,1,0,0,0,0,0,0,0,1,"- ","- ",37.121990203857422,-120.70713806152344,MERCED,UNINCORPORATED,-120.70728302001953,37.1226806640625
94667171,2025,2025-04-28,9460,2025-04-26,1342,021856,,6,1,9,2400,0,1,3,,1,165,SR-165,"RIVER RD",25.00,N,N,B,-,Y,MER,,165," ",R,30.324,H,,R,Y,4,0,2,2,A,-,03,22350,,N,E,I,A,A,H,-,A,D,0,,,,,Y,,A,07,0,0,2,0,0,0,0,0,0,"- ","- ",37.362209320068359,-120.85038757324219,MERCED,UNINCORPORATED,-120.85036468505859,37.362232208251953
94667220,2025,2025-04-28,9460,2025-04-13,1606,019806,,7,2,9,2400,0,3,5,,2,040,"MEADOW DR","CRESSEY WAY",7.00,E,N,A,-,N,,,,,,,,,,Y,3,0,1,1,A,-,08,22107,,M,E,8,A,A,H,-,A,D,0,,,,,Y,,A,01,0,1,0,0,0,0,0,0,0,"- ","- ",37.423881530761719,-120.66764068603516,MERCED,UNINCORPORATED,-120.66754150390625,37.423721313476562
94667920,2025,2025-04-29,9460,2025-04-22,1703,022406,,2,2,3,2404,0,1,3,,2,001,"SR-99 N/B","MAIN ST",375.00,N,N,A,-,Y,MER,,99," ",R,29.629,H,,R,Y,3,0,1,1,A,-,08,22107,,N,F,A,A,A,H,-,A,D,0,,,,,Y,,A,07,0,1,0,0,0,0,0,0,0,"- ","- ",37.388648986816406,-120.72344970703125,MERCED,LIVINGSTON,-120.72348022460938,37.388584136962891
94668226,2025,2025-04-29,9460,2025-04-18,"705 ",019665,,5,1,9,2400,0,3,5,,2,040,"OAKDALE ROAD","DRY CREEK BRIDGE",229.00,E,N,B,-,N,,,,,,,,,,Y,2,0,1,2,A,-,03,22350,,N,B,C,A,A,H,-,A,D,0,,,Y,Y,Y,,C,02,1,0,0,0,0,0,0,0,1,"- ","- ",37.460231781005859,-120.61466217041016,MERCED,UNINCORPORATED,,
94668233,2025,2025-04-29,9460,2025-04-27,"945 ",020840,,7,1,9,2400,0,3,5,,2,020,"BLOSS AVE","PALM STREET",795.00,E,N,B,C,N,,,,,,,,,,N,4,0,1,1,A,-,08,22107,,N,E,I,A,B,H,-,A,D,0,,,,,Y,,A,07,0,0,1,0,0,0,0,0,0,"- ","- ",37.40496826171875,-120.76573944091797,MERCED,UNINCORPORATED,-120.76578521728516,37.404911041259766
94668310,2025,2025-04-29,9460,2025-04-28,1215,017343,,1,1,9,2400,0,3,5,,2,040,"EUCALYPTUS AVE","JONES RD",0.00,,Y,A,-,N,,,,,,,,,,Y,4,0,1,2,A,-,09,21802,A,N,D,C,A,A,H,-,A,A,0,,,,,Y,,D,22,0,0,1,0,0,0,0,0,0,"- ","- ",37.403881072998047,-120.62226104736328,MERCED,UNINCORPORATED,-120.62226867675781,37.403873443603516
94669803,2025,2025-04-30,9461,2025-04-26,"515 ",018910,,6,3,9,2400,0,1,3,,1,152,"SR-152 EASTBOUND","ONEILL FOREBAY",4752.00,W,N,B,-,Y,MER,,152," ",R,9.089,H,,R,Y,3,0,2,2,A,-,01,23152,A,N,C,C,A,A,H,-,D,D,0,,,,Y,Y,Y,A,01,0,1,1,0,0,0,0,0,0,"- ","- ",37.076499938964844,-121.08431243896484,MERCED,UNINCORPORATED,-121.08431243896484,37.076499938964844
94670118,2024,2025-04-30,9461,2024-05-14,2011,019052,,2,2,9,2400,0,1,3,,1,452,"STATE ROUTE 152 WESTBOUND","BRANCO ROAD",1056.00,W,N,B,-,Y,MER,,152," "," ",27.616,H,,L,Y,1,1,3,1,A,-,08,22107,,N,F,A,A,A,H,-,B,D,0,,,,,Y,,A,07,3,0,0,0,0,0,0,0,0,"- ","- ",37.054859161376953,-120.720703125,MERCED,UNINCORPORATED,-120.720703125,37.054885864257812
94670169,2025,2025-04-30,9460,2025-04-29,1935,022785,,2,2,9,2400,0,1,3,,2,001,"SR-99 S/B","COLLIER ROAD",2112.00,S,N,A,-,Y,MER,,99," ",R,31.476,H,,L,Y,4,0,1,2,A,-,03,22350,,N,C,C,A,A,H,-,A,D,0,,,,,Y,,A,07,0,0,1,0,0,0,0,0,0,"- ","- ",37.403900146484375,-120.74687194824219,MERCED,UNINCORPORATED,-120.74683380126953,37.403919219970703
94670224,2024,2025-04-30,9461,2024-03-05,"307 ",022033,,2,3,9,2400,0,1,1,,2,105,"INTERSTATE 5 NORTHBOUND","HENRY MILLER AVENUE",4224.00,S,N,B,-,Y,MER,,5," "," ",20.530,H,,R,Y,1,1,1,3,A,-,08,22107,,N,G,B,E,A,H,-,D,D,0,Y,,,Y,Y,,G,25,1,0,0,1,0,0,0,0,0,"- ","- ",37.090560913085938,-121.00231170654297,MERCED,UNINCORPORATED,-121.00233459472656,37.090545654296875
94671842,2025,2025-05-01,9460,2025-04-29,1352,015398,,2,1,9,2400,0,1,3,,1,165,SR-165,"AUGUST AVE.",348.00,S,N,A,-,Y,MER,,165," "," ",34.296,H,,R,Y,3,0,2,5,A,-,03,22350,,N,C,C,A,A,H,-,A,D,0,,,,,Y,,D,22,0,1,1,0,0,0,0,0,0,"- ","- ",37.417758941650391,-120.84993743896484,MERCED,UNINCORPORATED,-120.84994506835938,37.417758941650391
94672233,2025,2025-05-01,9460,2025-04-30,"515 ",017343,,3,3,9,2400,0,3,5,,2,040,"OAKDALE RD.","GAMBLE RD.",1000.00,E,N,A,-,N,,,,,,,,,,Y,3,0,1,2,A,-,21,22106,,N,C,C,A,A,H,-,D,D,0,,,,,Y,,M,46,0,1,0,0,0,0,0,0,0,"- ","- ",37.436138153076172,-120.55497741699219,MERCED,UNINCORPORATED,-120.55470275878906,37.436004638671875
94672245,2025,2025-05-01,9460,2025-04-26,1545,021662,,6,2,9,2400,0,1,3,,2,002,"SR-99 S/B","FRANKLIN RD",2640.00,N,N,B,-,Y,MER,,99," "," ",19.021,H,,L,N,4,0,1,2,A,-,03,22350,,N,C,C,A,A,H,-,A,D,0,,,,,Y,,D,22,0,0,1,0,0,0,0,0,0,"- ","- ",37.324440002441406,-120.55149078369141,MERCED,UNINCORPORATED,-120.55137634277344,37.324630737304688
94672266,2025,2025-05-01,9461,2025-04-21,"200 ",022979,,1,3,9,2400,0,1,1,,2,105,"I-5 SOUTHBOUND","WHITWORTH ROAD",2800.00,S,N,A,-,Y,MER,,5," "," ",23.342,H,,L,Y,3,0,1,1,A,-,01,23152,A,N,F,I,A,A,H,-,D,D,0,,,,,Y,Y,-,"- ",0,1,0,0,0,0,0,0,0,"- ","- ",37.125091552734375,-121.02935028076172,MERCED,UNINCORPORATED,-121.02928924560547,37.125118255615234
94674874,2025,2025-05-05,9460,2025-04-26,1425,021856,,6,2,9,2400,0,3,5,,2,010,"GRIFFITH RD","AMERICAN AVE",0.00,,Y,B,-,N,,,,,,,,,,Y,3,0,2,2,A,-,03,22350,,N,D,C,A,A,H,-,A,D,0,,,,,Y,,D,22,0,1,1,0,0,0,0,0,0,"- ","- ",37.411319732666016,-120.81343841552734,MERCED,UNINCORPORATED,-120.81342315673828,37.411289215087891
94675388,2025,2025-05-05,9460,2025-02-27,"205 ",020099,,4,3,9,2400,0,2,4,,1,041,"SANTA FE DRIVE","AVENUE TWO",592.00,E,N,A,-,N,,,,,,,,,,Y,1,1,2,2,A,-,01,23152,F,N,A,C,A,A,H,-,D,D,0,,,,,Y,,D,22,2,0,0,0,0,0,0,0,0,"- ","- ",37.348770141601562,-120.5540771484375,MERCED,UNINCORPORATED,-120.55382537841797,37.348682403564453
94676514,2025,2025-05-06,9460,2025-04-26,1752,022725,,6,2,9,2400,0,1,3,,1,140,SR-140,"KEATON ROAD",506.00,E,N,A,-,Y,MER,,140," "," ",12.819,H,,R,Y,2,0,2,2,A,-,09,21801,A,N,A,2,A,A,H,-,A,D,0,,,,,Y,,A,01,1,0,1,0,0,0,0,0,0,"- ","- ",37.313518524169922,-120.91304016113281,MERCED,UNINCORPORATED,-120.91304016113281,37.313499450683594
94676550,2025,2025-05-06,9460,2025-04-30,1818,021150,,3,2,9,2400,0,1,3,,1,591,"SR-59 S/B","GERARD AVE",0.00,,Y,A,-,Y,MER,,59," "," ",13.627,H,,L,N,3,0,1,2,A,-,08,22107,,N,D,C,A,A,H,-,A,D,0,,,,,Y,,A,07,0,1,0,0,0,0,0,0,0,"- ","- ",37.280960083007812,-120.48766326904297,MERCED,UNINCORPORATED,-120.48770141601562,37.280952453613281
94676642,2025,2025-05-06,9461,2025-04-28,2300,023167,,1,3,9,2400,0,1,3,,1,152,"SR-152 E/B","BASALT ROAD",7709.00,W,N,A,-,Y,MER,,152," ",R,9.460,H,,R,Y,4,0,1,1,C,-,18,,,N,E,7,A,A,H,-,D,D,0,,,,,Y,,-,"- ",0,0,1,0,0,0,0,0,0,"- ","- ",37.073318481445312,-121.07884979248047,MERCED,UNINCORPORATED,-121.078857421875,37.073310852050781
94676912,2025,2025-05-06,9460,2025-04-30,1748,022785,,3,2,9,2400,0,3,5,,2,020,"CRESSEY STREET","3RD STREET",0.00,,Y,A,-,Y,,,,,,,,,,N,4,0,1,2,A,-,09,21800,A,N,D,C,A,A,H,-,A,D,0,,,,,Y,,D,22,0,0,1,0,0,0,0,0,0,"- ","- ",37.420238494873047,-120.66626739501953,MERCED,UNINCORPORATED,-120.66631317138672,37.42022705078125
94677068,2025,2025-05-06,9460,2025-05-02,"845 ",021662,,5,1,9,2400,0,2,4,,1,071,"SANTA FE AVE","BURCHELL AVE",200.00,E,N,A,-,N,,,,,,,,,,Y,3,0,1,1,A,-,08,22107,,N,F,0,A,A,H,-,A,D,0,,,,,Y,,D,22,0,1,0,0,0,0,0,0,0,"- ","- ",37.262290954589844,-120.28807067871094,MERCED,UNINCORPORATED,-120.28818511962891,37.262489318847656
94677552,2025,2025-05-06,9460,2025-05-05,1350,016476,,1,1,9,2400,0,3,5,,2,020,"GOLDEN STATE BLVD","GRIFFITH AVE",0.00,,Y,A,-,N,,,,,,,,,,N,4,0,1,2,A,-,03,22350,,N,C,C,A,A,H,-,A,D,0,,,,,Y,,A,01,0,0,1,0,0,0,0,0,0,"- ","- ",37.462921142578125,-120.81197357177734,MERCED,UNINCORPORATED,-120.81166076660156,37.463066101074219
94678447,2025,2025-05-07,9460,2025-05-01,1130,015398,,4,1,9,2400,0,3,5,,2,010,"TEGNER RD.","WILLIAMS AVE.",0.00,,Y,A,-,N,,,,,,,,,,Y,2,0,1,2,A,-,09,21802,A,N,D,C,A,A,H,-,A,A,0,,,,Y,Y,,A,08,1,0,0,0,0,0,0,0,0,"- ","- ",37.390010833740234,-120.86675262451172,MERCED,UNINCORPORATED,-120.88677215576172,37.390022277832031
94678727,2025,2025-05-07,9461,2025-05-05,"420 ",023185,,1,3,5,2406,0,1,3,,1,152,"SR-152 W/B","ROMERO VISITOR CENTER",1058.00,W,N,A,-,Y,MER,,152," ",R,7.793,H,,L,N,4,0,3,2,A,-,03,22350,,N,C,2,A,A,H,-,D,D,0,,,,,Y,,A,07,0,0,3,0,0,0,0,0,0,"- ","- ",37.084781646728516,-121.10511779785156,MERCED,MERCED,-121.10511016845703,37.084808349609375
94679453,2025,2025-09-25,9460,2025-03-07,"210 ",020099,,5,3,9,2400,0,2,4,,1,041,"SANTA FE DRIVE","AVENUE TWO",1584.00,W,N,A,-,N,,,,,,,,,,Y,1,1,1,2,A,-,01,23152,A,N,A,C,A,A,H,-,D,D,0,,,,,Y,Y,A,01,1,0,0,0,0,0,0,0,0,"- ","- ",37.352161407470703,-120.55966186523438,MERCED,UNINCORPORATED,-120.55971527099609,37.352363586425781
9467949,2022,2023-01-13,2406,2022-11-17,1600,321,NORTH,4,5,5,2406,0,0,0,,0,011,"RT 59","WEST 16TH ST",0.00,,Y,A,-,Y,MER,10,59,-,-,15.360,H,-,S,N,4,0,1,2,A,-,03,22350,,N,C,C,A,A,H,-,A,A,0,,,,,Y,,A,01,0,0,1,0,0,0,0,0,0,"- ","- ",,,MERCED,MERCED,-120.50492095947266,37.308456420898438
94680444,2025,2025-05-08,9460,2025-05-08,"532 ",015398,,4,3,9,2400,0,2,4,,1,101,"WESTSIDE BLVD.","HOWARD RD.",0.00,,Y,A,-,N,,,,,,,,,,N,4,0,1,2,A,-,05,21752,D,N,D,C,A,A,H,-,B,D,0,,,,,Y,,A,01,0,0,1,0,0,0,0,0,0,"- ","- ",37.360450744628906,-120.77819061279297,MERCED,UNINCORPORATED,-120.77819061279297,37.360458374023438
9468343,2022,2023-01-24,2406,2022-11-21,1432,129,CENTR,1,5,5,2406,0,0,0,,0,020,"16TH ST","G ST",0.00,,Y,B,-,N,,,,,,,,,,Y,4,0,1,2,A,-,09,21806,,N,D,C,A,A,H,-,A,A,0,,,,,Y,,A,07,0,0,1,0,0,0,0,0,0,"- ","- ",,,MERCED,MERCED,-120.47638702392578,37.297683715820312
94683581,2025,2025-05-12,9460,2025-05-02,1436,021856,,5,2,9,2400,0,1,3,,2,002,"SR-99 S/B","BUHACH RD",5280.00,N,N,A,-,Y,MER,,99," "," ",21.619,H,,L,Y,4,0,1,4,A,-,03,22350,,N,C,C,A,A,H,-,A,D,0,,,,,Y,,A,07,0,0,1,0,0,0,0,0,0,"- ","- ",37.340229034423828,-120.59364318847656,MERCED,UNINCORPORATED,-120.59363555908203,37.340221405029297
94683611,2025,2025-05-12,9460,2025-05-03,"414 ",021511,,6,3,9,2400,0,1,3,,1,590,SR-59,"REILLY ROAD",0.00,,Y,A,-,Y,MER,,59," "," ",12.092,H,,R,Y,3,0,1,2,A,-,01,23152,A,N,A,C,A,A,H,-,D,D,0,,,,Y,Y,Y,D,22,0,1,0,0,0,0,0,0,0,"- ","- ",37.258659362792969,-120.48793792724609,MERCED,UNINCORPORATED,-120.48795318603516,37.258659362792969
94683630,2025,2025-05-12,9460,2025-05-03,"525 ",020840,,6,3,3,2404,0,2,S,,2,901,"PEACH AVE","WINTON PARKWAY",560.00,W,N,A,-,N,,,,,,,,,,N,3,0,1,1,A,-,01,23152,A,N,E,9,A,A,H,-,D,D,0,,,,,Y,Y,A,01,0,1,0,0,0,0,0,0,0,"- ","- ",37.374988555908203,-120.73677062988281,MERCED,LIVINGSTON,-120.7366943359375,37.375030517578125
94683644,2025,2025-05-12,9460,2025-05-03,1646,022162,,6,2,9,2400,0,3,5,,2,020,"PEPPER ST","EL CAPITAN WAY",0.00,,Y,A,-,N,,,,,,,,,,Y,3,0,2,2,A,-,09,21802,A,N,D,C,A,A,H,-,A,A,0,,,,,Y,,A,01,0,2,0,0,0,0,0,0,0,"- ","- ",37.433731079101562,-120.72199249267578,MERCED,UNINCORPORATED,-120.72196960449219,37.433708190917969
94683906,2025,2025-05-12,9461,2025-05-02,1425,023367,,5,2,3,2405,0,1,3,,1,153,"SR-152 E/B","VOLTA RD",2890.00,E,N,A,-,Y,MER,,152," "," ",15.635,H,,R,Y,4,0,1,1,A,-,08,22107,,N,E,J,A,A,H,-,A,D,0,,,,,Y,,D,22,0,0,1,0,0,0,0,0,0,"- ","- ",37.0565185546875,-120.93743896484375,MERCED,"LOS BANOS",-120.93743896484375,37.056510925292969
94684023,2025,2025-05-12,9460,2025-05-04,"723 ",022406,,7,1,3,2401,0,1,3,,2,002,"SR-99 N/B","ATWATER BLVD",10.00,S,N,A,-,Y,MER,,99," "," ",21.620,H,,R,Y,4,0,4,1,A,-,08,22107,,N,E,I,A,A,H,-,B,D,0,,,,,Y,,D,22,0,0,4,0,0,0,0,0,0,"- ","- ",37.340400695800781,-120.59404754638672,MERCED,ATWATER,-120.59404754638672,37.340358734130859
94684185,2025,2025-05-12,9460,2025-05-08,"45  ",021511,,4,3,9,2400,0,3,5,,2,060,"E. NORTH BEAR CREEK","MCKEE ROAD",0.00,,Y,A,-,N,,,,,,,,,,N,3,0,1,1,A,-,01,23152,A,N,E,I,A,A,H,-,D,D,0,,,,,Y,Y,A,01,0,1,0,0,0,0,0,0,0,"- ","- ",37.309959411621094,-120.44444274902344,MERCED,UNINCORPORATED,-120.44454193115234,37.309867858886719
94685043,2025,2025-05-13,9461,2025-05-05,2245,023024,,1,3,9,2400,0,1,1,,2,105,"I-5 N/B",SR-165,5597.00,N,N,A,-,Y,MER,,5," "," ",7.347,H,,R,Y,3,0,1,1,A,-,08,22107,,N,E,9,A,A,H,-,D,A,0,,,,,Y,,-,33,0,1,0,0,0,0,0,0,0,"- ","- ",36.941661834716797,-120.85359191894531,MERCED,UNINCORPORATED,-120.85380554199219,36.941493988037109