CASE_ID,ACCIDENT_YEAR,PROC_DATE,JURIS,COLLISION_DATE,COLLISION_TIME,OFFICER_ID,REPORTING_DISTRICT,DAY_OF_WEEK,CHP_SHIFT,POPULATION,CNTY_CITY_LOC,SPECIAL_COND,BEAT_TYPE,CHP_BEAT_TYPE,CITY_DIVISION_LAPD,CHP_BEAT_CLASS,BEAT_NUMBER,PRIMARY_RD,SECONDARY_RD,DISTANCE,DIRECTION,INTERSECTION,WEATHER_1,WEATHER_2,STATE_HWY_IND,CALTRANS_COUNTY,CALTRANS_DISTRICT,STATE_ROUTE,ROUTE_SUFFIX,POSTMILE_PREFIX,POSTMILE,LOCATION_TYPE,RAMP_INTERSECTION,SIDE_OF_HWY,TOW_AWAY,COLLISION_SEVERITY,NUMBER_KILLED,NUMBER_INJURED,PARTY_COUNT,PRIMARY_COLL_FACTOR,PCF_CODE_OF_VIOL,PCF_VIOL_CATEGORY,PCF_VIOLATION,PCF_VIOL_SUBSECTION,HIT_AND_RUN,TYPE_OF_COLLISION,MVIW,PED_ACTION,ROAD_SURFACE,ROAD_COND_1,ROAD_COND_2,LIGHTING,CONTROL_DEVICE,CHP_ROAD_TYPE,PEDESTRIAN_ACCIDENT,BICYCLE_ACCIDENT,MOTORCYCLE_ACCIDENT,TRUCK_ACCIDENT,NOT_PRIVATE_PROPERTY,ALCOHOL_INVOLVED,STWD_VEHTYPE_AT_FAULT,CHP_VEHTYPE_AT_FAULT,COUNT_SEVERE_INJ,COUNT_VISIBLE_INJ,COUNT_COMPLAINT_PAIN,COUNT_PED_KILLED,COUNT_PED_INJURED,COUNT_BICYCLIST_KILLED,COUNT_BICYCLIST_INJURED,COUNT_MC_KILLED,COUNT_MC_INJURED,PRIMARY_RAMP,SECONDARY_RAMP,LATITUDE,LONGITUDE,COUNTY,CITY,POINT_X,POINT_Y
94718447,2025,2025-06-09,9460,2025-06-04,2242,020857,,3,3,9,2400,0,2,4,,1,042,"SANTA FE DR","WALNUT AVE",0.00,,Y,A,-,N,,,,,,,,,,Y,3,0,2,2,A,-,01,23152,A,N,A,C,A,A,H,-,C,A,0,,,,,Y,Y,A,01,0,2,0,0,0,0,0,0,0,"- ","- ",37.389488220214844,-120.61885070800781,MERCED,UNINCORPORATED,-120.61885833740234,37.389419555664062
94718470,2025,2025-06-09,9460,2025-06-01,1700,022163,,7,2,9,2400,0,3,5,,2,080,"VASSAR AVE","RITA MAE AVE",144.00,E,N,A,-,N,,,,,,,,,,Y,3,0,3,1,C,-,18,,,N,E,9,A,A,H,-,A,D,0,,,,,Y,,-,"- ",0,1,2,0,0,0,0,0,0,"- ","- ",37.265651702880859,-120.47782135009766,MERCED,UNINCORPORATED,,
94718511,2025,2025-06-09,9460,2025-06-02,1815,020156,,1,2,9,2400,0,1,3,,1,591,"SR-59 N/B","SANDY MUSH RD",528.00,S,N,A,-,Y,MER,,59," "," ",6.948,H,,R,Y,4,0,1,1,A,-,08,22107,,N,E,I,A,A,H,-,A,D,0,,,,,Y,,A,07,0,0,1,0,0,0,0,0,0,"- ","- ",37.184150695800781,-120.48882293701172,MERCED,UNINCORPORATED,-120.48862457275391,37.184089660644531
94718975,2025,2025-06-09,9461,2025-06-05,2320,022436,,4,3,9,2400,0,2,4,,1,110,"INGOMAR RD","4TH ST",150.00,S,N,A,-,N,,,,,,,,,,Y,3,0,1,1,C,-,18,,,N,H,H,A,A,H,-,D,D,0,,,,,Y,,-,"- ",0,1,0,0,0,0,0,0,0,"- ","- ",37.177558898925781,-120.96807098388672,MERCED,UNINCORPORATED,-120.96810913085938,37.177627563476562
94719887,2025,2025-06-10,9461,2025-06-02,1105,019455,,1,1,9,2400,0,2,4,,1,415,"HENRY MILLER AVE.","SR 165",7920.00,E,N,A,-,N,,,,,,,,,,Y,3,0,1,1,A,-,08,22107,,N,E,I,A,A,H,-,A,D,0,,,,,Y,,A,01,0,1,0,0,0,0,0,0,0,"- ","- ",37.099418640136719,-120.8067626953125,MERCED,UNINCORPORATED,-120.80770874023438,37.099460601806641
94719915,2025,2025-06-10,9461,2025-06-04,1140,019455,,3,1,9,2400,0,1,3,,2,453,"SR-152 W/B","SAN JOAQUIN RIVER",300.00,W,N,A,-,Y,MER,,152," ",R,37.302,H,,L,Y,3,0,1,1,A,-,08,22107,,N,E,8,A,A,D,-,A,D,0,,,,,Y,,A,07,0,1,0,0,0,0,0,0,0,"- ","- ",37.057090759277344,-120.54850769042969,MERCED,UNINCORPORATED,-120.54856109619141,37.057136535644531
94720345,2025,2025-06-10,9460,2025-05-31,"57  ",022049,,6,3,9,2400,0,1,3,,2,003,"SR-99 N/B","CHILDS AVE",3696.00,S,N,A,-,Y,MER,,99," ",R,12.428,H,,R,N,3,0,3,2,A,-,01,23152,A,N,A,C,A,A,H,-,D,D,0,,,,,Y,Y,A,01,0,1,2,0,0,0,0,0,0,"- ","- ",37.281009674072266,-120.44776153564453,MERCED,UNINCORPORATED,-120.44773864746094,37.281024932861328
94720373,2025,2025-06-10,9460,2025-06-05,1155,021662,,4,1,9,2400,0,1,3,,2,002,"SR-99 S/B","W. 16TH STREET",1320.00,N,N,A,-,Y,MER,,99," "," ",17.090,H,,L,N,4,0,1,2,A,-,07,21658,A,N,B,C,A,A,H,-,A,D,0,,,,,Y,,D,22,0,0,1,0,0,0,0,0,0,"- ","- ",37.313289642333984,-120.51947784423828,MERCED,UNINCORPORATED,-120.51947784423828,37.313304901123047
94720563,2025,2025-06-10,9460,2025-05-31,1815,022190,,6,2,9,2400,0,3,5,,2,010,"WILLIAMS AVENUE","TEGNER ROAD",860.00,W,N,A,-,N,,,,,,,,,,Y,3,0,1,1,A,-,01,23152,A,N,E,8,A,A,H,-,A,D,0,,,,,Y,Y,A,07,0,1,0,0,0,0,0,0,0,"- ","- ",37.390071868896484,-120.8897705078125,MERCED,UNINCORPORATED,-120.88973236083984,37.390037536621094
94721362,2025,2025-06-11,9460,2025-06-03,1715,022938,,2,2,9,2400,0,3,5,,2,020,"BRADBURY RD",SR-99,235.00,E,N,A,-,N,,,,,,,,,,N,4,0,1,2,A,-,09,21802,A,N,B,C,A,A,H,-,A,A,0,,,,,Y,,D,22,0,0,1,0,0,0,0,0,0,"- ","- ",37.448780059814453,-120.79627227783203,MERCED,UNINCORPORATED,-120.79628753662109,37.448741912841797
94721540,2025,2025-06-11,9460,2025-06-06,"405 ",022590,,5,3,9,2400,0,3,5,,2,050,"LA GRANGE ROAD","STATE ROUTE 59",2640.00,N,N,A,-,N,,,,,,,,,,Y,3,0,1,1,A,-,01,23152,A,N,E,I,A,A,H,-,D,D,0,,,,,Y,Y,A,07,0,1,0,0,0,0,0,0,0,"- ","- ",37.532669067382812,-120.42886352539062,MERCED,UNINCORPORATED,-120.42958831787109,37.530605316162109
94721690,2025,2025-06-11,9460,2025-06-09,"340 ",022938,,1,3,9,2400,0,3,5,,2,090,"APPLEGATE RD","SUNSET DRIVE",24.00,N,N,A,-,N,,,,,,,,,,Y,3,0,1,1,A,-,08,22107,,N,F,A,A,A,H,-,D,D,0,,,,Y,Y,,F,27,0,1,0,0,0,0,0,0,0,"- ","- ",37.338649749755859,-120.61440277099609,MERCED,UNINCORPORATED,-120.61443328857422,37.338596343994141
94721826,2025,2025-06-11,9460,2025-06-08,"347 ",022545,,7,3,9,2400,0,1,3,,2,002,"SR-99 S/B","SULTANA DR",1584.00,S,N,A,-,Y,MER,,99," "," ",26.760,H,,L,Y,4,0,1,2,A,-,03,22350,,N,C,2,A,A,H,-,D,D,0,,,,,Y,,A,07,0,0,1,0,0,0,0,0,0,"- ","- ",37.370769500732422,-120.67649841308594,MERCED,UNINCORPORATED,-120.67650604248047,37.370765686035156
94721950,2025,2025-06-11,9460,2025-06-10,1552,015398,,2,2,9,2400,0,2,4,,1,101,"WASHINGTON BLVD.","WESTSIDE BLVD.",0.00,,Y,A,-,N,,,,,,,,,,Y,3,0,1,2,A,-,09,21802,A,N,D,C,A,A,H,-,A,A,0,,,,,Y,,D,22,0,1,0,0,0,0,0,0,0,"- ","- ",37.360431671142578,-120.76004028320312,MERCED,UNINCORPORATED,-120.76004028320312,37.360458374023438
94723825,2025,2025-06-12,9460,2025-06-10,1342,015398,,2,1,9,2400,0,1,3,,1,165,"SR-165 (LANDER AVE.)","BRADBURY RD.",625.00,S,N,A,-,Y,MER,,165," "," ",36.324,H,,R,N,4,0,1,2,A,-,21,22106,,N,C,C,A,A,H,-,A,D,0,,,,,Y,,A,01,0,0,1,0,0,0,0,0,0,"- ","- ",37.447158813476562,-120.84915161132812,MERCED,UNINCORPORATED,-120.84916687011719,37.447158813476562
9472451,2022,2022-07-21,2401,2022-06-11,0930,735,1,6,5,3,2401,0,0,0,,0,001,"WEST BELLEVUE RD","WINTON WY",8.00,S,N,A,-,N,,,,,,,,,,N,4,0,1,6,A,-,03,22350,,N,C,C,A,A,H,-,A,D,0,,,,,Y,,A,01,0,0,1,0,0,0,0,0,0,"- ","- ",37.360458374023438,-120.59911346435547,MERCED,ATWATER,-120.61387634277344,37.360420227050781
94724914,2025,2025-06-13,9460,2025-06-12,1615,018922,,4,2,9,2400,0,1,3,,1,591,SR-59,"GERARD AVENUE",0.00,,Y,A,-,Y,MER,,59," "," ",13.628,H,,R,N,4,0,5,2,A,-,09,21802,A,N,D,C,A,A,H,-,A,A,0,,,,,Y,,A,01,0,0,5,0,0,0,0,0,0,"- ","- ",37.280971527099609,-120.48770141601562,MERCED,UNINCORPORATED,-120.48764801025391,37.280960083007812
94724940,2025,2025-06-13,9461,2025-06-04,1700,023167,,3,2,9,2400,0,1,3,,1,152,"SR-152 E/B","UPPER COTTONWOOD",3000.00,W,N,A,-,Y,MER,,152," ",R,0.873,H,,R,Y,3,0,1,1,A,-,08,22107,,N,F,A,A,A,H,-,A,D,0,,,,,Y,,A,01,0,1,0,0,0,0,0,0,0,"- ","- ",37.077140808105469,-121.205078125,MERCED,UNINCORPORATED,-121.20508575439453,37.077178955078125
94725099,2025,2025-06-13,9461,2025-06-08,1726,023367,,7,2,9,2400,0,3,5,,2,010,"BADGER FLAT RD","WEST RAMOS ROAD CANAL",350.00,N,N,A,-,N,,,,,,,,,,Y,4,0,4,2,A,-,03,22350,,N,C,C,A,A,H,-,A,D,0,,,,,Y,,A,01,0,0,4,0,0,0,0,0,0,"- ","- ",37.072189331054688,-120.87664031982422,MERCED,UNINCORPORATED,-120.87659454345703,37.072078704833984
9472554,2022,2022-10-28,2401,2022-06-04,1513,735,4,6,5,3,2401,0,0,0,,0,004,"COMMERCE AV","COMMERCE AV 800",0.00,,N,A,-,N,,,,,,,,,,Y,3,0,2,2,-,-,"- ",,,N,D,C,A,A,H,-,A,A,0,,,,,Y,Y,-,"- ",0,2,0,0,0,0,0,0,0,"- ","- ",37.340301513671875,-120.60938262939453,MERCED,ATWATER,,
9472555,2022,2022-07-21,2401,2022-06-05,1722,729,2,7,5,3,2401,0,0,0,,0,002,"SHAFFER RD","KELLY CT",0.00,,Y,A,-,N,,,,,,,,,,N,4,0,2,3,A,-,03,22350,,N,C,C,A,A,H,-,A,D,0,,,,,Y,,A,01,0,0,2,0,0,0,0,0,0,"- ","- ",37.371860504150391,-120.5955810546875,MERCED,ATWATER,-120.5955810546875,37.371860504150391
9472556,2022,2022-07-21,2401,2022-06-25,2001,723,2,6,5,3,2401,0,0,0,,0,002,"EAST BELLEVUE RD","GARDEN DR",0.00,,Y,A,-,N,,,,,,,,,,Y,3,0,1,2,A,-,09,21804,A,N,A,C,A,A,H,-,A,D,0,,,Y,,Y,,A,01,0,1,0,0,0,0,0,0,1,"- ","- ",37.360511779785156,-120.58271789550781,MERCED,ATWATER,-120.58271026611328,37.360511779785156
94727165,2025,2025-06-16,9460,2025-06-11,"757 ",019665,,3,1,9,2400,0,1,3,,2,002,"SR-99 S/B","WEBER CANAL",285.00,S,N,A,-,Y,MER,,99," "," ",19.431,H,,L,Y,2,0,1,1,A,-,08,22107,,N,F,A,A,A,H,-,A,D,0,,,,,Y,,A,08,1,0,0,0,0,0,0,0,0,"- ","- ",37.326969146728516,-120.55816650390625,MERCED,UNINCORPORATED,-120.55809783935547,37.327095031738281
94727574,2025,2025-06-16,9460,2025-06-13,1500,020840,,5,2,3,2401,0,1,3,,2,002,"SR 99 S/B","EAST ATWATER BLVD",70.00,S,N,A,-,Y,MER,,99," "," ",21.689,H,,L,Y,4,0,4,6,A,-,03,22350,,N,C,C,A,A,H,-,A,D,0,,,,Y,Y,,A,01,0,0,4,0,0,0,0,0,0,"- ","- ",37.340118408203125,-120.59491729736328,MERCED,ATWATER,-120.59491729736328,37.340118408203125
94730763,2025,2025-06-18,9461,2025-06-07,1233,017329,,6,1,9,2400,0,1,3,,1,452,"SR-152 W/B","DELTA RD",0.00,,Y,A,-,Y,MER,,152," "," ",25.317,H,,L,Y,2,0,4,2,A,-,09,21802,A,N,D,C,A,A,H,-,A,A,0,,,,,Y,,A,08,1,0,3,0,0,0,0,0,0,"- ","- ",37.055599212646484,-120.76225280761719,MERCED,UNINCORPORATED,-120.76225280761719,37.055637359619141
94730877,2025,2025-06-18,9461,2025-06-10,2220,023024,,2,3,9,2400,0,1,3,,1,465,"S/B SR-165","SAN JOAQUIN RIVER",8818.00,S,N,A,-,Y,MER,,165," "," ",23.944,H,,R,N,3,0,1,2,A,-,01,23152,A,N,C,C,A,A,D,-,D,D,0,,,,Y,Y,Y,A,01,0,1,0,0,0,0,0,0,0,"- ","- ",37.270660400390625,-120.85135650634766,MERCED,UNINCORPORATED,-120.85134124755859,37.270660400390625
94731120,2025,2025-06-18,9460,2025-06-16,"609 ",016476,,1,1,9,2400,0,3,5,,2,020,"OAKDALE RD","EAST AVE",3696.00,N,N,A,-,N,,,,,,,,,,Y,3,0,1,3,A,-,08,22107,,N,E,I,A,A,H,-,B,D,0,,,,Y,Y,,D,22,0,1,0,0,0,0,0,0,0,"- ","- ",37.499580383300781,-120.66417694091797,MERCED,UNINCORPORATED,-120.66460418701172,37.500019073486328
94732170,2025,2025-06-19,9461,2025-06-03,1335,019052,,2,1,9,2400,0,1,3,,1,503,SR-33,"DENTON AND LEAK RD",0.00,,Y,A,-,Y,MER,,33," "," ",4.892,H,,R,Y,4,0,1,2,A,-,08,22107,,F,E,I,A,A,H,-,A,D,0,,,,,Y,,A,01,0,0,1,0,0,0,0,0,0,"- ","- ",37.039779663085938,-120.63545989990234,MERCED,UNINCORPORATED,-120.63558959960938,37.039779663085938
94733618,2025,2025-06-20,9460,2025-06-15,2059,022938,,7,2,9,2400,0,3,5,,2,040,"GAYLE AVENUE","ALMOND AVENUE",14.00,N,N,A,-,N,,,,,,,,,,N,3,0,1,1,A,-,03,22350,,N,E,8,A,A,H,-,D,D,0,,,Y,,Y,,C,06,0,1,0,0,0,0,0,0,1,"- ","- ",37.382240295410156,-120.61611175537109,MERCED,UNINCORPORATED,-120.61614227294922,37.382179260253906
94733960,2025,2025-06-20,9460,2025-06-16,1451,021856,,1,2,9,2400,0,3,5,,2,030,"CYPRESS AVE","CRAWFORD ST",528.00,S,N,A,-,N,,,,,,,,,,N,4,0,1,2,A,-,08,22107,,N,D,C,A,A,H,-,A,D,0,,,,,Y,,D,22,0,0,1,0,0,0,0,0,0,"- ","- ",37.383541107177734,-120.62267303466797,MERCED,UNINCORPORATED,-120.62266540527344,37.382499694824219
94733997,2025,2025-06-20,9460,2025-06-16,1652,021856,,1,2,9,2400,0,1,3,,2,003,"SR-99 N/B","MISSION AVE",10560.00,S,N,A,-,Y,MER,,99," ",R,10.182,H,,R,N,4,0,2,2,A,-,03,22350,,N,C,C,A,A,H,-,A,D,0,,,,,Y,,A,01,0,0,2,0,0,0,0,0,0,"- ","- ",37.258090972900391,-120.41940307617188,MERCED,UNINCORPORATED,-120.41943359375,37.258064270019531
94734877,2025,2025-06-23,9461,2025-06-06,2025,021785,,5,2,9,2400,0,1,3,,1,153,"SR-152 E/B",I-5,500.00,W,N,A,-,Y,,,,,,,,,,Y,2,0,4,1,A,-,03,22350,,N,E,I,A,A,H,-,A,D,0,,,,,Y,,A,01,4,0,0,0,0,0,0,0,0,"- ","- ",37.056308746337891,-120.96778869628906,MERCED,UNINCORPORATED,-120.97166442871094,37.056625366210938
94734880,2025,2025-06-23,9461,2025-06-15,"631 ",022904,,7,1,9,2400,0,1,3,,1,152,"SR-152 W/B","HILLDALE AVE",1000.00,E,N,A,-,Y,MER,,152," "," ",12.481,H,,L,Y,3,0,2,2,A,-,07,21658,A,N,B,2,A,A,H,-,A,D,0,,,,,Y,,A,01,0,2,0,0,0,0,0,0,0,"- ","- ",37.056930541992188,-120.99452209472656,MERCED,UNINCORPORATED,-120.99452209472656,37.056949615478516
94734888,2025,2025-06-23,9461,2025-06-15,1950,023167,,7,2,9,2400,0,1,3,,1,465,"SR-165 S/B","WOLFSEN RD",7920.00,N,N,A,-,Y,MER,,165," "," ",16.522,H,,L,Y,4,0,2,2,A,-,01,23153,A,N,C,C,A,A,D,-,D,D,0,,,,,Y,Y,A,01,0,0,2,0,0,0,0,0,0,"- ","- ",37.166519165039062,-120.83078765869141,MERCED,UNINCORPORATED,-120.83078002929688,37.166522979736328
94735838,2025,2025-06-23,9460,2025-06-14,1455,020840,,6,2,9,2400,0,3,5,,2,020,"OAKDALE ROAD","LEE ROAD",815.00,W,N,A,-,N,,,,,,,,,,N,3,0,2,2,A,-,08,22107,,N,B,C,A,A,H,-,A,D,0,,,,,Y,,D,22,0,1,1,0,0,0,0,0,0,"- ","- ",37.483558654785156,-120.65055847167969,MERCED,UNINCORPORATED,-120.65040588378906,37.483364105224609
94736321,2025,2025-06-23,9460,2025-06-17,1632,019806,,2,2,9,2400,0,3,5,,2,060,"MCKEE RD","ASTI CT",36.00,S,N,A,-,N,,,,,,,,,,Y,3,0,1,2,A,-,08,22107,,N,B,E,A,A,H,-,A,D,0,,,,,Y,,A,07,0,1,0,0,0,0,0,0,0,"- ","- ",37.305610656738281,-120.445068359375,MERCED,UNINCORPORATED,-120.44499969482422,37.305652618408203
94737140,2025,2025-06-24,9461,2025-06-23,"950 ",022929,,1,1,9,2400,0,3,5,,2,010,"SR-152 W/B","BILLY WRIGHT ROAD",528.00,E,N,A,-,Y,MER,,152," "," ",14.821,H,,L,Y,3,0,1,1,A,-,08,22107,,N,F,I,A,A,H,-,A,D,0,,,Y,,Y,,C,02,0,1,0,0,0,0,0,0,1,"- ","- ",37.056770324707031,-120.95216369628906,MERCED,UNINCORPORATED,-120.95216369628906,37.056777954101562
94739011,2025,2025-06-25,9461,2025-06-15,1800,023167,,7,2,9,2400,0,1,1,,2,205,"I-5 N/B","VOLTA ROAD OVERCROSSING",2135.00,S,N,A,-,Y,MER,,5," "," ",13.470,H,,R,N,3,0,4,4,A,-,03,22350,,N,C,C,A,A,H,-,A,D,0,,,,,Y,,A,07,0,1,3,0,0,0,0,0,0,"- ","- ",37.009719848632812,-120.92413330078125,MERCED,UNINCORPORATED,-120.92411804199219,37.009727478027344
94739177,2025,2025-06-25,9460,2025-06-24,"505 ",016476,,2,3,9,2400,0,2,4,,1,042,"SANTA FE DR","SHAFFER RD",75.00,E,N,A,-,N,,,,,,,,,,N,4,0,2,2,A,-,03,22350,,N,C,C,A,A,H,-,B,D,0,,,,,Y,,A,01,0,0,2,0,0,0,0,0,0,"- ","- ",37.374408721923828,-120.59515380859375,MERCED,UNINCORPORATED,-120.5953369140625,37.374462127685547
94739322,2025,2025-06-25,9460,2025-06-22,1534,019806,,7,2,9,2400,0,3,5,,2,080,"SANDY MUSH RD","DAN MC NAMARA RD",950.00,E,N,A,-,N,,,,,,,,,,Y,4,0,2,1,A,-,08,22107,,N,E,I,A,A,H,-,A,D,0,,,,,Y,,-,"- ",0,0,2,0,0,0,0,0,0,"- ","- ",37.186138153076172,-120.6365966796875,MERCED,UNINCORPORATED,-120.67098236083984,37.186138153076172
9473992,2022,2022-08-25,2406,2022-06-30,0538,302,3,4,5,5,2406,0,0,0,,0,030,"G ST","E GERARD AV",0.00,,Y,A,-,N,,,,,,,,,,N,4,0,1,2,A,-,08,22107,,N,D,C,A,A,H,-,A,A,0,,,Y,,Y,,A,01,0,0,1,0,0,0,0,0,1,"- ","- ",,,MERCED,MERCED,-120.48211669921875,37.280872344970703
9474046,2022,2022-08-26,2406,2022-07-24,0928,266,2,7,5,5,2406,0,0,0,,0,020,"G ST","WEST MAIN ST",0.00,,Y,A,-,N,,,,,,,,,,Y,4,0,1,3,A,-,12,21453,A,F,D,C,A,A,H,-,A,A,0,,,,,Y,,-,"- ",0,0,1,0,0,0,0,0,0,"- ","- ",,,MERCED,MERCED,-120.475830078125,37.298683166503906
94740738,2025,2025-06-26,9461,2025-06-14,2351,022979,,6,3,9,2400,0,1,3,,1,152,SR-152,"VOLTA ROAD",500.00,E,N,A,-,N,,,,,,,,,,Y,4,0,1,2,A,-,03,22350,,N,C,C,A,A,H,-,D,D,0,,,,,Y,,A,01,0,0,1,0,0,0,0,0,0,"- ","- ",37.056468963623047,-120.92520141601562,MERCED,UNINCORPORATED,-120.92482757568359,37.056472778320312
94740867,2025,2025-06-26,9460,2025-06-19,"120 ",022785,,4,3,9,2400,0,3,5,,2,030,"CRESSEY WAY N/B","WALNUT AVENUE",110.00,N,N,A,-,N,,,,,,,,,,N,3,0,1,1,A,-,01,23152,A,N,E,I,A,A,H,-,C,D,0,,,,,Y,Y,A,01,0,1,0,0,0,0,0,0,0,"- ","- ",37.390571594238281,-120.66783142089844,MERCED,UNINCORPORATED,-120.66793823242188,37.389663696289062
94742119,2025,2025-06-27,9460,2025-06-25,"940 ",019665,,3,1,9,2400,0,2,4,,1,042,"SANTA FE DR","SHAFFER RD",0.00,,Y,A,-,N,,,,,,,,,,N,4,0,1,2,A,-,12,21453,A,N,D,C,A,A,H,-,A,A,0,,,,,Y,,A,01,0,0,1,0,0,0,0,0,0,"- ","- ",37.374668121337891,-120.59555816650391,MERCED,UNINCORPORATED,-120.59554290771484,37.374588012695312
94742428,2025,2025-06-27,9460,2025-05-05,1448,022406,,1,2,9,2400,0,3,5,,2,030,"CRESSEY WAY","EUCALYPTUS AVENUE",0.00,,Y,A,-,N,,,,,,,,,,Y,1,1,0,2,A,-,09,21802,A,N,D,C,A,A,H,-,A,A,0,,,,,Y,,A,01,0,0,0,0,0,0,0,0,0,"- ","- ",37.403900146484375,-120.66783142089844,MERCED,UNINCORPORATED,-120.66786193847656,37.403911590576172
94742473,2025,2025-06-27,9460,2025-06-27,1030,020840,,5,1,9,2400,0,3,5,,2,020,"STEPHENS STREET","SOUTH AVENUE",0.00,,Y,A,-,N,,,,,,,,,,N,3,0,1,2,A,-,12,22450,A,N,D,C,A,A,H,-,A,A,0,,,,,Y,,A,07,0,1,0,0,0,0,0,0,0,"- ","- ",37.425811767578125,-120.77391815185547,MERCED,UNINCORPORATED,-120.77389526367188,37.425788879394531
94742554,2025,2025-06-27,9461,2025-06-20,1945,021785,,5,2,9,2400,0,1,3,,1,103,SR-33,"BAY VIEW RD",50.00,N,N,A,-,Y,MER,,33," ",R,16.397,H,,R,N,4,0,1,2,A,-,03,22350,,N,C,C,A,A,H,-,A,D,0,,,,,Y,,D,22,0,0,1,0,0,0,0,0,0,"- ","- ",37.102828979492188,-121.01577758789062,MERCED,UNINCORPORATED,-121.0157470703125,37.102828979492188
94743341,2025,2025-06-30,9461,2025-06-25,2145,022967,,3,2,9,2400,0,1,3,,1,152,"SR-152 W/B","HILLDALE AVENUE",0.00,,Y,A,-,Y,MER,,152," "," ",12.256,H,,L,Y,2,0,1,2,A,-,01,23152,A,N,D,C,A,A,H,-,D,D,0,,,,,Y,Y,A,01,1,0,0,0,0,0,0,0,0,"- ","- ",37.056938171386719,-120.99857330322266,MERCED,UNINCORPORATED,-120.99857330322266,37.056972503662109
94743820,2025,2025-06-30,9461,2025-04-08,"5   ",023167,,2,3,9,2400,0,1,1,,2,105,"I-5 S/B","HENRY MILLER AVENUE",3950.00,S,N,A,-,Y,MER,,5," "," ",20.630,H,,L,Y,1,1,4,1,A,-,08,22107,,N,F,I,A,A,H,-,D,D,0,,,,,Y,,A,07,1,3,0,0,0,0,0,0,0,"- ","- ",37.091548919677734,-121.00398254394531,MERCED,UNINCORPORATED,-121.00385284423828,37.091625213623047
94743841,2025,2025-06-30,9461,2025-06-18,1700,023167,,3,2,9,2400,0,1,3,,1,103,"SR-33 S/B","GUN CLUB ROAD",0.00,,Y,A,-,Y,MER,,33," "," ",25.459,H,,L,Y,2,0,2,2,A,-,06,21751,,N,D,C,A,A,H,-,A,D,0,,,,,Y,,A,01,1,1,0,0,0,0,0,0,0,"- ","- ",37.231208801269531,-121.01241302490234,MERCED,UNINCORPORATED,-121.01242065429688,37.231208801269531
94744058,2025,2025-06-30,9460,2025-06-21,1315,021856,,6,1,9,2400,0,1,3,,2,002,"SR-99 N/B","FRANKLIN RD",528.00,S,N,A,-,Y,MER,,99," "," ",18.300,H,,R,Y,4,0,2,2,A,-,03,22350,,N,B,2,A,A,H,-,A,D,0,,,,,Y,,A,01,0,0,2,0,0,0,0,0,0,"- ","- ",37.320491790771484,-120.53942108154297,MERCED,UNINCORPORATED,-120.53943634033203,37.320457458496094
94744500,2025,2025-06-30,9461,2025-06-29,"935 ",022904,,7,1,9,2400,0,1,1,,2,105,"I-5 S/B","BUTTS RD",4752.00,N,N,A,-,Y,MER,,5," "," ",26.886,H,,L,Y,3,0,1,2,A,-,08,22107,,N,B,2,A,A,H,-,A,D,0,,,,,Y,,-,"- ",0,1,0,0,0,0,0,0,0,"- ","- ",37.170768737792969,-121.05906677246094,MERCED,UNINCORPORATED,-121.05910491943359,37.170753479003906
94744559,2024,2025-06-30,9461,2024-12-20,2500,022904,,5,4,9,2400,0,1,1,,2,205,"INTERSTATE 5 (I-5) NORTHBOUND","STATE ROUTE 165 (SR-165)",10982.00,S,N,A,-,Y,MER,,5," "," ",4.180,H,,R,N,1,1,0,2,A,-,03,22350,,F,G,B,E,A,H,-,D,D,0,Y,,,,Y,,-,99,0,0,0,1,0,0,0,0,0,"- ","- ",36.907009124755859,-120.81607055664062,MERCED,UNINCORPORATED,-120.81607055664062,36.907009124755859
94744596,2024,2025-06-30,9461,2024-12-20,1824,022904,,5,2,9,2400,0,1,1,,2,205,"INTERSTATE 5 (I-5) NORTHBOUND","STATE ROUTE 165",11088.00,S,N,E,-,Y,MER,,5," "," ",4.196,H,,R,Y,1,1,4,2,A,-,01,23152,G,N,A,C,A,A,H,-,D,D,0,,,,,Y,Y,A,07,4,0,0,0,0,0,0,0,0,"- ","- ",36.907108306884766,-120.81640625,MERCED,UNINCORPORATED,-120.81623840332031,36.907203674316406
94744768,2025,2025-06-30,9460,2025-06-20,1750,022162,,5,2,9,2400,0,1,3,,2,003,"KAHLON ROAD","LE GRAND ROAD",4435.00,S,N,E,-,N,,,,,,,,,,Y,2,0,4,2,A,-,05,21650,,N,A,C,A,A,H,-,A,D,0,,,,,Y,,A,01,3,1,0,0,0,0,0,0,0,"- ","- ",37.214881896972656,-120.36723327636719,MERCED,UNINCORPORATED,-120.3671875,37.214809417724609