CASE_ID,ACCIDENT_YEAR,PROC_DATE,JURIS,COLLISION_DATE,COLLISION_TIME,OFFICER_ID,REPORTING_DISTRICT,DAY_OF_WEEK,CHP_SHIFT,POPULATION,CNTY_CITY_LOC,SPECIAL_COND,BEAT_TYPE,CHP_BEAT_TYPE,CITY_DIVISION_LAPD,CHP_BEAT_CLASS,BEAT_NUMBER,PRIMARY_RD,SECONDARY_RD,DISTANCE,DIRECTION,INTERSECTION,WEATHER_1,WEATHER_2,STATE_HWY_IND,CALTRANS_COUNTY,CALTRANS_DISTRICT,STATE_ROUTE,ROUTE_SUFFIX,POSTMILE_PREFIX,POSTMILE,LOCATION_TYPE,RAMP_INTERSECTION,SIDE_OF_HWY,TOW_AWAY,COLLISION_SEVERITY,NUMBER_KILLED,NUMBER_INJURED,PARTY_COUNT,PRIMARY_COLL_FACTOR,PCF_CODE_OF_VIOL,PCF_VIOL_CATEGORY,PCF_VIOLATION,PCF_VIOL_SUBSECTION,HIT_AND_RUN,TYPE_OF_COLLISION,MVIW,PED_ACTION,ROAD_SURFACE,ROAD_COND_1,ROAD_COND_2,LIGHTING,CONTROL_DEVICE,CHP_ROAD_TYPE,PEDESTRIAN_ACCIDENT,BICYCLE_ACCIDENT,MOTORCYCLE_ACCIDENT,TRUCK_ACCIDENT,NOT_PRIVATE_PROPERTY,ALCOHOL_INVOLVED,STWD_VEHTYPE_AT_FAULT,CHP_VEHTYPE_AT_FAULT,COUNT_SEVERE_INJ,COUNT_VISIBLE_INJ,COUNT_COMPLAINT_PAIN,COUNT_PED_KILLED,COUNT_PED_INJURED,COUNT_BICYCLIST_KILLED,COUNT_BICYCLIST_INJURED,COUNT_MC_KILLED,COUNT_MC_INJURED,PRIMARY_RAMP,SECONDARY_RAMP,LATITUDE,LONGITUDE,COUNTY,CITY,POINT_X,POINT_Y
94864293,2025,2025-09-29,9460,2025-09-24,"520 ",016476,,3,3,9,2400,0,1,3,,2,001,"SR-99 N/B","GRIFFITH AVE",1056.00,N,N,B,-,Y,MER,,99," ",R,36.794,H,,R,Y,3,0,1,2,A,-,03,22350,,N,C,C,A,A,H,-,D,D,0,,,,,Y,,A,07,0,1,0,0,0,0,0,0,0,"- ","- ",37.460220336914062,-120.81391143798828,MERCED,UNINCORPORATED,-120.81394195556641,37.460166931152344
94865058,2025,2025-09-29,9460,2025-09-28,"57  ",022938,,7,3,9,2400,0,2,4,,1,041,"FRANKLIN ROAD","SANTA FE AVE",0.00,,Y,A,-,N,,,,,,,,,,Y,3,0,3,2,A,-,12,21453,A,F,D,C,A,A,H,-,C,A,0,,,,,Y,,A,01,0,1,2,0,0,0,0,0,0,"- ","- ",37.340339660644531,-120.54032897949219,MERCED,UNINCORPORATED,-120.54036712646484,37.340305328369141
94865133,2025,2025-09-29,9460,2025-09-29,1228,020840,,1,1,9,2400,0,1,3,,1,590,"BELCHER ROAD","RT 59",50.00,W,N,B,-,Y,MER,,59," "," ",17.502,H,,L,N,3,0,1,1,A,-,08,22107,,N,E,I,A,A,H,-,A,D,0,,,,,Y,,A,01,0,1,0,0,0,0,0,0,0,"- ","- ",37.339260101318359,-120.50456237792969,MERCED,UNINCORPORATED,-120.50439453125,37.339244842529297
94865142,2025,2025-09-29,9460,2025-09-27,"635 ",020117,,6,1,9,2400,0,1,3,,2,002,"SR-99 N/B","FRANKLIN ROAD O/C",5280.00,S,N,A,-,Y,MER,,99," "," ",17.574,H,,R,N,3,0,1,2,A,-,03,22350,,M,C,C,A,A,D,-,A,A,0,,,,,Y,,-,99,0,1,0,0,0,0,0,0,0,"- ","- ",37.316051483154297,-120.52749633789062,MERCED,UNINCORPORATED,-120.52747344970703,37.316093444824219
94866129,2025,2025-09-30,9460,2025-09-28,"524 ",019806,,7,3,9,2400,0,1,3,,2,003,"SR-99 S/B","CHILDS AVE",45.00,N,N,A,-,Y,MER,,99," "," ",13.115,H,,L,Y,3,0,2,1,A,-,08,22107,,N,E,8,A,A,H,-,D,D,0,,,,,Y,,A,07,0,2,0,0,0,0,0,0,0,"- ","- ",37.288619995117188,-120.45709228515625,MERCED,UNINCORPORATED,-120.45703887939453,37.288661956787109
94867055,2025,2025-09-30,9461,2025-09-19,1408,023050,,5,2,9,2400,0,1,3,,1,265,"STATE HIGHWAY 165 NORTHBOUND","PIONEER RD",1531.00,S,N,A,-,Y,MER,,165," "," ",7.494,H,,R,Y,2,0,1,2,A,-,09,21801,A,N,D,C,A,A,H,-,A,D,0,,,Y,,Y,,A,01,1,0,0,0,0,0,0,0,1,"- ","- ",37.038211822509766,-120.83586120605469,MERCED,UNINCORPORATED,-120.83589172363281,37.038211822509766
94868371,2025,2025-10-01,9460,2025-10-01,"640 ",022162,,3,1,9,2400,0,3,5,,2,020,"LIBERTY AVE","ARENA WAY",250.00,E,N,A,-,N,,,,,,,,,,Y,4,0,1,2,A,-,03,22350,,N,C,C,A,A,H,-,B,D,0,,,,,Y,,A,01,0,0,1,0,0,0,0,0,0,"- ","- ",37.374858856201172,-120.6763916015625,MERCED,UNINCORPORATED,-120.67649841308594,37.374874114990234
94868718,2025,2025-10-01,9461,2025-09-23,"620 ",020486,,2,1,9,2400,0,3,5,,2,010,"WHITWORTH ROAD","WORTHINGTON RD",1584.00,S,N,A,-,N,,,,,,,,,,Y,3,0,1,2,A,-,08,22107,,N,D,C,A,A,H,-,B,D,0,,,,,Y,,A,01,0,1,0,0,0,0,0,0,0,"- ","- ",37.274738311767578,-121.03102874755859,MERCED,UNINCORPORATED,-121.03095245361328,37.265300750732422
94868732,2025,2025-10-01,9461,2025-09-25,"556 ",017029,,4,3,9,2400,0,1,3,,2,453,"SR-152 E/B","ISLAND RD",528.00,E,N,B,-,Y,MER,,152," ",R,36.964,H,,R,Y,4,0,1,1,A,-,08,22107,,N,E,8,A,A,H,-,D,D,0,,,,,Y,,A,01,0,0,1,0,0,0,0,0,0,"- ","- ",37.053989410400391,-120.55335998535156,MERCED,UNINCORPORATED,-120.55338287353516,37.054046630859375
94871554,2025,2025-10-03,9461,2025-09-26,"629 ",021785,,5,1,9,2400,0,1,1,,2,105,"I-5 S/B",SR-33,100.00,N,N,A,-,Y,,,,,,,,,,N,4,0,5,2,A,-,03,22350,A,N,C,C,A,A,H,-,B,A,0,,,,,Y,,-,"- ",0,0,5,0,0,0,0,0,0,"- ","- ",37.104160308837891,-121.01631927490234,MERCED,UNINCORPORATED,-121.01594543457031,37.106212615966797
94871588,2025,2025-10-03,9461,2025-09-26,"728 ",021785,,5,1,9,2400,0,3,5,,2,010,"WHITWORTH RD","NETHERTON RD",1320.00,N,N,A,-,N,,,,,,,,,,Y,4,0,1,2,A,-,09,21801,A,N,D,2,A,A,H,-,A,D,0,,,,,Y,,A,01,0,0,1,0,0,0,0,0,0,"- ","- ",37.288658142089844,-121.03103637695312,MERCED,UNINCORPORATED,-121.03104400634766,37.28564453125
94872165,2025,2025-10-03,9461,2025-09-27,1620,021785,,6,2,9,2400,0,1,3,,1,103,SR-33,"GUN CLUB RD",200.00,N,N,A,-,Y,MER,,33," "," ",25.516,H,,R,Y,4,0,1,2,A,-,08,22107,,N,B,C,A,A,H,-,A,D,0,,,,Y,Y,,A,01,0,0,1,0,0,0,0,0,0,"- ","- ",37.232040405273438,-121.01242828369141,MERCED,UNINCORPORATED,-121.01242065429688,37.232040405273438
94872217,2025,2025-11-13,9461,2025-09-28,"155 ",023377,,7,3,9,2400,0,2,4,,1,110,"SOUTHBOUND INGOMAR GRADE","MALTA ROAD",2340.00,S,N,A,-,N,,,,,,,,,,Y,4,0,1,1,A,-,08,22107,,N,F,J,A,A,H,-,D,D,0,,,,,Y,,A,01,0,0,1,0,0,0,0,0,0,"- ","- ",38.596839904785156,-121.49004364013672,MERCED,UNINCORPORATED,,
94874667,2025,2025-10-06,9460,2025-08-01,"742 ",019918,,5,1,9,2400,0,1,3,,2,002,"SR-99 N/B","ATWATER MERCED EXPRESSWAY",3168.00,S,N,A,-,Y,MER,,99," "," ",19.471,H,,R,N,1,1,0,2,A,-,11,21954,A,N,G,B,D,A,H,-,A,D,0,Y,,,,Y,,N,60,0,0,0,1,0,0,0,0,0,"- ","- ",37.327518463134766,-120.55880737304688,MERCED,UNINCORPORATED,-120.55879974365234,37.327533721923828
94875073,2025,2025-10-06,9461,2025-10-04,"738 ",021785,,6,1,9,2400,0,1,3,,1,152,"SR-152 E/B","ROMERO VISITOR CENTER",1320.00,E,N,A,-,Y,MER,,152," ",R,8.355,H,,R,Y,4,0,1,1,A,-,08,22107,,N,E,I,A,A,H,-,A,D,0,,,,,Y,,A,01,0,0,1,0,0,0,0,0,0,"- ","- ",37.082618713378906,-121.09526062011719,MERCED,UNINCORPORATED,-121.09526824951172,37.082595825195312
94875095,2025,2025-10-06,9461,2025-10-05,1255,021785,,7,1,9,2400,0,3,5,,2,010,"OVERLAND RD","INGOMAR GRADE",20.00,N,N,A,-,N,,,,,,,,,,N,4,0,2,2,A,-,03,22350,,N,C,C,A,A,H,-,A,A,0,,,,,Y,,A,07,0,0,2,0,0,0,0,0,0,"- ","- ",37.073139190673828,-120.87126922607422,MERCED,UNINCORPORATED,-120.87124633789062,37.073066711425781
94876130,2025,2025-10-07,9460,2025-09-25,1830,022785,,4,2,9,2400,0,3,5,,2,010,"RIVER ROAD W/B","BLOW ROAD",25.00,W,N,A,-,N,,,,,,,,,,Y,4,0,2,2,A,-,03,22350,,N,C,C,A,A,H,-,A,D,0,,,,,Y,,D,22,0,0,2,0,0,0,0,0,0,"- ","- ",37.346290588378906,-120.94203186035156,MERCED,UNINCORPORATED,-120.94200897216797,37.346290588378906
94876355,2025,2025-10-07,9460,2025-09-30,1655,020840,,2,2,9,2400,0,1,3,,2,002,"SR 99 S/B","EAST ATWATER BLVD",50.00,S,N,A,-,Y,MER,,99," "," ",21.601,H,,L,N,4,0,2,2,A,-,03,22350,,N,C,C,A,A,H,-,A,D,0,,,,,Y,,A,07,0,0,2,0,0,0,0,0,0,"- ","- ",37.340240478515625,-120.59332275390625,MERCED,UNINCORPORATED,-120.59332275390625,37.340248107910156
94876407,2025,2025-10-07,9460,2025-10-01,1250,022162,,3,1,9,2400,0,2,4,,1,031,"WINTON WAY","GERTRUDE AVE",70.00,N,N,A,-,N,,,,,,,,,,N,4,0,1,2,A,-,03,22350,,N,C,C,A,A,H,-,A,A,0,,,,,Y,,D,22,0,0,1,0,0,0,0,0,0,"- ","- ",37.374748229980469,-120.61363220214844,MERCED,UNINCORPORATED,-120.61367797851562,37.375164031982422
94876598,2025,2025-10-07,9460,2025-10-02,1759,020857,,4,2,9,2400,0,1,3,,2,002,"SR-99 N/B FROM 16TH ST","MILES CT",740.00,N,N,A,-,Y,,,,,,,,,,Y,4,0,1,1,A,-,08,22107,,N,E,I,A,A,H,-,A,D,0,,,,,Y,,A,01,0,0,1,0,0,0,0,0,0,"- ","- ",38.596839904785156,-121.49004364013672,MERCED,UNINCORPORATED,,
94876721,2025,2025-10-07,9460,2025-10-02,2330,021704,,4,3,9,2400,0,3,5,,2,040,"CALIFORNIA ST","MYRTLE AVE",160.00,N,N,A,-,N,,,,,,,,,,N,3,0,1,2,A,-,01,23152,A,N,B,E,A,A,H,-,C,D,0,,,,,Y,Y,A,01,0,1,0,0,0,0,0,0,0,"- ","- ",37.393550872802734,-120.60877990722656,MERCED,UNINCORPORATED,-120.60881805419922,37.393478393554688
94876752,2025,2025-10-07,9460,2025-10-03,1250,022162,,5,1,9,2400,0,3,5,,2,020,"SANTA FE DR","LINWOOD RD",2904.00,W,N,A,-,N,,,,,,,,,,Y,3,0,2,2,A,-,03,22350,,N,C,C,A,A,H,-,A,D,0,,,,Y,Y,,A,08,0,1,1,0,0,0,0,0,0,"- ","- ",37.482368469238281,-120.75150299072266,MERCED,UNINCORPORATED,-120.75157928466797,37.482376098632812
94876818,2025,2025-10-07,9460,2025-10-04,"916 ",022162,,6,1,9,2400,0,3,5,,2,050,"CAMPUS PARKWAY","OLIVE AVENUE",625.00,N,N,A,-,N,,,,,,,,,,Y,3,0,1,1,A,-,07,21658,A,N,E,I,A,A,H,-,A,D,0,,,,,Y,,A,01,0,1,0,0,0,0,0,0,0,"- ","- ",37.326869964599609,-120.42417144775391,MERCED,UNINCORPORATED,-120.47270965576172,37.318920135498047
94878404,2025,2025-10-08,9460,2025-09-29,1940,020156,,1,2,9,2400,0,3,5,,2,060,"E. 21ST STREET","KEELY AVE",0.00,,Y,A,-,N,,,,,,,,,,N,4,0,1,2,A,-,08,22107,,N,C,C,A,A,H,-,D,D,0,,Y,,,Y,,L,04,0,0,1,0,0,0,1,0,0,"- ","- ",37.295570373535156,-120.45393371582031,MERCED,UNINCORPORATED,-120.45433044433594,37.295604705810547
94879383,2025,2025-10-09,9461,2025-10-03,1648,022777,,5,2,9,2400,0,3,5,,2,010,"JOHNSON RD","OVERLAND AVE",0.00,,Y,B,-,N,,,,,,,,,,Y,4,0,1,2,A,-,09,21802,A,N,D,C,A,A,H,-,A,A,0,,,,,Y,,A,01,0,0,1,0,0,0,0,0,0,"- ","- ",37.073688507080078,-120.86087799072266,MERCED,UNINCORPORATED,-120.86086273193359,37.073699951171875
94879453,2025,2025-10-09,9460,2025-09-06,2340,022163,,6,3,9,2400,0,3,5,,2,020,"BLOSS AVE","HINTON AVE",1404.00,W,N,A,-,N,,,,,,,,,,Y,3,0,1,1,A,-,08,22107,,M,E,8,A,A,H,-,D,D,0,,,,,Y,,A,07,0,1,0,0,0,0,0,0,0,"- ","- ",37.405078887939453,-120.78253173828125,MERCED,UNINCORPORATED,-120.782470703125,37.405055999755859
94879480,2025,2025-10-09,9460,2025-09-27,2100,022163,,6,2,9,2400,0,3,5,,2,030,"BEACHWOOD DR","LOBO AVE",84.00,N,N,A,-,N,,,,,,,,,,N,2,0,1,2,A,-,08,22107,,N,B,E,A,A,H,-,C,D,0,,,,,Y,,D,22,1,0,0,0,0,0,0,0,0,"- ","- ",37.324821472167969,-120.52812957763672,MERCED,UNINCORPORATED,-120.528076171875,37.324741363525391
94879911,2025,2025-10-09,9460,2025-10-03,"938 ",019665,,5,1,9,2400,0,2,4,,1,041,"SANTA FE DR","FRANKLIN RD",0.00,,Y,A,-,N,,,,,,,,,,Y,3,0,2,2,A,-,12,22450,A,N,D,C,A,A,H,-,A,A,0,,,,,Y,,A,01,0,1,1,0,0,0,0,0,0,"- ","- ",37.340328216552734,-120.54039001464844,MERCED,UNINCORPORATED,-120.54036712646484,37.340305328369141
94880041,2025,2025-10-09,9460,2025-10-03,"25  ",021704,,5,3,9,2400,0,1,3,,2,002,"SR-99 S/B","APPLEGATE RD",3696.00,S,N,A,-,Y,MER,,99," "," ",21.986,H,,L,Y,3,0,1,1,A,-,03,22350,,N,E,J,A,A,H,-,C,D,0,,,,,Y,,A,01,0,1,0,0,0,0,0,0,0,"- ","- ",37.340000152587891,-120.60037231445312,MERCED,UNINCORPORATED,-120.60035705566406,37.340049743652344
94881163,2025,2025-10-10,9460,2025-10-04,1933,022876,,6,2,9,2400,0,2,4,,1,042,"SANTE FE DRIVE","WINTON WAY",125.00,W,N,A,-,N,,,,,,,,,,N,3,0,4,2,A,-,09,21801,A,N,D,C,A,A,H,-,C,D,0,,,,,Y,,A,07,0,3,1,0,0,0,0,0,0,"- ","- ",37.386260986328125,-120.61383819580078,MERCED,UNINCORPORATED,-120.61369323730469,37.386085510253906
94881376,2025,2025-10-10,9461,2025-10-03,1930,023050,,5,2,9,2400,0,1,3,,2,453,"SR-152 E/B","WILLIS RD",75.00,W,N,A,-,Y,MER,,152," ",R,35.937,H,,L,Y,4,0,2,2,A,-,03,22350,,N,C,C,A,A,H,-,D,A,0,,,,Y,Y,,A,01,0,0,2,0,0,0,0,0,0,"- ","- ",37.051719665527344,-120.57186126708984,MERCED,UNINCORPORATED,-120.57186889648438,37.051750183105469
94881487,2025,2025-10-10,9460,2025-10-09,"450 ",016476,,4,3,9,2400,0,1,3,,1,141,SR-140,"WEIR AVENUE",3168.00,W,N,A,-,Y,MER,,140," "," ",18.699,H,,R,Y,3,0,1,2,A,-,03,22350,,N,C,C,A,A,H,-,D,D,0,,,,,Y,,A,01,0,1,0,0,0,0,0,0,0,"- ","- ",37.312721252441406,-120.80670166015625,MERCED,UNINCORPORATED,-120.80670166015625,37.312725067138672
94883363,2025,2025-10-13,9461,2025-10-03,1617,021785,,5,2,9,2400,0,1,3,,1,152,"SR-152 E/B","ROMERO VISITOR CENTER",1320.00,E,N,A,-,Y,,,,,,,,,,Y,2,0,1,1,A,-,08,22107,,N,F,0,A,A,H,-,A,D,0,,,Y,,Y,,C,02,1,0,0,0,0,0,0,0,1,"- ","- ",38.596839904785156,-121.49004364013672,MERCED,UNINCORPORATED,,
94885594,2025,2025-10-14,9460,2025-10-06,"735 ",019806,,1,1,9,2400,0,3,5,,2,030,"AVENUE 2","SANTA FE DR",15.00,S,N,A,-,N,,,,,,,,,,N,4,0,3,2,A,-,21,22106,,N,C,C,A,A,H,-,A,D,0,,,,,Y,,A,01,0,0,3,0,0,0,0,0,0,"- ","- ",37.349521636962891,-120.55549621582031,MERCED,UNINCORPORATED,-120.55545806884766,37.349647521972656
94885901,2025,2025-10-14,9461,2025-10-07,1419,019052,,2,2,9,2400,0,2,4,,1,110,"INGOMAR GRADE","HENRY MILLER RD",0.00,,Y,A,-,N,,,,,,,,,,N,4,0,1,2,A,-,21,22106,,N,C,C,A,A,H,-,A,A,0,,,,Y,Y,,G,26,0,0,1,0,0,0,0,0,0,"- ","- ",37.09954833984375,-120.93060302734375,MERCED,UNINCORPORATED,-120.93067169189453,37.099376678466797
94886319,2025,2025-10-14,9460,2025-09-14,2312,022876,,7,3,9,2400,0,1,3,,1,591,"STATE ROUTE 59","WASHINGTON ROAD",1209.00,S,N,A,-,N,,,,,,,,,,Y,1,2,0,2,A,-,08,22107,,N,A,C,A,A,H,-,D,D,0,,,,,Y,,A,01,0,0,0,0,0,0,0,0,0,"- ","- ",37.109710693359375,-120.49224853515625,MERCED,UNINCORPORATED,-120.49227905273438,37.109748840332031
94886428,2025,2025-10-14,9460,2025-10-03,"555 ",021662,,5,3,9,2400,0,1,3,,1,591,SR-59,"DICKENSON FERRY RD",0.00,,Y,A,-,Y,MER,,59," "," ",13.129,H,,R,Y,3,0,2,2,A,-,12,22450,A,M,D,C,A,A,H,-,D,A,0,,,,,Y,,D,22,0,1,1,0,0,0,0,0,0,"- ","- ",37.273719787597656,-120.48795318603516,MERCED,UNINCORPORATED,-120.48784637451172,37.273723602294922
9488702,2022,2022-09-07,2403,2022-04-15,1315,P21,,5,5,2,2403,0,0,0,,0,,"RT 33","SULLIVAN RD",15.00,,Y,A,-,Y,MER,10,140,-,-,4.370,H,-,W,Y,4,0,1,2,A,-,03,22350,,N,A,C,A,A,H,-,A,D,0,,,,Y,Y,,A,01,0,0,1,0,0,0,0,0,0,"- ","- ",37.245819091796875,-121.01284027099609,MERCED,GUSTINE,-121.01283264160156,37.246070861816406
94887103,2025,2025-10-15,9461,2025-10-13,2145,023050,,1,2,9,2400,0,1,3,,1,152,"SR-152 W/B","HILLDALE AVE.",370.00,W,N,B,C,Y,MER,,152," "," ",12.195,H,,L,N,4,0,1,1,A,-,03,22350,,N,E,I,A,B,H,-,D,D,0,,,,,Y,,A,01,0,0,1,0,0,0,0,0,0,"- ","- ",37.056991577148438,-120.99968719482422,MERCED,UNINCORPORATED,-120.99968719482422,37.056972503662109
94887449,2025,2025-10-15,9460,2025-10-07,1900,020156,,2,2,9,2400,0,3,5,,2,060,"PLAINSBURG RD","LE GRAND RD",0.00,,Y,A,-,N,,,,,,,,,,Y,4,0,2,2,A,-,09,21800,A,N,D,C,A,A,H,-,D,A,0,,,,,Y,,A,01,0,0,2,0,0,0,0,0,0,"- ","- ",37.22930908203125,-120.32495880126953,MERCED,UNINCORPORATED,-120.32492828369141,37.229282379150391
94887751,2025,2025-10-15,9460,2025-10-07,"815 ",020840,,2,1,9,2400,0,3,5,,2,040,"WINTON WAY","EUCALYPTUS AVE",0.00,,Y,A,-,N,,,,,,,,,,Y,3,0,2,2,A,-,12,22450,A,N,D,C,A,A,H,-,A,A,0,,,,,Y,,D,22,0,2,0,0,0,0,0,0,0,"- ","- ",37.403888702392578,-120.61322021484375,MERCED,UNINCORPORATED,-120.61321258544922,37.403892517089844
94887818,2025,2025-10-15,9460,2025-10-08,"935 ",019286,,3,1,9,2400,0,3,5,,2,060,"CHILDS AVENUE","IVETT ROAD",325.00,E,N,A,-,N,,,,,,,,,,Y,4,0,1,1,A,-,08,22107,,N,E,8,A,A,H,-,A,D,0,,,,,Y,,A,07,0,0,1,0,0,0,0,0,0,"- ","- ",37.287929534912109,-120.30557250976562,MERCED,UNINCORPORATED,-120.30559539794922,37.287914276123047
94888231,2025,2025-10-15,9460,2025-10-10,2120,022315,,5,2,9,2400,0,1,3,,2,003,"SR-99 S/B","PLAINSBURG RD",70.00,N,N,A,-,Y,MER,,99," ",R,3.387,H,,L,N,3,0,1,1,A,-,08,22107,,N,E,9,A,A,H,-,D,D,0,,,,,Y,,A,01,0,1,0,0,0,0,0,0,0,"- ","- ",37.189498901367188,-120.33197784423828,MERCED,UNINCORPORATED,-120.33214569091797,37.189369201660156
94889207,2025,2025-10-16,9460,2025-10-12,1846,022545,,7,2,9,2400,0,3,5,,2,050,"E YOSEMITE AVE","N ARBOLEDA DR",3696.00,W,N,A,-,N,,,,,,,,,,N,4,0,1,2,A,-,01,23152,A,M,B,C,A,A,H,-,B,D,0,,,,,Y,Y,A,08,0,0,1,0,0,0,0,0,0,"- ","- ",37.332130432128906,-120.39054870605469,MERCED,UNINCORPORATED,-120.39112854003906,37.332122802734375
94889553,2025,2025-10-16,9460,2025-10-13,2223,020857,,1,3,9,2400,0,3,5,,2,040,"BELLEVUE RD",SR-59,1584.00,W,N,C,-,N,,,,,,,,,,Y,3,0,1,1,A,-,08,22107,,N,E,I,A,B,H,-,D,D,0,,,,,Y,,A,01,0,1,0,0,0,0,0,0,0,"- ","- ",37.360969543457031,-120.50894165039062,MERCED,UNINCORPORATED,-120.50882720947266,37.360919952392578
94889770,2025,2025-10-16,9460,2025-08-30,"25  ",022162,,6,3,9,2400,0,1,3,,2,002,"SR-99 N/B","WESTSIDE BOULEVARD",2270.00,S,N,A,-,Y,MER,,99," "," ",24.580,H,,R,N,1,1,0,2,A,-,00,21960,A,F,G,B,E,A,H,-,D,D,0,Y,,,,Y,Y,N,60,0,0,0,1,0,0,0,0,0,"- ","- ",37.357891082763672,-120.64095306396484,MERCED,UNINCORPORATED,-120.64096069335938,37.357875823974609
94889988,2025,2025-10-16,9460,2025-10-09,1715,022049,,4,2,9,2400,0,3,5,,2,020,"HILLSIDE AVE","SOUTH AVE",282.00,N,N,A,-,N,,,,,,,,,,N,3,0,1,1,A,-,03,22350,,N,F,A,A,A,H,-,A,D,0,,,Y,,Y,,C,02,0,1,0,0,0,0,0,0,1,"- ","- ",37.426361083984375,-120.77542114257812,MERCED,UNINCORPORATED,-120.77536773681641,37.426322937011719
94890068,2025,2025-10-16,9460,2025-10-04,"858 ",021662,,6,1,9,2400,0,3,5,,2,040,"9691 N. WINTON WAY","MEADOW DRIVE",30.00,S,N,A,-,N,,,,,,,,,,Y,3,0,1,1,A,-,08,22107,,N,E,8,A,A,H,-,A,D,0,,,,,Y,,A,01,0,1,0,0,0,0,0,0,0,"- ","- ",37.429039001464844,-120.61273193359375,MERCED,UNINCORPORATED,-120.61262512207031,37.429088592529297
9489083,2022,2022-09-02,2403,2022-04-28,2044,Z15,MERCE,4,5,2,2403,0,0,0,,0,,"RT 140","4TH ST",0.00,,Y,A,-,Y,MER,10,140,-,-,5.610,I,5,E,Y,2,0,2,2,A,-,12,22450,A,N,A,C,A,A,H,-,B,A,0,,,,,Y,,A,01,1,1,0,0,0,0,0,0,0,"- ","- ",37.256629943847656,-121.00576019287109,MERCED,GUSTINE,-120.99736022949219,37.25384521484375
94891412,2025,2025-10-17,9460,2025-10-07,"622 ",020840,,2,1,9,2400,0,1,3,,1,591,"RT 59","OAKDALE ROAD",2700.00,S,N,A,-,Y,MER,,59," "," ",22.641,H,,R,N,4,0,1,2,C,-,18,,,N,A,C,A,A,H,-,D,D,0,,,,,Y,,-,"- ",0,0,1,0,0,0,0,0,0,"- ","- ",37.412410736083984,-120.50669097900391,MERCED,UNINCORPORATED,-120.50672149658203,37.412384033203125
94893501,2025,2025-10-20,9460,2025-06-27,2010,021511,,5,2,9,2400,0,1,3,,1,591,SR-59,"SANDY MUSH ROAD",0.00,,Y,A,-,Y,MER,,59," "," ",7.067,H,,R,Y,1,1,2,2,A,-,12,22450,A,N,D,C,A,A,H,-,A,A,0,,,,Y,Y,,D,22,0,0,2,0,0,0,0,0,0,"- ","- ",37.185791015625,-120.48818969726562,MERCED,UNINCORPORATED,-120.48822021484375,37.185791015625
94893519,2025,2025-10-20,9460,2025-10-13,1245,022785,,1,1,9,2400,0,1,3,,1,140,SR-140,"BUHACH ROAD",0.00,,Y,A,-,Y,MER,,140," "," ",31.510,H,,R,Y,3,0,1,2,A,-,12,22450,A,N,D,C,A,A,H,-,A,A,0,,,,,Y,,A,01,0,1,0,0,0,0,0,0,0,"- ","- ",37.302341461181641,-120.57774353027344,MERCED,UNINCORPORATED,-120.57773590087891,37.302303314208984
94893693,2025,2025-10-20,9461,2025-10-11,"550 ",021056,,6,3,9,2400,0,1,3,,2,453,"SR-152 W/B","INDIANA RD",1056.00,W,N,A,-,Y,MER,,152," ",R,33.840,H,,L,Y,3,0,2,1,C,-,18,,,N,F,A,A,A,H,-,D,D,0,,,,,Y,,-,"- ",0,1,1,0,0,0,0,0,0,"- ","- ",37.047908782958984,-120.60929107666016,MERCED,UNINCORPORATED,-120.60929107666016,37.047985076904297
94893700,2025,2025-10-20,9461,2025-10-11,"845 ",021785,,6,1,9,2400,0,1,3,,1,103,SR-33,"COMET ST",0.00,,Y,A,-,Y,,,,,,,,,,Y,4,0,1,2,A,-,09,21801,A,N,D,C,A,A,H,-,A,A,0,,,,,Y,,A,08,0,0,1,0,0,0,0,0,0,"- ","- ",38.596839904785156,-121.49004364013672,MERCED,UNINCORPORATED,-121.01589965820312,37.097820281982422
94893723,2025,2025-10-20,9460,2025-10-08,1250,019286,,3,1,9,2400,0,3,5,,2,060,"TYLER RD","CHILDS AVE",38.00,S,N,A,-,N,,,,,,,,,,N,4,0,1,2,A,-,03,22350,,N,C,C,A,A,H,-,A,D,0,,,,,Y,,A,07,0,0,1,0,0,0,0,0,0,"- ","- ",37.287818908691406,-120.46977996826172,MERCED,UNINCORPORATED,-120.46980285644531,37.287864685058594
94893851,2025,2025-10-20,9461,2025-10-17,1434,021785,,5,2,9,2400,0,1,1,,2,105,"I-5 N/B","MCCABE RD",100.00,N,N,A,-,Y,MER,,5," "," ",22.630,H,,R,Y,4,0,1,2,A,-,07,21658,A,M,E,8,A,A,H,-,A,D,0,,,,,Y,,-,99,0,0,1,0,0,0,0,0,0,"- ","- ",37.116111755371094,-121.02291107177734,MERCED,UNINCORPORATED,-121.02295684814453,37.1160888671875