CASE_ID,ACCIDENT_YEAR,PROC_DATE,JURIS,COLLISION_DATE,COLLISION_TIME,OFFICER_ID,REPORTING_DISTRICT,DAY_OF_WEEK,CHP_SHIFT,POPULATION,CNTY_CITY_LOC,SPECIAL_COND,BEAT_TYPE,CHP_BEAT_TYPE,CITY_DIVISION_LAPD,CHP_BEAT_CLASS,BEAT_NUMBER,PRIMARY_RD,SECONDARY_RD,DISTANCE,DIRECTION,INTERSECTION,WEATHER_1,WEATHER_2,STATE_HWY_IND,CALTRANS_COUNTY,CALTRANS_DISTRICT,STATE_ROUTE,ROUTE_SUFFIX,POSTMILE_PREFIX,POSTMILE,LOCATION_TYPE,RAMP_INTERSECTION,SIDE_OF_HWY,TOW_AWAY,COLLISION_SEVERITY,NUMBER_KILLED,NUMBER_INJURED,PARTY_COUNT,PRIMARY_COLL_FACTOR,PCF_CODE_OF_VIOL,PCF_VIOL_CATEGORY,PCF_VIOLATION,PCF_VIOL_SUBSECTION,HIT_AND_RUN,TYPE_OF_COLLISION,MVIW,PED_ACTION,ROAD_SURFACE,ROAD_COND_1,ROAD_COND_2,LIGHTING,CONTROL_DEVICE,CHP_ROAD_TYPE,PEDESTRIAN_ACCIDENT,BICYCLE_ACCIDENT,MOTORCYCLE_ACCIDENT,TRUCK_ACCIDENT,NOT_PRIVATE_PROPERTY,ALCOHOL_INVOLVED,STWD_VEHTYPE_AT_FAULT,CHP_VEHTYPE_AT_FAULT,COUNT_SEVERE_INJ,COUNT_VISIBLE_INJ,COUNT_COMPLAINT_PAIN,COUNT_PED_KILLED,COUNT_PED_INJURED,COUNT_BICYCLIST_KILLED,COUNT_BICYCLIST_INJURED,COUNT_MC_KILLED,COUNT_MC_INJURED,PRIMARY_RAMP,SECONDARY_RAMP,LATITUDE,LONGITUDE,COUNTY,CITY,POINT_X,POINT_Y
9533461,2022,2023-01-26,2406,2022-11-03,1032,129,NORTH,4,5,5,2406,0,0,0,,0,011,"R ST","WEST YOSEMITE AV",270.00,S,N,B,-,N,,,,,,,,,,N,3,0,1,2,A,-,08,22107,,N,D,G,A,A,H,-,A,D,0,,Y,,,Y,,A,01,0,1,0,0,0,0,1,0,0,"- ","- ",,,MERCED,MERCED,-120.486572265625,37.331306457519531
9533462,2022,2023-01-26,2406,2022-11-21,2334,269,1,1,5,5,2406,0,0,0,,0,010,"G ST","NORTH BEAR CREEK DR",0.00,,Y,A,-,N,,,,,,,,,,Y,4,0,1,2,A,-,12,21453,A,N,D,C,A,A,H,-,C,A,0,,,,,Y,,A,01,0,0,1,0,0,0,0,0,0,"- ","- ",,,MERCED,MERCED,-120.46942901611328,37.310047149658203
9533463,2022,2023-01-26,2406,2022-11-23,2036,321,3,3,5,5,2406,0,0,0,,0,031,"GROGAN AV","MCCREADY ST",739.00,W,N,A,-,N,,,,,,,,,,Y,4,0,1,1,A,-,03,22350,,N,E,I,A,A,H,-,C,D,0,,,,,Y,,A,01,0,0,1,0,0,0,0,0,0,"- ","- ",,,MERCED,MERCED,-120.51685333251953,37.291820526123047
9533487,2022,2023-02-03,2406,2022-01-29,1843,260,2,6,5,5,2406,0,0,0,,0,020,"WEST 14TH ST","CANAL ST",0.00,,Y,C,-,N,,,,,,,,,,Y,4,0,1,2,A,-,12,22450,A,N,D,C,A,B,H,-,C,A,0,,,,,Y,,A,01,0,0,1,0,0,0,0,0,0,"- ","- ",,,MERCED,MERCED,-120.48528289794922,37.298007965087891
9533488,2022,2023-02-03,2406,2022-12-12,0248,321,2,1,5,5,2406,0,0,0,,0,021,"WEST 16TH ST","M ST",0.00,,Y,A,-,N,,,,,,,,,,Y,3,0,2,2,A,-,12,21453,A,N,D,C,A,B,H,-,C,A,0,,,,,Y,,A,01,0,1,1,0,0,0,0,0,0,"- ","- ",,,MERCED,MERCED,-120.48542785644531,37.300975799560547
9533489,2022,2023-02-13,2406,2022-12-06,1629,315,NORTH,2,5,5,2406,0,0,0,,0,011,"WEST OLIVE AV","PEPPERWOOD LN",0.00,,Y,A,-,N,,,,,,,,,,N,4,0,1,2,A,-,09,21800,A,N,A,C,A,A,H,-,A,A,0,,,,,Y,,A,01,0,0,1,0,0,0,0,0,0,"- ","- ",,,MERCED,MERCED,-120.48468017578125,37.319328308105469
9533490,2022,2023-02-02,2406,2022-12-03,2014,260,2,6,5,5,2406,0,0,0,,0,020,"WEST 26TH ST","G ST",0.00,,Y,C,-,N,,,,,,,,,,N,3,0,1,2,A,-,11,21453,D,N,G,B,B,B,H,-,C,A,0,Y,,,,Y,,A,01,0,1,0,0,1,0,0,0,0,"- ","- ",,,MERCED,MERCED,-120.47062683105469,37.307628631591797
9533491,2022,2023-02-03,2406,2022-12-01,0730,301,2,4,5,5,2406,0,0,0,,0,020,"EAST CHILDS AV","MEDIEVAL ST",0.00,,Y,B,-,N,,,,,,,,,,Y,3,0,2,2,A,-,09,21802,A,N,D,C,A,A,H,-,A,D,0,,,,,Y,,A,01,0,1,1,0,0,0,0,0,0,"- ","- ",,,MERCED,MERCED,-120.428466796875,37.287799835205078
9533492,2022,2023-02-09,2406,2022-12-02,1012,315,SOUTH,5,5,5,2406,0,0,0,,0,030,"M ST","W 11TH",0.00,,Y,A,-,N,,,,,,,,,,Y,3,0,2,2,A,-,09,21802,A,N,A,C,A,A,H,-,A,D,0,,,,,Y,,A,01,0,2,0,0,0,0,0,0,0,"- ","- ",,,MERCED,MERCED,-120.48845672607422,37.295692443847656
9533493,2022,2023-02-02,2406,2022-12-24,2355,295,1,6,5,5,2406,0,0,0,,0,010,"EAST ALEXANDER AV","OLEANDER AV",0.00,,Y,E,-,N,,,,,,,,,,Y,3,0,1,1,A,-,03,22350,,N,E,I,A,B,H,-,C,A,0,,,,,Y,,A,01,0,1,0,0,0,0,0,0,0,"- ","- ",,,MERCED,MERCED,-120.4620361328125,37.315357208251953
9533494,2022,2023-02-03,2406,2022-12-14,1559,129,CENTR,3,5,5,2406,0,0,0,,0,021,"P ST","WEST 20TH ST",0.00,,Y,A,-,N,,,,,,,,,,Y,4,0,1,3,A,-,12,22450,A,F,D,C,A,A,H,-,A,A,0,,,,,Y,,A,07,0,0,1,0,0,0,0,0,0,"- ","- ",,,MERCED,MERCED,-120.4876708984375,37.306629180908203
9533495,2022,2023-02-03,2406,2022-12-10,0259,308,SOUTH,6,5,5,2406,0,0,0,,0,031,"R ST","WEST 12TH ST",20.00,E,N,A,-,N,,,,,,,,,,Y,3,0,3,3,A,-,12,22450,A,N,D,C,A,A,H,-,C,A,0,,,,,Y,,A,01,0,3,0,0,0,0,0,0,0,"- ","- ",,,MERCED,MERCED,-120.49542236328125,37.299510955810547
9533504,2022,2023-01-30,2401,2022-12-19,0054,739,4,1,5,3,2401,0,0,0,,0,004,"1ST ST","FIR AV",0.00,,Y,B,-,N,,,,,,,,,,Y,4,0,1,2,A,-,01,23152,,M,D,C,A,A,H,-,C,D,0,,,,,Y,Y,A,08,0,0,1,0,0,0,0,0,0,"- ","- ",37.349159240722656,-120.60482025146484,MERCED,ATWATER,-120.60523986816406,37.349136352539062
9533576,2023,2023-02-15,2406,2023-01-13,2146,283,2,5,5,5,2406,0,0,0,,0,020,"WEST 15TH ST","CANAL ST",0.00,,Y,C,-,N,,,,,,,,,,Y,2,0,2,2,A,-,01,23152,A,N,D,C,A,B,H,-,C,A,0,,,,,Y,Y,A,08,1,0,1,0,0,0,0,0,0,"- ","- ",,,MERCED,MERCED,-120.48464965820312,37.299148559570312
9533665,2022,2023-01-31,2406,2022-11-14,1316,279,NORTH,1,5,5,2406,0,0,0,,0,110,"G ST","WEST OLIVE AV",549.00,N,N,A,-,N,,,,,,,,,,Y,4,0,1,2,A,-,09,21801,,N,D,C,A,A,H,-,A,D,0,,,,,Y,,A,01,0,0,1,0,0,0,0,0,0,"- ","- ",,,MERCED,MERCED,-120.46941375732422,37.320045471191406
9533694,2022,2023-01-30,2406,2022-12-14,0902,129,NORTH,3,5,5,2406,0,0,0,,0,011,"BELLEVUE RD","M ST",10.00,W,N,A,-,N,,,,,,,,,,Y,2,0,1,1,C,-,18,,,N,E,I,A,A,H,-,A,A,0,,,,,Y,,-,"- ",1,0,0,0,0,0,0,0,0,"- ","- ",,,MERCED,MERCED,-120.47730255126953,37.361118316650391
9533695,2022,2023-01-31,2406,2022-12-15,1435,283,1,4,5,5,2406,0,0,0,,0,010,"G ST","W NORTH BEAR CREEK DR",0.00,,Y,A,-,N,,,,,,,,,,Y,4,0,1,1,C,-,18,,,N,E,I,A,A,H,-,A,A,0,,,,,Y,,-,"- ",0,0,1,0,0,0,0,0,0,"- ","- ",,,MERCED,MERCED,-120.46942901611328,37.310047149658203
9533924,2022,2023-01-31,2406,2022-12-23,0823,201,1,5,5,5,2406,0,0,0,,0,011,"M ST","LOUGHBOROUGH DR",500.00,N,N,E,-,N,,,,,,,,,,Y,4,0,1,1,A,-,01,23152,A,N,E,J,A,A,H,-,A,D,0,,,,,Y,Y,A,01,0,0,1,0,0,0,0,0,0,"- ","- ",,,MERCED,MERCED,-120.47837066650391,37.324073791503906
9533981,2022,2023-01-31,2406,2022-10-27,1239,315,CENTR,4,5,5,2406,0,0,0,,0,020,"W 23RD","H ST",0.00,,Y,A,-,N,,,,,,,,,,Y,3,0,2,2,D,-,00,,,N,D,C,A,A,H,-,A,D,0,,,,,Y,,-,"- ",0,2,0,0,0,0,0,0,0,"- ","- ",,,MERCED,MERCED,-120.47390747070312,37.305217742919922
9534084,2022,2023-02-08,2406,2022-12-06,1057,315,CENTR,2,5,5,2406,0,0,0,,0,021,"20TH ST","R ST",0.00,,Y,A,-,N,,,,,,,,,,N,4,0,1,2,A,-,12,21453,A,N,D,-,A,A,H,-,A,A,0,,Y,,,Y,,L,04,0,0,1,0,0,0,1,0,0,"- ","- ",,,MERCED,MERCED,-120.49069976806641,37.307735443115234
9534146,2023,2023-03-02,2406,2023-01-01,"310 ",162,2,7,5,5,2406,0,0,0,,0,020,"K ST","WEST 20TH ST",0.00,,Y,B,C,N,,,,,,,,,,Y,2,0,1,3,A,-,01,23152,A,N,D,D,A,B,H,-,C,A,0,,,,,Y,Y,A,01,1,0,0,0,0,0,0,0,0,"- ","- ",,,MERCED,MERCED,-120.48011016845703,37.303882598876953
9534200,2022,2023-01-31,2406,2022-11-25,0917,315,SOUTH,5,5,5,2406,0,0,0,,0,030,"WEST 12TH ST","G ST",0.00,,Y,A,-,N,,,,,,,,,,N,3,0,1,2,D,-,00,,,F,G,B,D,A,H,-,A,D,0,Y,,,,Y,,-,"- ",0,1,0,0,1,0,0,0,0,"- ","- ",,,MERCED,MERCED,-120.47889709472656,37.293380737304688
9534201,2022,2023-01-31,2406,2022-11-18,1730,275,1,5,5,5,2406,0,0,0,,0,010,"PARK AV","COLLEGE GREEN",12.00,E,N,A,-,N,,,,,,,,,,Y,4,0,1,2,A,-,09,21804,B,N,D,C,A,A,H,-,C,D,0,,,,,Y,,A,01,0,0,1,0,0,0,0,0,0,"- ","- ",,,MERCED,MERCED,-120.47303771972656,37.318180084228516
9534213,2022,2023-02-10,2406,2022-10-18,1351,317,221,2,5,5,2406,0,0,0,,0,,"R ST","20 ST",20.00,,N,A,-,N,,,,,,,,,,N,3,0,1,2,A,-,10,21950,A,N,G,B,B,A,H,-,A,A,0,Y,,,,Y,,A,01,0,1,0,0,1,0,0,0,0,"- ","- ",,,MERCED,MERCED,-120.49069976806641,37.307735443115234
9534296,2022,2023-02-13,2406,2022-12-03,1448,322,,6,5,5,2406,0,0,0,,0,011,"EL REDONDO","PACIFIC DR",0.00,,Y,A,-,N,,,,,,,,,,Y,4,0,1,2,A,-,01,23152,A,N,C,C,A,B,H,-,A,D,0,,,,,Y,Y,A,01,0,0,1,0,0,0,0,0,0,"- ","- ",,,MERCED,MERCED,-120.49515533447266,37.335556030273438
9535245,2023,2023-03-07,2401,2023-01-01,"416 ",730,,7,5,3,2401,0,0,0,,0,,"ATWATER BL","CASTLE ST",0.00,,Y,C,-,N,,,,,,,,,,N,4,0,1,1,A,-,07,21658,A,M,E,I,A,B,H,-,C,D,0,,,,,Y,,A,01,0,0,1,0,0,0,0,0,0,"- ","- ",37.326160430908203,-120.52969360351562,MERCED,ATWATER,-120.60218811035156,37.343223571777344
9535322,2022,2023-02-13,2406,2022-11-19,1451,303,2,6,5,5,2406,0,0,0,,0,020,"EAST CHILDS AV","KIBBY RD",0.00,,Y,A,-,N,,,,,,,,,,Y,3,0,2,2,A,-,09,21801,A,N,D,C,A,A,H,-,A,D,0,,,,,Y,,A,01,0,2,0,0,0,0,0,0,0,"- ","- ",,,MERCED,MERCED,-120.41545867919922,37.287883758544922
9535326,2023,2023-03-02,2406,2023-01-13,1944,283,2,5,5,5,2406,0,0,0,,0,020,"CAROL AV","MERCED AV",275.00,S,N,A,-,N,,,,,,,,,,Y,3,0,1,2,A,-,01,23152,A,N,C,E,A,A,H,-,C,D,0,,,,,Y,Y,A,01,0,1,0,0,0,0,0,0,0,"- ","- ",,,MERCED,MERCED,-120.45442962646484,37.290725708007812
9535399,2022,2023-02-07,2406,2022-12-28,1227,283,1,3,5,5,2406,0,0,0,,0,011,"M ST","LEHIGH DR",0.00,,Y,A,-,N,,,,,,,,,,Y,3,0,1,2,A,-,12,21453,A,N,D,C,A,A,H,-,A,A,0,,,,,Y,,D,22,0,1,0,0,0,0,0,0,0,"- ","- ",,,MERCED,MERCED,-120.47830963134766,37.339920043945312
9535449,2022,2023-02-06,2406,2022-12-28,1258,201,NORTH,3,5,5,2406,0,0,0,,0,010,"WEST YOSEMITE AV","G ST",46.00,W,N,A,-,N,,,,,,,,,,Y,3,0,4,2,A,-,09,21453,B,N,C,C,A,A,H,-,A,A,0,,,,,Y,,A,01,0,1,3,0,0,0,0,0,0,"- ","- ",,,MERCED,MERCED,-120.46923828125,37.332118988037109
9535461,2022,2023-02-08,2406,2022-11-25,1935,286,1,5,5,5,2406,0,0,0,,0,010,"R ST","BUENA VISTA DR",0.00,,Y,A,-,N,,,,,,,,,,Y,3,0,2,2,A,-,09,21801,A,N,D,C,A,A,H,-,C,A,0,,,,,Y,,A,01,0,1,1,0,0,0,0,0,0,"- ","- ",,,MERCED,MERCED,-120.48683929443359,37.326366424560547
9535826,2022,2023-02-14,2406,2022-12-18,0930,271,2,7,5,5,2406,0,0,0,,0,021,"WEST 19TH ST","U STREET",0.00,,Y,B,-,N,,,,,,,,,,N,3,0,1,2,A,-,12,22450,A,N,G,B,D,A,H,-,A,A,0,Y,,,,Y,,A,01,0,1,0,0,1,0,0,0,0,"- ","- ",,,MERCED,MERCED,-120.49574279785156,37.308383941650391
9535827,2022,2023-02-13,2406,2022-12-13,1850,309,CENTR,2,5,5,2406,0,0,0,,0,021,"WEST 16TH ST","R ST",140.00,W,N,A,-,N,,,,,,,,,,Y,3,0,2,2,A,-,08,22102,,N,C,C,A,A,H,-,C,D,0,,,,,Y,,A,01,0,2,0,0,0,0,0,0,0,"- ","- ",,,MERCED,MERCED,-120.49343872070312,37.303897857666016
9535828,2022,2023-02-13,2406,2022-12-27,2018,2406,252,2,5,5,2406,0,0,0,,0,002,"EAST CHILDS AV","PARSONS AV",0.00,,Y,B,E,N,,,,,,,,,,Y,3,0,1,3,A,-,12,21453,A,N,D,C,A,B,H,-,C,A,0,,,,,Y,,A,01,0,1,0,0,0,0,0,0,0,"- ","- ",,,MERCED,MERCED,-120.45159912109375,37.287864685058594
9535841,2022,2023-02-14,2404,2022-06-26,1826,X53,,7,5,3,2404,0,0,0,,0,,"OLDS AV","HARVEST AV",40.00,W,N,A,-,N,,,,,,,,,,N,3,0,1,2,A,-,01,23152,F,N,A,C,A,A,H,-,A,D,0,,,,,Y,,A,01,0,1,0,0,0,0,0,0,0,"- ","- ",37.395549774169922,-120.71444702148438,MERCED,LIVINGSTON,-120.71443176269531,37.395519256591797
9535843,2022,2023-02-14,2404,2022-07-07,0641,X58,,4,5,3,2404,0,0,0,,0,,"EMERALD DR","TORQUOISE CT",317.00,S,N,A,-,N,,,,,,,,,,N,3,0,1,1,A,-,07,21658,A,N,E,J,A,A,G,-,A,D,0,,,,,Y,,A,01,0,1,0,0,0,0,0,0,0,"- ","- ",37.37548828125,-120.72795867919922,MERCED,LIVINGSTON,-120.72933197021484,37.377498626708984
9535845,2022,2023-02-14,2404,2022-08-13,2226,X57,,6,5,3,2404,0,0,0,,0,,"WALNUT AV","DWIGHT WY",2.00,E,N,A,-,N,,,,,,,,,,Y,2,0,2,2,A,-,03,22350,,F,C,C,A,A,H,-,C,A,0,,,,,Y,,A,01,1,1,0,0,0,0,0,0,0,"- ","- ",37.389560699462891,-120.70496368408203,MERCED,LIVINGSTON,-120.70496368408203,37.389568328857422
9535848,2022,2023-02-14,2404,2022-09-03,1239,X59,,6,5,3,2404,0,0,0,,0,,"HAMMATT AV","PEACH AV",125.00,S,N,A,-,N,,,,,,,,,,Y,3,0,1,1,A,-,12,22450,A,M,A,I,A,A,H,-,A,A,0,,,,,Y,Y,A,01,0,1,0,0,0,0,0,0,0,"- ","- ",37.375030517578125,-120.71431732177734,MERCED,LIVINGSTON,-120.71433258056641,37.375038146972656
9536235,2022,2023-01-12,2401,2022-11-23,1646,722,4,3,5,3,2401,0,0,0,,0,004,"WINTON WY","ELM AV",0.00,,Y,A,-,N,,,,,,,,,,Y,4,0,1,2,A,-,09,21800,A,N,D,C,A,A,H,-,B,A,0,,,,,Y,,A,01,0,0,1,0,0,0,0,0,0,"- ","- ",37.35137939453125,-120.61367034912109,MERCED,ATWATER,-120.61368560791016,37.351367950439453
9536238,2022,2022-12-27,2401,2022-11-24,1304,722,1,4,5,3,2401,0,0,0,,0,001,"SHAFFER RD","FRUITLAND AV",253.00,S,N,A,-,N,,,,,,,,,,Y,3,0,1,2,A,-,09,21800,A,N,D,C,A,A,H,-,A,D,0,,,,,Y,,D,22,0,1,0,0,0,0,0,0,0,"- ","- ",37.362659454345703,-120.59575653076172,MERCED,ATWATER,-120.59577941894531,37.361965179443359
9537736,2022,2023-02-21,2406,2022-09-16,0301,298,2,5,5,5,2406,0,0,0,,0,020,"G ST","WEST 16TH ST",148.00,N,N,A,-,N,,,,,,,,,,N,3,0,1,2,A,-,09,21804,A,N,A,G,A,A,H,-,D,B,0,,Y,,Y,Y,,L,04,0,1,0,0,0,0,1,0,0,"- ","- ",,,MERCED,MERCED,-120.47618865966797,37.298053741455078
9537740,2022,2023-01-30,2406,2022-11-23,1349,129,NORTH,3,5,5,2406,0,0,0,,0,011,"RT 59","WILLOWBROOK DR",40.00,S,N,A,-,Y,MER,10,59,-,-,15.890,H,-,N,N,4,0,1,2,A,-,03,22350,,F,C,C,A,A,H,-,A,A,0,,,,,Y,,-,99,0,0,1,0,0,0,0,0,0,"- ","- ",,,MERCED,MERCED,-120.50508880615234,37.316078186035156
9537741,2022,2023-01-14,2402,2022-10-29,1702,P23,DOSPA,6,5,2,2402,0,0,0,,0,,"PALO ALTO ST",LEANORD,218.00,E,N,A,-,N,,,,,,,,,,N,3,0,1,2,A,-,09,21801,A,N,D,C,A,A,H,-,A,D,0,,,Y,,Y,,D,22,0,1,0,0,0,0,0,0,1,"- ","- ",,,MERCED,"DOS PALOS",-120.61920928955078,36.983562469482422
9537748,2022,2023-01-24,2406,2022-11-30,0733,129,SOUTH,3,5,5,2406,0,0,0,,0,030,"EAST 11TH ST","G ST",402.00,E,N,A,-,N,,,,,,,,,,N,3,0,1,2,A,-,07,21658,A,N,C,E,A,A,H,-,A,D,0,,,,,Y,,D,22,0,1,0,0,0,0,0,0,0,"- ","- ",,,MERCED,MERCED,-120.47821807861328,37.291938781738281
9537760,2022,2023-01-27,2406,2022-11-26,1722,283,1,6,5,5,2406,0,0,0,,0,010,"SENECA ST","COLLEGE AV",245.00,W,N,A,-,N,,,,,,,,,,N,2,0,1,2,B,-,22,,,N,D,E,A,A,H,-,C,D,0,,,,,Y,,A,01,1,0,0,0,0,0,0,0,0,"- ","- ",,,MERCED,MERCED,-120.46718597412109,37.320228576660156
9538118,2022,2023-01-18,2406,2022-11-10,0906,201,SOUTH,4,5,5,2406,0,0,0,,0,031,"W 5TH ST","P ST",0.00,,Y,A,-,N,,,,,,,,,,Y,4,0,2,2,A,-,09,21800,A,N,D,C,A,A,H,-,A,D,0,,,,,Y,,A,01,0,0,2,0,0,0,0,0,0,"- ","- ",,,MERCED,MERCED,-120.49644470214844,37.291374206542969
9538120,2022,2023-01-18,2406,2022-11-24,1926,295,1,4,5,5,2406,0,0,0,,0,010,"M ST","W OLIVE",129.00,S,N,A,-,N,,,,,,,,,,Y,3,0,1,2,A,-,01,23152,A,N,A,C,A,A,H,-,C,D,0,,,,,Y,Y,A,01,0,1,0,0,0,0,0,0,0,"- ","- ",,,MERCED,MERCED,-120.47846221923828,37.318866729736328
9538121,2022,2023-01-24,2406,2022-11-12,1017,315,CENTR,6,5,5,2406,0,0,0,,0,021,"R ST","WIGTH ST",0.00,,Y,A,-,N,,,,,,,,,,N,2,0,1,2,D,-,00,,,N,D,C,A,A,H,-,A,D,0,,,Y,,Y,,-,"- ",1,0,0,0,0,0,0,0,1,"- ","- ",,,MERCED,MERCED,,
9538122,2022,2023-01-24,2406,2022-11-15,0810,321,1,2,5,5,2406,0,0,0,,0,011,"BARCLAY WY","DURANT WY",0.00,,Y,A,-,N,,,,,,,,,,N,4,0,1,2,A,-,12,22450,A,F,D,G,A,A,H,-,A,D,0,,Y,,,Y,,A,07,0,0,1,0,0,0,1,0,0,"- ","- ",,,MERCED,MERCED,-120.47286224365234,37.359729766845703
9538123,2022,2023-01-24,2406,2022-11-14,0157,322,2,1,5,5,2406,0,0,0,,0,020,"M ST","WEST 20TH ST",0.00,,Y,A,-,N,,,,,,,,,,Y,3,0,1,1,A,-,07,21658,A,N,E,I,A,A,H,-,C,D,0,,,,,Y,,A,01,0,1,0,0,0,0,0,0,0,"- ","- ",,,MERCED,MERCED,-120.48313903808594,37.30499267578125
9538217,2022,2023-01-06,2406,2022-09-14,2111,298,2,3,5,5,2406,0,0,0,,0,020,"EAST 21ST ST","UNION AV",0.00,,Y,A,-,N,,,,,,,,,,N,3,0,1,2,A,-,10,21950,A,F,G,B,D,A,H,-,A,D,0,Y,,,,Y,,A,07,0,1,0,0,1,0,0,0,0,"- ","- ",,,MERCED,MERCED,-120.46050262451172,37.297870635986328
9538367,2022,2023-01-18,2406,2022-10-26,1350,308,SOUTH,3,5,5,2406,0,0,0,,0,031,"WEST CHILDS AV","R ST",372.00,E,N,A,-,N,,,,,,,,,,Y,3,0,7,2,A,-,03,22350,,N,C,C,A,A,H,-,A,D,0,,,,,Y,,A,07,0,1,6,0,0,0,0,0,0,"- ","- ",,,MERCED,MERCED,-120.50070953369141,37.288204193115234
9538593,2022,2023-01-12,2403,2022-06-28,1851,Z22,,2,5,2,2403,0,0,0,,0,,"SOUTH AV","8TH ST",0.00,,Y,-,-,N,,,,,,,,,,Y,2,0,1,2,A,-,03,22350,A,N,-,-,A,-,-,-,-,-,0,,,,,Y,Y,-,,1,0,0,0,0,0,0,0,0,"- ","- ",37.253150939941406,-121.00257110595703,MERCED,GUSTINE,-121.00279998779297,37.253017425537109
9538655,2022,2023-01-10,2403,2022-07-15,0650,P21,,5,5,2,2403,0,0,0,,0,,"1ST AV","4TH ST",20.00,W,N,A,-,N,,,,,,,,,,N,3,0,1,2,-,-,"- ",,,N,G,B,C,A,H,-,A,D,0,Y,,,,Y,,-,"- ",0,1,0,0,1,0,0,0,0,"- ","- ",37.259391784667969,-120.99980163574219,MERCED,GUSTINE,-120.99983215332031,37.260112762451172
9540552,2022,2023-02-03,2401,2022-12-04,0159,730,4,7,5,3,2401,0,0,0,,0,004,"WINTON WY","GROVE AV",166.00,S,N,C,-,N,,,,,,,,,,Y,3,0,1,3,A,-,01,23153,,N,C,E,A,B,H,-,C,D,0,,,,,Y,Y,D,73,0,1,0,0,0,0,0,0,0,"- ","- ",37.352729797363281,-120.61412048339844,MERCED,ATWATER,-120.61375427246094,37.353034973144531
9544318,2022,2023-02-01,2406,2022-12-30,1100,277,1,5,5,5,2406,0,0,0,,0,011,"M ST","LOUGHBOROUGH DR",0.00,,Y,B,-,N,,,,,,,,,,N,3,0,1,2,A,-,11,21956,A,F,G,B,E,B,H,-,A,A,0,Y,,,,Y,,N,60,0,1,0,0,1,0,0,0,0,"- ","- ",,,MERCED,MERCED,-120.4783935546875,37.322704315185547
9544328,2022,2023-02-03,2401,2022-12-05,1500,718,1,1,5,3,2401,0,0,0,,0,001,"1ST ST","JUNIPER AV",0.00,,Y,C,-,N,,,,,,,,,,N,3,0,1,3,A,-,03,22350,,N,C,C,A,B,G,-,A,D,0,,,,,Y,,A,01,0,1,0,0,0,0,0,0,0,"- ","- ",37.352310180664062,-120.6026611328125,MERCED,ATWATER,-120.6026611328125,37.352321624755859
9544329,2022,2023-02-03,2401,2022-12-08,2349,730,2,4,5,3,2401,0,0,0,,0,002,"BUHACH RD","E JUNIPER AV",0.00,,Y,C,-,N,,,,,,,,,,N,3,0,1,1,A,-,07,21658,A,N,E,I,A,B,H,-,C,A,0,,,,,Y,,A,01,0,1,0,0,0,0,0,0,0,"- ","- ",37.347091674804688,-120.57671356201172,MERCED,ATWATER,-120.57685089111328,37.349521636962891
9544330,2022,2023-02-03,2401,2022-12-09,0811,731,7,5,5,3,2401,0,0,0,,0,007,"EAST BELLEVUE RD","GARDENS DR",206.00,W,N,B,-,N,,,,,,,,,,N,4,0,1,2,A,-,03,22350,,N,C,C,A,B,H,-,A,D,0,,,,,Y,,A,01,0,0,1,0,0,0,0,0,0,"- ","- ",37.359710693359375,-120.58438873291016,MERCED,ATWATER,-120.58341979980469,37.360507965087891
9544332,2022,2023-02-03,2401,2022-12-04,1845,738,3,7,5,3,2401,0,0,0,,0,003,"COMMERCE AV","INDUSTRY WY",885.00,E,N,A,-,N,,,,,,,,,,Y,3,0,1,3,A,-,08,22107,,N,B,C,A,A,H,-,C,D,0,,,,,Y,,A,01,0,1,0,0,0,0,0,0,0,"- ","- ",37.339588165283203,-120.60053253173828,MERCED,ATWATER,-120.60007476806641,37.339740753173828
9544568,2022,2023-02-15,2405,2022-08-23,1042,PD133,1,2,5,3,2405,0,0,0,,0,0B3,"RT 152","7TH ST",50.00,W,N,A,-,Y,MER,10,152,-,-,20.580,H,-,E,N,3,0,2,2,A,-,03,22350,,N,C,C,A,A,H,-,A,A,0,,,,,Y,,-,,0,2,0,0,0,0,0,0,0,"- ","- ",37.056888580322266,-120.85057067871094,MERCED,"LOS BANOS",-120.84780883789062,37.056838989257812
9544602,2022,2023-02-07,2405,2022-07-29,1727,PD20,2,5,5,3,2405,0,0,0,,0,0B2,"G ST","8TH ST",178.00,E,N,A,-,N,,,,,,,,,,Y,2,0,1,2,A,-,08,22107,,N,C,E,A,A,H,-,A,D,0,,,,,Y,,D,72,1,0,0,0,0,0,0,0,0,"- ","- ",37.061561584472656,-120.84294891357422,MERCED,"LOS BANOS",-120.84310150146484,37.061435699462891
9544604,2022,2023-02-07,2405,2022-09-28,1615,PD126,3,3,5,3,2405,0,0,0,,0,0B3,"HASTINGS DR","COLLEGE GREENS",39.00,S,N,A,-,N,,,,,,,,,,Y,3,0,1,2,A,-,08,22107,,N,C,E,A,A,H,-,A,A,0,,,,,Y,,A,01,0,1,0,0,0,0,0,0,0,"- ","- ",37.047550201416016,-120.82971954345703,MERCED,"LOS BANOS",-120.82944488525391,37.047611236572266
9544624,2022,2023-02-07,2405,2022-09-16,1232,PD20,2,5,5,3,2405,0,0,0,,0,0B2,"H ST","PACHECO BL",390.00,N,N,A,-,N,,,,,,,,,,N,4,0,1,2,A,-,03,22350,,F,C,C,A,A,H,-,A,D,0,,,,,Y,,A,01,0,0,1,0,0,0,0,0,0,"- ","- ",37.056911468505859,-120.83892059326172,MERCED,"LOS BANOS",-120.83892822265625,37.058006286621094
9544628,2022,2023-02-07,2405,2022-09-13,0752,PD133,2,2,5,3,2405,0,0,0,,0,0B2,"EAST B ST","N SANTA ANA ST",0.00,,Y,A,-,N,,,,,,,,,,N,4,0,1,2,A,-,09,21804,A,N,D,C,A,A,H,-,A,A,0,,,,,Y,,D,72,0,0,1,0,0,0,0,0,0,"- ","- ",37.066818237304688,-120.83815765380859,MERCED,"LOS BANOS",-120.83808898925781,37.06683349609375