CASE_ID,ACCIDENT_YEAR,PROC_DATE,JURIS,COLLISION_DATE,COLLISION_TIME,OFFICER_ID,REPORTING_DISTRICT,DAY_OF_WEEK,CHP_SHIFT,POPULATION,CNTY_CITY_LOC,SPECIAL_COND,BEAT_TYPE,CHP_BEAT_TYPE,CITY_DIVISION_LAPD,CHP_BEAT_CLASS,BEAT_NUMBER,PRIMARY_RD,SECONDARY_RD,DISTANCE,DIRECTION,INTERSECTION,WEATHER_1,WEATHER_2,STATE_HWY_IND,CALTRANS_COUNTY,CALTRANS_DISTRICT,STATE_ROUTE,ROUTE_SUFFIX,POSTMILE_PREFIX,POSTMILE,LOCATION_TYPE,RAMP_INTERSECTION,SIDE_OF_HWY,TOW_AWAY,COLLISION_SEVERITY,NUMBER_KILLED,NUMBER_INJURED,PARTY_COUNT,PRIMARY_COLL_FACTOR,PCF_CODE_OF_VIOL,PCF_VIOL_CATEGORY,PCF_VIOLATION,PCF_VIOL_SUBSECTION,HIT_AND_RUN,TYPE_OF_COLLISION,MVIW,PED_ACTION,ROAD_SURFACE,ROAD_COND_1,ROAD_COND_2,LIGHTING,CONTROL_DEVICE,CHP_ROAD_TYPE,PEDESTRIAN_ACCIDENT,BICYCLE_ACCIDENT,MOTORCYCLE_ACCIDENT,TRUCK_ACCIDENT,NOT_PRIVATE_PROPERTY,ALCOHOL_INVOLVED,STWD_VEHTYPE_AT_FAULT,CHP_VEHTYPE_AT_FAULT,COUNT_SEVERE_INJ,COUNT_VISIBLE_INJ,COUNT_COMPLAINT_PAIN,COUNT_PED_KILLED,COUNT_PED_INJURED,COUNT_BICYCLIST_KILLED,COUNT_BICYCLIST_INJURED,COUNT_MC_KILLED,COUNT_MC_INJURED,PRIMARY_RAMP,SECONDARY_RAMP,LATITUDE,LONGITUDE,COUNTY,CITY,POINT_X,POINT_Y
9578187,2023,2023-05-09,2406,2023-03-30,1848,317,3,4,5,5,2406,0,0,0,,0,030,"MARTIN LUTHER KING JR WY","13TH ST",0.00,,Y,A,-,N,,,,,,,,,,N,3,0,1,2,A,-,12,21453,A,N,G,G,A,A,H,-,A,A,0,,Y,,,Y,,L,04,0,1,0,0,0,0,1,0,0,"- ","- ",,,MERCED,MERCED,-120.48281860351562,37.296035766601562
9578190,2023,2023-05-09,2406,2023-03-18,"151 ",302,1,6,5,5,2406,0,0,0,,0,011,"FREEMARK DR","PHELPS DR",500.00,S,N,A,-,N,,,,,,,,,,Y,2,0,1,3,A,-,08,22107,,F,D,C,A,A,H,-,C,A,0,,,,,Y,,A,01,1,0,0,0,0,0,0,0,0,"- ","- ",,,MERCED,MERCED,-120.48262023925781,37.344169616699219
9579537,2023,2023-05-20,2406,2023-05-02,2101,312,CENTR,2,5,5,2406,0,0,0,,0,020,"G ST","WEST 15TH ST",0.00,,Y,A,-,N,,,,,,,,,,Y,3,0,1,3,A,-,12,22450,A,F,D,C,A,A,H,-,C,A,0,,,,,Y,,A,01,0,1,0,0,0,0,0,0,0,"- ","- ",,,MERCED,MERCED,-120.47718048095703,37.296379089355469
9580069,2023,2023-06-14,2406,2023-05-24,"628 ",325,NORTH,3,5,5,2406,0,0,0,,0,010,"EAST OLIVE AV","PARSONS AV",0.00,,Y,A,-,N,,,,,,,,,,Y,3,0,1,1,A,-,08,22107,,N,E,I,A,A,H,-,A,A,0,,,,,Y,,A,01,0,1,0,0,0,0,0,0,0,"- ","- ",,,MERCED,MERCED,-120.45117950439453,37.3184814453125
9580070,2023,2023-06-19,2406,2023-05-16,"36  ",222,1,2,5,5,2406,0,0,0,,0,010,"G ST","E N BEAR CREEK DR",0.00,,Y,A,-,N,,,,,,,,,,N,3,0,1,2,D,-,00,,,F,G,B,E,A,H,-,C,A,0,Y,,,,Y,,-,"- ",0,1,0,0,1,0,0,0,0,"- ","- ",,,MERCED,MERCED,-120.46942901611328,37.310047149658203
9580071,2023,2023-06-14,2406,2023-05-16,"724 ",265,3,2,5,5,2406,0,0,0,,0,031,"S T ST","HOME AV",60.00,N,N,A,-,N,,,,,,,,,,Y,3,0,3,2,A,-,08,22107,,N,A,E,A,A,H,-,A,A,0,,,,,Y,,A,07,0,1,2,0,0,0,0,0,0,"- ","- ",,,MERCED,MERCED,-120.50508880615234,37.287155151367188
9580072,2023,2023-06-14,2406,2023-05-17,1735,283,1,3,5,5,2406,0,0,0,,0,011,"LOUGHBOROUGH DR","M ST",460.00,W,N,A,-,N,,,,,,,,,,N,2,0,1,2,A,-,10,21952,,F,G,B,F,A,H,-,A,D,0,Y,,,,Y,,A,07,1,0,0,0,1,0,0,0,0,"- ","- ",,,MERCED,MERCED,-120.47996520996094,37.322761535644531
9580073,2023,2023-06-14,2406,2023-05-10,1809,283,1,3,5,5,2406,0,0,0,,0,011,"MEADOWS AV","OLIVEWOOD DR",0.00,,Y,A,-,N,,,,,,,,,,N,4,0,1,2,A,-,10,21950,A,N,G,B,B,A,H,-,A,A,0,Y,,,,Y,,A,07,0,0,1,0,1,0,0,0,0,"- ","- ",,,MERCED,MERCED,-120.49057006835938,37.318347930908203
9580366,2023,2023-06-19,2406,2023-05-14,"933 ",183,1,7,5,5,2406,0,0,0,,0,010,"G ST","WEST YOSEMITE AV",0.00,,Y,A,-,N,,,,,,,,,,N,3,0,1,2,A,-,12,21453,A,F,D,G,A,A,H,-,A,A,0,,Y,,,Y,,A,01,0,1,0,0,0,0,1,0,0,"- ","- ",,,MERCED,MERCED,-120.46907806396484,37.332115173339844
9580367,2023,2023-06-19,2406,2023-05-19,2302,321,2,5,5,5,2406,0,0,0,,0,020,"DINKEY CREEK AV","SWEET WATER CT",41.00,E,N,A,-,N,,,,,,,,,,N,3,0,1,2,C,-,18,,,N,C,E,A,A,H,-,C,D,0,,,,,Y,,-,"- ",0,1,0,0,0,0,0,0,0,"- ","- ",,,MERCED,MERCED,-120.44967651367188,37.284980773925781
9580613,2023,2023-06-09,2406,2023-05-06,1157,183,3,6,5,5,2406,0,0,0,,0,030,"K ST","WEST 11TH ST",180.00,S,N,A,-,N,,,,,,,,,,Y,4,0,1,3,A,-,08,22107,,F,C,E,E,A,H,-,A,D,0,Y,,,,Y,,A,01,0,0,1,0,1,0,0,0,0,"- ","- ",,,MERCED,MERCED,-120.48571014404297,37.294120788574219
9580617,2023,2023-06-21,2406,2023-05-16,1449,328,2,2,5,5,2406,0,0,0,,0,020,"RT 140","TOWER RD",1300.00,,N,A,-,Y,MER,10,140,-,-,39.450,H,-,E,Y,3,0,1,1,C,-,18,,,N,F,A,A,A,H,-,A,D,0,,,,,Y,,-,"- ",0,1,0,0,0,0,0,0,0,"- ","- ",,,MERCED,MERCED,-120.40183258056641,37.295368194580078
9580622,2023,2023-06-09,2406,2023-05-27,1850,283,1,6,5,5,2406,0,0,0,,0,010,"G ST","WEST OLIVE AV",0.00,,Y,A,-,N,,,,,,,,,,Y,2,0,3,3,A,-,12,21453,A,N,D,C,A,A,H,-,A,A,0,,,,,Y,,A,07,1,0,2,0,0,0,0,0,0,"- ","- ",,,MERCED,MERCED,-120.46944427490234,37.318534851074219
9582779,2023,2023-06-15,2402,2023-04-30,"447 ",P24,,7,5,2,2402,0,0,0,,0,,"ALLEYNE AV","ALMOND ST",181.00,S,N,A,-,N,,,,,,,,,,Y,3,0,1,4,A,-,01,23152,,M,G,J,A,A,H,-,D,D,0,,,,,Y,,A,01,0,1,0,0,0,0,0,0,0,"- ","- ",,,MERCED,"DOS PALOS",-120.63508605957031,36.984371185302734
9583308,2023,2023-07-25,2406,2023-06-21,1452,325,,3,5,5,2406,0,0,0,,0,221,"M ST","WEST 11TH ST",0.00,,Y,A,-,N,,,,,,,,,,N,3,0,2,2,A,-,09,21802,A,F,D,C,A,A,H,-,A,A,0,,,,,Y,,A,01,0,2,0,0,0,0,0,0,0,"- ","- ",,,MERCED,MERCED,-120.48845672607422,37.295692443847656
9583309,2023,2023-07-25,2406,2023-06-14,2218,325,,3,5,5,2406,0,0,0,,0,220,"E YOSEMITE PKWY","EDWARDS AV",168.00,E,N,A,-,N,,,,,,,,,,Y,3,0,1,4,A,-,08,22107,,N,A,E,A,A,H,-,C,D,0,,,,,Y,,A,01,0,1,0,0,0,0,0,0,0,"- ","- ",,,MERCED,MERCED,-120.44959259033203,37.295188903808594
9583713,2023,2023-08-02,2406,2023-05-21,2231,315,SOUTH,7,5,5,2406,0,0,0,,0,030,"MLK JR WY","WEST CHILDS AV",6.00,,N,A,-,Y,MER,10,59,-,-,14.170,H,-,S,N,3,0,1,2,A,-,03,22350,,F,C,C,A,A,H,-,C,A,0,,,,,Y,,A,01,0,1,0,0,0,0,0,0,0,"- ","- ",,,MERCED,MERCED,-120.48719787597656,37.288772583007812
9583745,2023,2023-08-01,2401,2023-06-10,1850,726,1,6,5,3,2401,0,0,0,,0,001,"WEST BELLEVUE RD","WINTON WY",0.00,,Y,A,-,N,,,,,,,,,,N,4,0,1,3,A,-,00,23104,A,N,A,C,A,A,H,-,A,A,0,,,,,Y,,A,01,0,0,1,0,0,0,0,0,0,"- ","- ",37.360458374023438,-120.61389923095703,MERCED,ATWATER,-120.61387634277344,37.360420227050781
9586296,2022,2023-05-22,2403,2022-10-31,0824,A12,,1,5,2,2403,0,0,0,,0,,"6TH AV","GROVE AV",27.00,N,N,A,-,N,,,,,,,,,,Y,3,0,7,2,A,-,09,21802,A,N,H,C,A,A,H,-,A,D,0,,,,,Y,,A,07,0,7,0,0,0,0,0,0,0,"- ","- ",37.253490447998047,-120.99864959716797,MERCED,GUSTINE,-120.99857330322266,37.253513336181641
9586308,2022,2023-05-22,2406,2022-10-15,2200,Z15,,6,5,5,2406,0,0,0,,0,,"INGOMAR RD","BUNKER RD",600.00,S,N,A,-,N,,,,,,,,,,N,3,0,1,1,A,-,08,22107,,N,E,J,A,A,H,-,C,D,0,,,,,Y,Y,A,01,0,1,0,0,0,0,0,0,0,"- ","- ",,,MERCED,MERCED,-120.96804046630859,37.171394348144531
9586316,2022,2023-06-01,2403,2022-12-28,1209,Z13,,3,5,2,2403,0,0,0,,0,,"RT 140","EAST AV",0.00,,Y,A,-,Y,MER,10,140,-,-,6.350,I,5,W,Y,3,0,1,2,A,-,09,21800,,N,D,C,A,A,H,-,A,D,0,,,,,Y,,D,22,0,1,0,0,0,0,0,0,0,"- ","- ",37.260208129882812,-121.00124359130859,MERCED,GUSTINE,-120.99430847167969,37.260242462158203
9587240,2023,2023-08-23,2405,2023-01-15,"751 ",PD20,3,7,5,3,2405,0,0,0,,0,0B3,"AMABILE DR","MIANO CT",62.00,E,N,B,-,N,,,,,,,,,,Y,4,0,1,3,A,-,01,23152,A,N,A,E,A,B,H,-,A,D,0,,,,,Y,Y,A,01,0,0,1,0,0,0,0,0,0,"- ","- ",37.045139312744141,-120.85130310058594,MERCED,"LOS BANOS",,
9587467,2023,2023-06-08,2406,2023-05-13,1923,302,1,6,5,5,2406,0,0,0,,0,021,"WEST MAIN ST","Q ST",0.00,,Y,A,-,N,,,,,,,,,,Y,2,0,1,2,A,-,01,23152,A,N,C,G,A,A,H,-,A,A,0,,Y,,,Y,Y,D,22,1,0,0,0,0,0,1,0,0,"- ","- ",,,MERCED,MERCED,-120.49090576171875,37.30419921875
9587471,2023,2023-06-14,2406,2023-05-08,1056,129,NORTH,1,5,5,2406,0,0,0,,0,00K,"W NORTH BEAR CREEK","PARK PL",0.00,,Y,A,-,N,,,,,,,,,,Y,4,0,1,2,A,-,08,22107,,N,D,C,A,A,H,-,A,D,0,,,,,Y,,A,01,0,0,1,0,0,0,0,0,0,"- ","- ",,,MERCED,MERCED,-120.47194671630859,37.311569213867188
9587491,2023,2023-06-08,2406,2023-05-03,"918 ",250,1,3,5,5,2406,0,0,0,,0,011,"BUENA VISTA DR","SARASOTA AV",288.00,E,N,A,-,N,,,,,,,,,,Y,2,0,1,1,C,-,18,,,N,E,I,A,A,H,-,A,D,0,,,,,Y,,-,"- ",1,0,0,0,0,0,0,0,0,"- ","- ",,,MERCED,MERCED,-120.50113677978516,37.326301574707031
9587503,2023,2023-06-19,2406,2023-04-29,1327,183,1,6,5,5,2406,0,0,0,,0,011,"RT 59","WEST OLIVE AV",0.00,,Y,A,-,Y,MER,10,59,-,-,16.100,I,5,S,Y,2,0,2,3,A,-,11,21456,B,N,G,B,B,A,H,-,A,A,0,Y,,Y,,Y,,N,60,1,1,0,0,1,0,0,0,1,"- ","- ",,,MERCED,MERCED,-120.50492858886719,37.319091796875
9587693,2023,2023-06-08,2406,2023-05-10,2109,283,2,3,5,5,2406,0,0,0,,0,020,"G ST","EAST 23RD ST",120.00,S,N,A,-,N,,,,,,,,,,Y,2,0,1,3,A,-,01,23152,A,N,B,C,A,A,H,-,C,D,0,,,,,Y,Y,A,01,1,0,0,0,0,0,0,0,0,"- ","- ",,,MERCED,MERCED,-120.47261810302734,37.304336547851562
9587710,2023,2023-06-16,2406,2023-05-08,2156,325,NORTH,1,5,5,2406,0,0,0,,0,111,"MEADOWS AV","WEST OLIVE AV",9.00,W,N,A,-,N,,,,,,,,,,N,3,0,1,2,A,-,09,21801,A,N,A,G,A,A,H,-,C,A,0,,Y,,,Y,,A,01,0,1,0,0,0,0,1,0,0,"- ","- ",,,MERCED,MERCED,-120.49043273925781,37.319259643554688
9587711,2023,2023-06-16,2406,2023-05-16,2022,315,SOUTH,2,5,5,2406,0,0,0,,0,031,"WEST 8TH ST","V ST",0.00,,Y,A,-,N,,,,,,,,,,Y,3,0,1,3,A,-,01,23152,A,F,A,C,A,A,H,-,A,D,0,,,,,Y,Y,A,01,0,1,0,0,0,0,0,0,0,"- ","- ",,,MERCED,MERCED,-120.50373840332031,37.297657012939453
9587794,2023,2023-06-09,2406,2023-04-30,1613,183,2,7,5,5,2406,0,0,0,,0,020,"E GERARD AV","BRIMMER RD",315.00,E,N,A,-,N,,,,,,,,,,Y,2,0,1,2,A,-,08,22107,,N,D,C,A,A,H,-,A,D,0,,,Y,,Y,,A,01,1,0,0,0,0,0,0,0,1,"- ","- ",,,MERCED,MERCED,-120.44305419921875,37.280529022216797
9587842,2023,2023-06-09,2406,2023-04-22,"200 ",309,CENTR,6,5,5,2406,0,0,0,,0,020,"M ST","W NORTH BEAR CREEK DR",175.00,S,N,A,-,N,,,,,,,,,,Y,3,0,1,1,A,-,01,23152,A,N,E,I,A,A,H,-,C,D,0,,,,,Y,Y,A,01,0,1,0,0,0,0,0,0,0,"- ","- ",,,MERCED,MERCED,-120.47871398925781,37.312969207763672
9588402,2023,2023-06-29,2401,2023-04-23,2130,723,2,7,5,3,2401,0,0,0,,0,002,"CAMELLIA DR","SHAFFER RD",0.00,,Y,A,-,N,,,,,,,,,,Y,3,0,1,2,A,-,01,23152,,N,D,C,A,A,H,-,C,D,0,,,,,Y,Y,A,01,0,1,0,0,0,0,0,0,0,"- ","- ",,,MERCED,ATWATER,-120.59559631347656,37.371349334716797
9588406,2023,2023-07-11,2401,2023-04-22,2000,726,1,6,5,3,2401,0,0,0,,0,001,"EAST BELLEVUE RD",SHAFFER,16.00,W,N,A,-,N,,,,,,,,,,N,4,0,3,2,A,-,01,23152,A,N,A,C,A,A,H,-,C,A,0,,,,,Y,Y,D,22,0,0,3,0,0,0,0,0,0,"- ","- ",37.359870910644531,-120.59539794921875,MERCED,ATWATER,-120.59586334228516,37.360458374023438
9588469,2023,2023-06-29,2401,2023-04-19,1305,719,2,3,5,3,2401,0,0,0,,0,002,"BELLEVUE RD","SHAFFER RD",0.00,,Y,A,-,N,,,,,,,,,,N,2,0,1,2,A,-,11,21950,B,N,G,B,B,A,H,-,A,A,0,Y,,,,Y,,D,82,1,0,0,0,1,0,0,0,0,"- ","- ",37.360980987548828,-120.59548187255859,MERCED,ATWATER,-120.59580993652344,37.360458374023438
9588477,2023,2023-06-29,2401,2023-04-25,1630,738,1,2,5,3,2401,0,0,0,,0,001,"JUNIPER AV","1ST ST",0.00,,Y,A,-,N,,,,,,,,,,N,3,0,1,2,A,-,09,21802,A,N,D,C,A,A,H,-,A,A,0,,,,,Y,,A,01,0,1,0,0,0,0,0,0,0,"- ","- ",37.352310180664062,-120.6026611328125,MERCED,ATWATER,-120.6026611328125,37.352321624755859
9588507,2023,2023-06-09,2406,2023-04-28,2024,295,2,5,5,5,2406,0,0,0,,0,020,"G ST","26TH ST",273.00,S,N,A,-,N,,,,,,,,,,Y,4,0,1,3,A,-,01,23152,A,N,C,C,A,A,H,-,D,A,0,,,,,Y,Y,-,,0,0,1,0,0,0,0,0,0,"- ","- ",,,MERCED,MERCED,-120.47104644775391,37.306957244873047
9588555,2023,2023-06-12,2403,2023-01-08,2313,Z26,,7,5,2,2403,0,0,0,,0,,"5TH ST","6TH AV",38.00,N,N,C,-,N,,,,,,,,,,Y,2,0,2,1,A,-,08,22107,,N,E,J,A,B,H,-,C,D,0,,,,,Y,Y,A,01,1,1,0,0,0,0,0,0,0,"- ","- ",37.253799438476562,-120.99836730957031,MERCED,GUSTINE,-120.99869537353516,37.253589630126953
9589265,2023,2023-06-19,2406,2023-05-27,2239,283,2,6,5,5,2406,0,0,0,,0,020,"G ST","WEST 15TH ST",0.00,,Y,A,-,N,,,,,,,,,,N,2,0,1,2,A,-,08,22107,,F,H,G,A,A,H,-,C,D,0,,Y,,,Y,,D,22,1,0,0,0,0,0,1,0,0,"- ","- ",,,MERCED,MERCED,-120.47718048095703,37.296379089355469
9589271,2023,2023-06-30,2401,2023-05-03,"751 ",735,3,3,5,3,2401,0,0,0,,0,003,"E JUNIPER AV","VALLEY ST",13.00,W,N,A,-,N,,,,,,,,,,Y,3,0,1,2,A,-,09,21801,,N,D,C,A,A,H,-,A,D,0,,,,,Y,,D,22,0,1,0,0,0,0,0,0,0,"- ","- ",37.349811553955078,-120.58666229248047,MERCED,ATWATER,-120.58670806884766,37.349761962890625
9589531,2023,2023-07-13,2406,2023-05-24,2126,283,2,3,5,5,2406,0,0,0,,0,020,"G ST","E S BEAR CREEK DR",0.00,,Y,A,-,N,,,,,,,,,,N,3,0,1,2,A,-,05,21650,,N,A,-,A,A,H,-,C,D,0,,Y,,,Y,,L,04,0,1,0,0,0,0,1,0,0,"- ","- ",,,MERCED,MERCED,-120.46942901611328,37.310047149658203
9590432,2023,2023-06-29,2406,2023-04-20,1715,300,3,4,5,5,2406,0,0,0,,0,031,"WEST 11TH ST","O ST",0.00,,Y,A,-,N,,,,,,,,,,N,4,0,4,2,A,-,09,21802,A,N,D,C,A,A,H,-,A,A,0,,,,,Y,,A,01,0,0,4,0,0,0,0,0,0,"- ","- ",,,MERCED,MERCED,-120.49153900146484,37.296802520751953
9590496,2023,2023-06-30,2401,2023-04-07,1033,100,3,5,5,3,2401,0,0,0,,0,003,"BUSINESS PARK WY","INDUSTRY WY",672.00,E,N,A,-,N,,,,,,,,,,N,4,0,2,2,D,-,00,,,M,B,E,A,A,H,-,A,D,0,,,,,Y,,-,"- ",0,0,2,0,0,0,0,0,0,"- ","- ",37.335220336914062,-120.60286712646484,MERCED,ATWATER,-120.60350799560547,37.335330963134766
9590502,2023,2023-06-30,2401,2023-04-23,1450,740,2,7,5,3,2401,0,0,0,,0,002,"GARDEN DR","PEACH DR",0.00,,Y,A,-,N,,,,,,,,,,N,4,0,1,2,A,-,08,22107,,M,B,E,A,A,H,-,A,D,0,,,,,Y,,A,01,0,0,1,0,0,0,0,0,0,"- ","- ",37.356349945068359,-120.58245849609375,MERCED,ATWATER,-120.582763671875,37.356479644775391
9590869,2023,2023-07-06,2406,2023-05-31,2211,283,2,3,5,5,2406,0,0,0,,0,021,"R ST","WEST 25TH ST",0.00,,Y,A,-,N,,,,,,,,,,N,4,0,2,2,A,-,09,21802,,F,D,C,A,A,H,-,C,A,0,,,,,Y,,A,07,0,0,2,0,0,0,0,0,0,"- ","- ",,,MERCED,MERCED,-120.48780822753906,37.312747955322266
9590870,2023,2023-07-06,2406,2023-05-25,2316,302,2,4,5,5,2406,0,0,0,,0,020,"S COFFEE ST","E MISSION AV",0.00,,Y,A,-,N,,,,,,,,,,Y,3,0,2,2,A,-,12,22450,A,N,D,C,A,A,H,-,C,A,0,,,,,Y,,D,22,0,1,1,0,0,0,0,0,0,"- ","- ",,,MERCED,MERCED,-120.43349456787109,37.273212432861328
9590871,2023,2023-07-06,2406,2023-05-20,1350,183,2,6,5,5,2406,0,0,0,,0,020,"WEST 16TH ST","G ST",215.00,W,N,A,-,N,,,,,,,,,,Y,3,0,1,2,A,-,09,21804,A,N,D,C,A,A,H,-,A,D,0,,,Y,,Y,,A,01,0,1,0,0,0,0,0,0,1,"- ","- ",,,MERCED,MERCED,-120.47706604003906,37.297920227050781
9591402,2023,2023-08-09,2406,2023-07-08,1357,327,2,6,5,5,2406,0,0,0,,0,021,"W N BEAR CREEK DR","CREEKSIDE DR",155.00,N,N,A,-,N,,,,,,,,,,Y,3,0,2,1,A,-,08,22107,,N,E,I,A,A,H,-,A,D,0,,,,,Y,,D,22,0,2,0,0,0,0,0,0,0,"- ","- ",,,MERCED,MERCED,-120.49883270263672,37.312915802001953
9591451,2023,2023-06-30,2401,2023-04-04,1354,735,3,2,5,3,2401,0,0,0,,0,003,"FAIRWAY DR","NICKLAUS CT",36.00,S,N,A,-,N,,,,,,,,,,N,2,0,1,2,A,-,03,22350,,N,C,C,A,A,H,-,A,D,0,,,Y,,Y,,C,02,1,0,0,0,0,0,0,0,1,"- ","- ",37.346988677978516,-120.58544158935547,MERCED,ATWATER,-120.58405303955078,37.339908599853516
9591452,2023,2023-06-30,2401,2023-04-24,2145,729,4,1,5,3,2401,0,0,0,,0,004,"APPLEGATE RD","COMMERCE AV",0.00,,Y,A,-,N,,,,,,,,,,N,2,0,1,2,A,-,10,21950,A,M,G,B,B,A,H,-,C,A,0,Y,,,,Y,,A,01,1,0,0,0,1,0,0,0,0,"- ","- ",37.342918395996094,-120.61415100097656,MERCED,ATWATER,-120.61428070068359,37.342853546142578
9591679,2023,2023-07-18,2406,2023-04-10,1239,129,NORTH,1,5,5,2406,0,0,0,,0,0ID,"E DONNA DR","JOERG AV",0.00,,Y,A,-,N,,,,,,,,,,Y,4,0,2,2,A,-,12,22450,A,N,D,C,A,A,H,-,A,A,0,,,,,Y,,A,07,0,0,2,0,0,0,0,0,0,"- ","- ",,,MERCED,MERCED,-120.45623779296875,37.328517913818359
9592185,2023,2023-06-21,2401,2023-05-04,"830 ",727,,4,5,3,2401,0,0,0,,0,002,"AV 2","EL RODEBAUGH WY",0.00,,Y,A,-,N,,,,,,,,,,N,3,0,2,2,A,-,09,21801,A,N,D,C,A,B,H,-,A,D,0,,,,,Y,,A,01,0,1,1,0,0,0,0,0,0,"- ","- ",37.341228485107422,-120.61136627197266,MERCED,ATWATER,-120.56869506835938,37.34954833984375
9592186,2023,2023-06-21,2401,2023-05-02,1508,738,4,2,5,3,2401,0,0,0,,0,004,"HERMAN ST","HELLER AV",75.00,N,N,B,-,N,,,,,,,,,,N,4,0,1,2,A,-,11,21950,B,N,G,B,D,B,H,-,A,B,0,Y,,,,Y,,N,60,0,0,1,0,1,0,0,0,0,"- ","- ",37.353141784667969,-120.61813354492188,MERCED,ATWATER,-120.61849212646484,37.352947235107422
9592187,2023,2023-06-21,2401,2023-05-09,1702,740,4,2,5,3,2401,0,0,0,,0,004,"ATWATER BL","MAPLE ST",56.00,W,N,A,-,N,,,,,,,,,,N,2,0,1,2,A,-,08,22107,,N,H,G,A,A,H,-,A,A,0,,Y,,,Y,,L,04,1,0,0,0,0,0,1,0,0,"- ","- ",37.348598480224609,-120.61734008789062,MERCED,ATWATER,-120.61627197265625,37.348365783691406
9592188,2023,2023-06-23,2401,2023-05-11,1954,737,1,4,5,3,2401,0,0,0,,0,001,"WINTON WY","EAST BELLEVUE RD",55.00,W,N,A,-,N,,,,,,,,,,N,3,0,2,2,A,-,01,23153,,N,A,C,A,A,H,-,A,A,0,,,,,Y,,A,07,0,2,0,0,0,0,0,0,0,"- ","- ",37.360458374023438,-120.61389923095703,MERCED,ATWATER,-120.61387634277344,37.360420227050781
9592393,2023,2023-08-03,2401,2023-05-26,"825 ",727,3,5,5,3,2401,0,0,0,,0,003,"E JUNIPER","VALLEY ST",0.00,,Y,A,-,N,,,,,,,,,,N,3,0,1,2,A,-,09,21801,A,N,D,C,A,A,H,-,A,D,0,,,Y,,Y,,A,01,0,1,0,0,0,0,0,0,1,"- ","- ",37.349811553955078,-120.58666229248047,MERCED,ATWATER,-120.58666229248047,37.349758148193359
9592394,2023,2023-08-03,2401,2023-05-25,1502,741,1,4,5,3,2401,0,0,0,,0,001,"JUNIPER AV","6TH ST",0.00,,Y,A,-,N,,,,,,,,,,Y,3,0,4,2,A,-,08,22107,,N,A,C,A,A,H,-,A,A,0,,,,,Y,,A,01,0,1,3,0,0,0,0,0,0,"- ","- ",37.354011535644531,-120.60655975341797,MERCED,ATWATER,-120.60819244384766,37.354427337646484
9592514,2023,2023-07-05,2406,2023-06-09,2219,321,2,5,5,5,2406,0,0,0,,0,020,"WEST 15TH ST","MARTIN LUTHER KING JR WY",0.00,,Y,A,-,N,,,,,,,,,,N,3,0,1,2,A,-,09,21801,A,N,D,C,A,A,H,-,C,A,0,,,,,Y,,D,22,0,1,0,0,0,0,0,0,0,"- ","- ",,,MERCED,MERCED,-120.48170471191406,37.298080444335938
9592538,2023,2023-07-13,2406,2023-06-08,1826,283,3,4,5,5,2406,0,0,0,,0,302,"MLK JR WY","WEST 11TH ST",0.00,,Y,A,-,Y,MER,10,59,-,-,14.580,I,5,S,Y,4,0,1,3,A,-,09,21802,A,N,D,C,A,A,H,-,A,A,0,,,,,Y,,A,01,0,0,1,0,0,0,0,0,0,"- ","- ",,,MERCED,MERCED,-120.48403930664062,37.294048309326172
9592546,2023,2023-07-06,2406,2023-06-03,1608,283,2,6,5,5,2406,0,0,0,,0,020,"CAMPUS PKWY","E GERARD AV",1500.00,S,N,A,-,N,,,,,,,,,,Y,2,0,1,1,A,-,03,22350,,N,E,I,A,A,H,-,A,D,0,,,,,Y,,E,22,1,0,0,0,0,0,0,0,0,"- ","- ",,,MERCED,MERCED,-120.42519378662109,37.276710510253906
9592917,2023,2023-07-05,2406,2023-05-28,1013,183,2,7,5,5,2406,0,0,0,,0,020,"EAST 16TH ST","D ST",131.00,W,N,A,-,N,,,,,,,,,,Y,2,0,1,1,C,-,18,,,N,E,I,A,A,H,-,A,D,0,,,,,Y,,-,"- ",1,0,0,0,0,0,0,0,0,"- ","- ",,,MERCED,MERCED,-120.47178649902344,37.2955322265625
9592958,2023,2023-07-20,2406,2023-06-22,"955 ",129,CENTR,4,5,5,2406,0,0,0,,0,020,"WEST 16TH ST","G ST",84.00,W,N,A,-,N,,,,,,,,,,Y,4,0,1,3,A,-,03,22350,,N,C,C,A,A,H,-,A,A,0,,,,,Y,,M,47,0,0,1,0,0,0,0,0,0,"- ","- ",,,MERCED,MERCED,-120.47665405273438,37.297775268554688
9594261,2023,2023-07-03,2406,2023-06-22,1702,325,2,4,5,5,2406,0,0,0,,0,021,"R ST","WEST 22ND ST",0.00,E,N,A,-,N,,,,,,,,,,Y,3,0,1,1,A,-,12,21453,A,N,E,I,A,A,H,-,A,A,0,,,,,Y,,A,07,0,1,0,0,0,0,0,0,0,"- ","- ",,,MERCED,MERCED,-120.48954010009766,37.309780120849609
9594262,2023,2023-07-03,2406,2023-06-22,2218,325,2,4,5,5,2406,0,0,0,,0,020,"G ST","EAST 21ST ST",0.00,,Y,A,-,N,,,,,,,,,,Y,4,0,2,2,A,-,08,22107,,N,D,C,A,A,H,-,C,A,0,,,,,Y,,A,01,0,0,2,0,0,0,0,0,0,"- ","- ",,,MERCED,MERCED,-120.47355651855469,37.302696228027344
9594263,2023,2023-07-03,2406,2023-05-26,1943,283,3,5,5,5,2406,0,0,0,,0,030,"K ST","WEST 8TH ST",600.00,N,N,A,-,N,,,,,,,,,,Y,3,0,1,1,A,-,08,22107,,N,F,A,A,A,H,-,A,D,0,,,Y,,Y,,C,02,0,1,0,0,0,0,0,0,1,"- ","- ",,,MERCED,MERCED,-120.48629760742188,37.293102264404297
9594264,2023,2023-07-03,2406,2023-06-05,1618,183,2,1,5,5,2406,0,0,0,,0,020,"G ST","W 18TH ST",0.00,,Y,B,-,N,,,,,,,,,,Y,4,0,1,2,A,-,09,21801,A,N,A,C,A,A,H,-,A,A,0,,,,,Y,,A,07,0,0,1,0,0,0,0,0,0,"- ","- ",,,MERCED,MERCED,-120.47525787353516,37.2996826171875