CASE_ID,ACCIDENT_YEAR,PROC_DATE,JURIS,COLLISION_DATE,COLLISION_TIME,OFFICER_ID,REPORTING_DISTRICT,DAY_OF_WEEK,CHP_SHIFT,POPULATION,CNTY_CITY_LOC,SPECIAL_COND,BEAT_TYPE,CHP_BEAT_TYPE,CITY_DIVISION_LAPD,CHP_BEAT_CLASS,BEAT_NUMBER,PRIMARY_RD,SECONDARY_RD,DISTANCE,DIRECTION,INTERSECTION,WEATHER_1,WEATHER_2,STATE_HWY_IND,CALTRANS_COUNTY,CALTRANS_DISTRICT,STATE_ROUTE,ROUTE_SUFFIX,POSTMILE_PREFIX,POSTMILE,LOCATION_TYPE,RAMP_INTERSECTION,SIDE_OF_HWY,TOW_AWAY,COLLISION_SEVERITY,NUMBER_KILLED,NUMBER_INJURED,PARTY_COUNT,PRIMARY_COLL_FACTOR,PCF_CODE_OF_VIOL,PCF_VIOL_CATEGORY,PCF_VIOLATION,PCF_VIOL_SUBSECTION,HIT_AND_RUN,TYPE_OF_COLLISION,MVIW,PED_ACTION,ROAD_SURFACE,ROAD_COND_1,ROAD_COND_2,LIGHTING,CONTROL_DEVICE,CHP_ROAD_TYPE,PEDESTRIAN_ACCIDENT,BICYCLE_ACCIDENT,MOTORCYCLE_ACCIDENT,TRUCK_ACCIDENT,NOT_PRIVATE_PROPERTY,ALCOHOL_INVOLVED,STWD_VEHTYPE_AT_FAULT,CHP_VEHTYPE_AT_FAULT,COUNT_SEVERE_INJ,COUNT_VISIBLE_INJ,COUNT_COMPLAINT_PAIN,COUNT_PED_KILLED,COUNT_PED_INJURED,COUNT_BICYCLIST_KILLED,COUNT_BICYCLIST_INJURED,COUNT_MC_KILLED,COUNT_MC_INJURED,PRIMARY_RAMP,SECONDARY_RAMP,LATITUDE,LONGITUDE,COUNTY,CITY,POINT_X,POINT_Y
9764246,2025,2025-01-30,2406,2025-01-05,1502,259,3,7,5,5,2406,0,0,0,,0,031,"13 ST","O ST",0.00,,Y,A,-,N,,,,,,,,,,Y,3,0,1,2,A,-,09,21801,,N,D,C,A,A,H,-,A,A,0,,,,,Y,,A,01,0,1,0,0,0,0,0,0,0,"- ","- ",,,MERCED,MERCED,,
9764247,2025,2025-01-30,2406,2025-01-07,1414,259,2,2,5,5,2406,0,0,0,,0,020,"YOSEMITE PKWY","SHIRLEY ST",40.00,W,N,A,-,N,,,,,,,,,,N,3,0,1,2,A,-,08,22107,,F,B,G,A,A,H,-,A,D,0,,,,,Y,,D,22,0,1,0,0,0,0,0,0,0,"- ","- ",,,MERCED,MERCED,-120.45804595947266,37.295219421386719
9764249,2024,2025-01-27,2406,2024-11-28,"135 ",330,1,4,5,5,2406,0,0,0,,0,011,"M ST","BUENA VISTA DR",413.00,S,N,E,-,N,,,,,,,,,,Y,4,0,1,3,A,-,08,22107,,N,B,E,A,A,H,-,C,D,0,,,,,Y,,A,07,0,0,1,0,0,0,0,0,0,"- ","- ",,,MERCED,MERCED,-120.47848510742188,37.32586669921875
9764250,2024,2025-01-27,2406,2024-11-28,2310,156,1,4,5,5,2406,0,0,0,,0,010,"M ST","OLIVE ST",0.00,W,N,A,-,N,,,,,,,,,,Y,2,0,3,3,A,-,01,23152,A,N,D,C,A,A,H,-,C,A,0,,,,,Y,Y,D,22,1,0,2,0,0,0,0,0,0,"- ","- ",,,MERCED,MERCED,-120.47844696044922,37.319221496582031
9764254,2024,2025-01-29,2406,2024-12-27,1922,335,2,5,5,5,2406,0,0,0,,0,021,"16TH ST","V ST",0.00,,Y,A,-,N,,,,,,,,,,N,4,0,2,2,A,-,07,21658,A,N,D,C,A,A,H,-,C,A,0,,,,,Y,,D,22,0,0,2,0,0,0,0,0,0,"- ","- ",,,MERCED,MERCED,-120.49900817871094,37.305927276611328
9764278,2024,2025-01-28,2404,2024-08-08,"813 ",X5,,4,5,3,2404,0,0,0,,0,,"BRIARWOOD DR","B ST",0.00,,Y,A,-,N,,,,,,,,,,N,3,0,1,2,A,-,12,22450,,N,D,C,A,A,H,-,A,A,0,,,,,Y,,D,72,0,1,0,0,0,0,0,0,0,"- ","- ",37.385940551757812,-120.73149108886719,MERCED,LIVINGSTON,-120.73149108886719,37.385936737060547
9764513,2025,2025-01-31,2406,2025-01-18,2028,256,2,6,5,5,2406,0,0,0,,0,020,"CANAL ST","WEST 16TH ST",196.00,N,N,A,-,N,,,,,,,,,,Y,4,0,3,1,A,-,03,22350,,N,E,I,A,A,H,-,C,A,0,,,,,Y,,A,01,0,0,3,0,0,0,0,0,0,"- ","- ",,,MERCED,MERCED,-120.483642578125,37.300910949707031
9764514,2025,2025-01-31,2406,2025-01-10,1558,647,2,5,5,5,2406,0,0,0,,0,020,"E GERARD AV","BRIMMER RD",316.00,E,N,A,-,N,,,,,,,,,,N,3,0,1,2,A,-,11,21950,B,N,G,B,C,A,H,-,A,D,0,Y,,,,Y,,N,60,0,1,0,0,1,0,0,0,0,"- ","- ",,,MERCED,MERCED,-120.44305419921875,37.280529022216797
9764515,2025,2025-01-31,2406,2025-01-09,1005,268,1,4,5,5,2406,0,0,0,,0,011,"WEST YOSEMITE AV","SAN JOSE AV",7.00,W,N,A,-,N,,,,,,,,,,N,3,0,1,1,B,-,22,,,N,F,A,A,A,H,-,A,D,0,,,Y,,Y,,C,02,0,1,0,0,0,0,0,0,1,"- ","- ",,,MERCED,MERCED,-120.48302459716797,37.332130432128906
9764516,2025,2025-01-31,2406,2025-01-07,1601,129,NORTH,2,5,5,2406,0,0,0,,0,010,"WEST YOSEMITE AV","M ST",0.00,,Y,B,-,N,,,,,,,,,,Y,4,0,1,1,A,-,08,22107,,N,E,I,A,A,H,-,A,A,0,,,,,Y,,A,01,0,0,1,0,0,0,0,0,0,"- ","- ",,,MERCED,MERCED,-120.47844696044922,37.332107543945312
9764517,2025,2025-01-31,2406,2025-01-02,1445,268,2,4,5,5,2406,0,0,0,,0,021,"M ST","MAIN ST",0.00,,Y,A,-,N,,,,,,,,,,N,3,0,1,2,A,-,08,22107,,F,D,-,A,A,H,-,A,A,0,,Y,,,Y,,A,07,0,1,0,0,0,0,1,0,0,"- ","- ",,,MERCED,MERCED,-120.48483276367188,37.302013397216797
9764559,2024,2025-01-28,2406,2024-12-25,1302,268,2,3,5,5,2406,0,0,0,,0,020,"M ST","WEST 26TH ST",20.00,S,N,A,-,N,,,,,,,,,,N,4,0,1,2,A,-,03,22350,,N,C,C,A,A,H,-,A,D,0,,,,,Y,,A,01,0,0,1,0,0,0,0,0,0,"- ","- ",,,MERCED,MERCED,-120.47972106933594,37.310909271240234
9764560,2024,2025-01-28,2406,2024-12-31,1400,268,2,2,5,5,2406,0,0,0,,0,021,"W 18TH ST","R ST",0.00,,Y,A,-,N,,,,,,,,,,N,3,0,1,2,A,-,10,21950,A,F,G,B,B,A,H,-,A,A,0,Y,,,,Y,,A,01,0,1,0,0,1,0,0,0,0,"- ","- ",,,MERCED,MERCED,-120.49183654785156,37.305793762207031
9764578,2024,2025-01-28,2406,2024-12-28,"952 ",347,1,6,5,5,2406,0,0,0,,0,011,"R ST","PACIFIC DR",12.00,S,N,A,-,N,,,,,,,,,,N,3,0,1,2,A,-,10,21950,A,N,D,C,A,A,H,-,A,A,0,,,,,Y,,M,94,0,1,0,0,0,0,0,0,0,"- ","- ",,,MERCED,MERCED,-120.48686218261719,37.336418151855469
9764813,2025,2025-02-20,2406,2025-01-06,"757 ",259,2,1,5,5,2406,0,0,0,,0,021,"25TH ST","P ST",114.00,W,N,A,-,N,,,,,,,,,,N,3,0,1,2,A,-,09,21801,,N,D,C,A,A,H,-,A,D,0,,,,,Y,,A,01,0,1,0,0,0,0,0,0,0,"- ","- ",,,MERCED,MERCED,-120.48516845703125,37.311771392822266
9764875,2024,2025-01-31,2406,2024-12-31,1916,347,1,2,5,5,2406,0,0,0,,0,010,"EAST OLIVE AV","SHARON CT",160.00,W,N,A,-,N,,,,,,,,,,Y,3,0,1,1,A,-,08,22107,,N,E,I,A,A,H,-,C,D,0,,,,,Y,,A,01,0,1,0,0,0,0,0,0,0,"- ","- ",,,MERCED,MERCED,-120.44679260253906,37.318489074707031
9764876,2024,2025-01-31,2406,2024-12-28,1910,342,2,6,5,5,2406,0,0,0,,0,021,"U 23RD ST","D ST",0.00,,Y,A,-,N,,,,,,,,,,Y,3,0,4,2,A,-,09,21804,A,N,D,C,A,A,H,-,C,D,0,,,,,Y,,A,01,0,4,0,0,0,0,0,0,0,"- ","- ",,,MERCED,MERCED,-121.40814971923828,39.122108459472656
9765762,2024,2025-02-18,2404,2024-08-01,"803 ",X5,,4,5,3,2404,0,0,0,,0,,"HAMMATT AV","CAMPBELL BL",0.00,,Y,A,-,N,,,,,,,,,,N,4,0,1,2,A,-,04,21703,,N,C,C,A,A,H,-,A,A,0,,,,,Y,,A,01,0,0,1,0,0,0,0,0,0,"- ","- ",37.386768341064453,-120.71227264404297,MERCED,LIVINGSTON,-120.71228790283203,37.386783599853516
9765804,2024,2025-02-19,2404,2024-09-15,2114,X57,,7,5,3,2404,0,0,0,,0,,"MAIN ST","B ST",333.00,N,N,A,-,N,,,,,,,,,,Y,3,0,1,1,A,-,08,22107,,N,E,I,A,A,H,-,C,D,0,,,Y,,Y,Y,C,02,0,1,0,0,0,0,0,0,1,"- ","- ",37.387691497802734,-120.72280120849609,MERCED,LIVINGSTON,-120.72324371337891,37.386043548583984
9766339,2025,2025-03-06,2406,2025-02-10,1631,281,3,1,5,5,2406,0,0,0,,0,030,"CANAL ST","WEST 10TH ST",180.00,N,N,A,-,N,,,,,,,,,,N,3,0,1,2,A,-,09,21804,A,N,D,G,A,A,H,-,A,D,0,,Y,,,Y,,D,22,0,1,0,0,0,0,1,0,0,"- ","- ",,,MERCED,MERCED,-120.48728179931641,37.294586181640625
9766340,2025,2025-03-06,2406,2025-02-14,1309,348,2,5,5,5,2406,0,0,0,,0,021,"R ST","W 22ND",0.00,,Y,A,-,N,,,,,,,,,,Y,3,0,1,2,A,-,12,21453,A,N,D,C,A,B,H,-,A,A,0,,,,,Y,,A,07,0,1,0,0,0,0,0,0,0,"- ","- ",,,MERCED,MERCED,-120.48954010009766,37.309780120849609
9766342,2025,2025-03-06,2406,2025-02-13,"956 ",348,2,4,5,5,2406,0,0,0,,0,020,"E 18TH ST","E ST",0.00,,Y,C,-,N,,,,,,,,,,Y,3,0,1,3,A,-,09,21800,B,N,D,C,A,B,H,-,A,D,0,,,,,Y,,A,01,0,1,0,0,0,0,0,0,0,"- ","- ",,,MERCED,MERCED,-120.47184753417969,37.298439025878906
9766481,2025,2025-03-04,2406,2025-02-14,1419,348,2,5,5,5,2406,0,0,0,,0,021,"M ST","WEST 21ST ST",0.00,,Y,A,-,N,,,,,,,,,,N,4,0,1,2,A,-,12,21453,A,N,D,C,A,B,H,-,A,A,0,,,,,Y,,A,07,0,0,1,0,0,0,0,0,0,"- ","- ",,,MERCED,MERCED,-120.48255920410156,37.305988311767578
9766482,2025,2025-03-04,2406,2025-02-17,1535,347,1,1,5,5,2406,0,0,0,,0,010,"G ST","OLIVE AV",300.00,S,N,A,-,N,,,,,,,,,,N,2,0,1,2,A,-,05,21650,1,N,H,G,A,A,H,-,A,A,0,,Y,,,Y,,-,,1,0,0,0,0,0,1,0,0,"- ","- ",,,MERCED,MERCED,-120.46943664550781,37.317714691162109
9766536,2025,2025-04-10,2406,2025-02-19,1617,250,2,3,5,5,2406,0,0,0,,0,020,"CHILDS AV","CAROL AV",0.00,,Y,A,-,Y,MER,10,99,-,-,13.020,R,4,N,Y,3,0,1,2,A,-,09,21802,A,F,D,C,A,A,H,-,A,A,0,,,,,Y,,A,07,0,1,0,0,0,0,0,0,0,"- ","- ",,,MERCED,MERCED,-120.45549011230469,37.287704467773438
9768979,2024,2025-01-30,2404,2024-12-28,1323,X5,,6,5,3,2404,0,0,0,,0,,"DWIGHT WY","TEHEMA DR",192.00,S,N,A,-,N,,,,,,,,,,N,3,0,1,1,A,-,03,22350,,N,E,I,A,D,G,-,A,D,0,,,,,Y,,A,01,0,1,0,0,0,0,0,0,0,"- ","- ",37.387741088867188,-120.70500946044922,MERCED,LIVINGSTON,-120.70503234863281,37.387214660644531
9768980,2024,2025-01-30,2404,2024-12-25,1317,X56,,3,5,3,2404,0,0,0,,0,,"HAMMATT AV","RT 99",17.00,W,N,A,-,N,,,,,,,,,,Y,3,0,2,3,A,-,01,23152,A,M,A,C,A,A,H,-,A,A,0,,,,,Y,Y,A,01,0,1,1,0,0,0,0,0,0,"- ",NF,37.386878967285156,-120.72353363037109,MERCED,LIVINGSTON,-120.71334838867188,37.384170532226562
9769748,2024,2025-02-24,2402,2024-12-19,"743 ",R4,"DOS P",4,5,2,2402,0,0,0,,0,,"BLOSSOM AV","ELGIN AV",0.00,,Y,B,-,Y,MER,10,33,-,R,1.169,I,5,S,N,4,0,1,2,A,-,03,22350,,M,D,C,A,A,H,-,A,A,0,,,,,Y,,A,01,0,0,1,0,0,0,0,0,0,"- ","- ",,,MERCED,"DOS PALOS",-120.63558197021484,36.986076354980469
9769749,2024,2025-01-30,2406,2024-10-01,1138,334,1,2,5,5,2406,0,0,0,,0,011,"N HWY 59","WEST OLIVE AV",285.00,N,N,A,-,Y,MER,10,59,-,-,16.170,H,-,S,N,3,0,1,3,A,-,17,21461,A,N,D,G,A,A,H,-,A,A,0,,Y,,,Y,,A,01,0,1,0,0,0,0,1,0,0,"- ","- ",,,MERCED,MERCED,-120.50489807128906,37.319984436035156
9770608,2024,2025-01-03,2406,2024-10-20,"27  ",341,3,7,5,5,2406,0,0,0,,0,031,"12TH PL","T ST",20.00,E,N,A,-,N,,,,,,,,,,N,3,0,1,2,C,-,18,,,F,G,B,E,A,H,-,D,D,0,Y,,,,Y,,-,"- ",0,1,0,0,1,0,0,0,0,"- ","- ",,,MERCED,MERCED,-120.49866485595703,37.300056457519531
9771801,2024,2025-01-14,2406,2024-12-16,1633,268,2,1,5,5,2406,0,0,0,,0,020,"E MAIN  ST","CALIMYRNA AV",50.00,E,N,C,-,N,,,,,,,,,,Y,4,0,1,2,A,-,01,23152,A,N,D,C,A,B,H,-,C,D,0,,,,,Y,Y,A,01,0,0,1,0,0,0,0,0,0,"- ","- ",,,MERCED,MERCED,-120.46883392333984,37.296085357666016
9772098,2024,2025-01-27,2406,2024-12-03,1821,255,3,2,5,5,2406,0,0,0,,0,030,"MARTIN LUTHER KING JR WY","WEST 12TH ST",82.00,S,N,A,-,N,,,,,,,,,,N,2,0,1,2,A,-,11,21954,A,N,G,B,D,A,H,-,C,D,0,Y,,,,Y,,N,60,1,0,0,0,1,0,0,0,0,"- ","- ",,,MERCED,MERCED,-120.48350524902344,37.294826507568359
9772099,2024,2025-01-27,2406,2024-12-03,1715,344,01,2,5,5,2406,0,0,0,,0,010,"BELLEVUE RD","M ST",0.00,,Y,A,-,N,,,,,,,,,,Y,3,0,4,2,A,-,03,22350,,N,C,C,A,A,H,-,B,A,0,,,,,Y,,A,01,0,2,2,0,0,0,0,0,0,"- ","- ",,,MERCED,MERCED,-120.47727203369141,37.361122131347656
9772100,2024,2025-01-27,2406,2024-12-05,1044,309,NORTH,4,5,5,2406,0,0,0,,0,011,"OLIVEWOOD DR","R ST",0.00,,Y,A,-,N,,,,,,,,,,N,2,0,1,2,A,-,10,21950,A,N,G,B,B,A,H,-,A,A,0,Y,,,,Y,,A,01,1,0,0,0,1,0,0,0,0,"- ","- ",,,MERCED,MERCED,-120.48672485351562,37.318023681640625
9772101,2024,2025-02-05,2406,2024-12-07,"121 ",156,3,6,5,5,2406,0,0,0,,0,030,"MARTIN LUTHER KING JR WY","MARTIN LUTHER KING JR WY 1200",150.00,E,N,A,-,N,,,,,,,,,,N,2,0,1,2,A,-,08,22107,,F,G,B,F,A,H,-,C,B,0,Y,,,,Y,,A,01,1,0,0,0,1,0,0,0,0,"- ","- ",,,MERCED,MERCED,-120.48210144042969,37.297145843505859
9772153,2024,2025-01-10,2406,2024-11-14,"823 ",445,NORTH,4,5,5,2406,0,0,0,,0,010,"W EL PORTAL DR","G ST",60.00,W,N,A,-,N,,,,,,,,,,N,3,0,1,2,A,-,03,22350,,N,C,C,A,A,H,-,A,A,0,,,,,Y,,A,01,0,1,0,0,0,0,0,0,0,"- ","- ",,,MERCED,MERCED,-120.46938323974609,37.326705932617188
9772154,2024,2025-01-10,2406,2024-11-26,2124,155,1,2,5,5,2406,0,0,0,,0,011,"M ST","LOUGHBOROUGH DR",0.00,,Y,B,-,N,,,,,,,,,,N,4,0,1,2,A,-,08,22107,,N,D,C,A,A,H,-,C,A,0,,,,,Y,,A,01,0,0,1,0,0,0,0,0,0,"- ","- ",,,MERCED,MERCED,-120.4783935546875,37.322704315185547
9772155,2024,2025-01-10,2406,2024-11-22,1902,342,2,5,5,5,2406,0,0,0,,0,020,"CAROL AV","CAROL AV 782",0.00,,N,C,-,N,,,,,,,,,,N,3,0,1,2,B,-,22,,,F,G,B,F,B,H,-,C,D,0,Y,,,,Y,,A,01,0,1,0,0,1,0,0,0,0,"- ","- ",,,MERCED,MERCED,-120.45468902587891,37.288295745849609
9772765,2025,2025-01-16,2406,2025-01-05,2100,348,2,7,5,5,2406,0,0,0,,0,020,"21ST ST","GIEN AV",42.00,W,N,A,-,N,,,,,,,,,,Y,3,0,1,2,A,-,01,23152,A,N,C,C,A,A,H,-,C,A,0,,,,,Y,Y,A,01,0,1,0,0,0,0,0,0,0,"- ","- ",,,MERCED,MERCED,,
9772766,2025,2025-01-16,2406,2025-01-02,"942 ",268,1,4,5,5,2406,0,0,0,,0,010,"G ST","PARK AV",87.00,S,N,A,-,N,,,,,,,,,,Y,3,0,2,2,A,-,03,22350,,F,C,C,A,A,H,-,A,D,0,,,,,Y,,A,01,0,2,0,0,0,0,0,0,0,"- ","- ",,,MERCED,MERCED,-120.46952819824219,37.311622619628906
9772807,2024,2024-12-30,2406,2024-10-15,1209,343,2,2,5,5,2406,0,0,0,,0,020,"EAST MAIN ST","CEDAR AV",27.00,W,N,A,-,N,,,,,,,,,,N,3,0,1,2,A,-,03,22350,,F,C,C,A,A,H,-,A,A,0,,,Y,,Y,,A,01,0,1,0,0,0,0,0,0,1,"- ","- ",,,MERCED,MERCED,-120.46735382080078,37.295578002929688
9772808,2024,2025-01-23,2406,2024-10-08,2020,330,1,2,5,5,2406,0,0,0,,0,011,"N HWY 59","COOPER AV",700.00,N,N,A,-,Y,MER,10,59,-,-,16.040,H,-,S,N,4,0,2,2,A,-,01,23152,A,F,C,C,A,A,H,-,C,D,0,,,,,Y,Y,A,01,0,0,2,0,0,0,0,0,0,"- ","- ",,,MERCED,MERCED,-120.50495910644531,37.318107604980469
9772809,2024,2024-12-27,2406,2024-10-15,"214 ",275,1,2,5,5,2406,0,0,0,,0,010,"WEST OLIVE AV","M ST",30.00,E,N,A,-,N,,,,,,,,,,Y,4,0,1,1,A,-,01,23152,A,N,A,I,A,A,H,-,C,A,0,,,,,Y,Y,A,01,0,0,1,0,0,0,0,0,0,"- ","- ",,,MERCED,MERCED,-120.47834777832031,37.319221496582031
9772922,2024,2025-03-27,2401,2024-11-07,1028,731,7,4,5,3,2401,0,0,0,,0,007,"EAST BELLEVUE RD",CREST,0.00,,Y,A,-,N,,,,,,,,,,N,3,0,1,2,A,-,12,21453,A,N,A,C,A,A,H,-,A,D,0,,,,,Y,,A,01,0,1,0,0,0,0,0,0,0,"- ","- ",37.360488891601562,-120.58468627929688,MERCED,ATWATER,-120.58576202392578,37.360492706298828
9773160,2024,2025-01-07,2406,2024-10-29,"855 ",321,1,2,5,5,2406,0,0,0,,0,010,"COLLINS DR","WEST OLIVE AV",0.00,,Y,A,-,N,,,,,,,,,,N,4,0,1,2,A,-,10,21950,A,F,G,B,B,A,H,-,A,A,0,Y,,,,Y,,A,01,0,0,1,0,1,0,0,0,0,"- ","- ",,,MERCED,MERCED,-120.47669982910156,37.319381713867188
9773161,2024,2025-01-07,2406,2024-10-24,"857 ",445,SOUTH,4,5,5,2406,0,0,0,,0,030,"G ST","GERARD AV",0.00,,Y,A,-,N,,,,,,,,,,N,4,0,1,2,A,-,09,21801,A,N,D,C,A,A,H,-,A,A,0,,,,,Y,,A,01,0,0,1,0,0,0,0,0,0,"- ","- ",,,MERCED,MERCED,-120.48211669921875,37.280872344970703
9773162,2024,2025-01-07,2406,2024-10-23,2002,328,1,3,5,5,2406,0,0,0,,0,010,"VIA MORAGA","EAST YOSEMITE AV",28.00,S,N,A,-,N,,,,,,,,,,N,2,0,1,2,A,-,10,21950,A,N,G,B,B,A,H,-,C,A,0,Y,,,,Y,,A,01,1,0,0,0,1,0,0,0,0,"- ","- ",,,MERCED,MERCED,-120.43824005126953,37.33209228515625
9773163,2024,2025-01-07,2406,2024-10-25,1305,445,CENTR,5,5,5,2406,0,0,0,,0,020,"EAST MAIN ST","CEDAR AV",0.00,,Y,A,-,N,,,,,,,,,,N,4,0,1,2,A,-,03,22350,,N,C,C,A,A,H,-,A,D,0,,,,,Y,,A,01,0,0,1,0,0,0,0,0,0,"- ","- ",,,MERCED,MERCED,-120.46726989746094,37.295551300048828
9773164,2024,2025-01-10,2406,2024-10-24,1507,445,CENTR,4,5,5,2406,0,0,0,,0,020,"G ST","18TH ST",0.00,,Y,A,-,N,,,,,,,,,,Y,4,0,1,2,A,-,12,21453,A,N,D,C,A,A,H,-,A,A,0,,,,,Y,,A,01,0,0,1,0,0,0,0,0,0,"- ","- ",,,MERCED,MERCED,-120.47525787353516,37.2996826171875
9773165,2024,2025-01-07,2406,2024-10-30,1527,445,CENTR,3,5,5,2406,0,0,0,,0,020,"EAST 19TH ST","GLEN AV",0.00,,Y,A,-,N,,,,,,,,,,Y,4,0,1,2,A,-,12,22450,A,N,D,C,A,A,H,-,A,A,0,,,,,Y,,A,01,0,0,1,0,0,0,0,0,0,"- ","- ",,,MERCED,MERCED,-120.46516418457031,37.297134399414062
9773166,2024,2025-01-07,2406,2024-10-14,1458,129,NORTH,1,5,5,2406,0,0,0,,0,010,"CORDOVA AV","EL PORTAL DR",0.00,,Y,A,-,N,,,,,,,,,,Y,2,0,2,2,A,-,03,22350,,N,D,C,A,A,H,-,A,A,0,,,,,Y,,A,01,1,1,0,0,0,0,0,0,0,"- ","- ",,,MERCED,MERCED,-120.46340179443359,37.326313018798828
9773167,2024,2025-01-07,2406,2024-10-12,1929,341,3,6,5,5,2406,0,0,0,,0,030,"WEST 11TH ST","CANAL ST",60.00,E,N,A,-,N,,,,,,,,,,Y,3,0,1,2,A,-,13,22515,,N,B,C,A,A,H,-,C,D,0,,,,,Y,Y,A,01,0,1,0,0,0,0,0,0,0,"- ","- ",,,MERCED,MERCED,-120.48676300048828,37.295059204101562
9775550,2024,2025-02-03,2406,2024-12-12,1248,309,2,4,5,5,2406,0,0,0,,0,021,"MAIN ST","O ST",0.00,,Y,A,-,N,,,,,,,,,,Y,4,0,2,2,A,-,12,22450,A,N,D,C,A,A,H,-,A,A,0,,,,,Y,,A,01,0,0,2,0,0,0,0,0,0,"- ","- ",,,MERCED,MERCED,-120.48785400390625,37.303092956542969
9775777,2024,2025-01-27,2406,2024-12-11,2034,345,CENTR,3,5,5,2406,0,0,0,,0,020,"YOSEMITE PKWY","EAST MAIN ST",58.00,S,N,A,-,N,,,,,,,,,,Y,3,0,1,2,A,-,09,21804,A,N,D,C,A,A,H,-,C,A,0,,,Y,,Y,,A,07,0,1,0,0,0,0,0,0,1,"- ","- ",,,MERCED,MERCED,-120.46713256835938,37.295219421386719
9776288,2024,2025-02-06,2406,2024-11-10,"856 ",339,2,7,5,5,2406,0,0,0,,0,021,"U ST","WEST 20TH ST",0.00,,Y,A,-,N,,,,,,,,,,Y,2,0,2,3,A,-,12,22450,A,N,D,D,A,A,H,-,A,A,0,,,,,Y,,D,22,1,1,0,0,0,0,0,0,0,"- ","- ",,,MERCED,MERCED,-120.49517059326172,37.309410095214844
9776311,2024,2025-02-06,2406,2024-10-09,1813,318,1,3,5,5,2406,0,0,0,,0,010,"CARDELLA RD","M ST",5.00,E,N,A,-,N,,,,,,,,,,N,3,0,1,2,A,-,10,21950,A,N,G,B,B,A,H,-,B,A,0,Y,,,,Y,,A,01,0,1,0,0,1,0,0,0,0,"- ","- ",,,MERCED,MERCED,-120.47754669189453,37.346538543701172
9776314,2024,2025-02-06,2406,2024-10-18,"802 ",344,02,5,5,5,2406,0,0,0,,0,021,"M ST","WEST 22ND ST",0.00,,Y,A,-,N,,,,,,,,,,Y,4,0,3,3,A,-,00,22801,A,N,D,C,A,A,H,-,A,D,0,,,,,Y,,A,01,0,0,3,0,0,0,0,0,0,"- ","- ",,,MERCED,MERCED,-120.48200225830078,37.306961059570312
9778450,2025,2025-02-06,2406,2025-01-15,"716 ",268,2,3,5,5,2406,0,0,0,,0,021,"R ST","WEST 14TH ST",0.00,,Y,A,-,Y,MER,10,59,-,L,14.417,I,5,N,N,4,0,1,2,A,-,09,21801,A,N,D,G,A,A,H,-,A,A,0,,Y,,,Y,,A,01,0,0,1,0,0,0,1,0,0,"- ","- ",,,MERCED,MERCED,-120.49432373046875,37.301456451416016
9778485,2025,2025-03-03,2406,2025-01-04,1909,335,1,6,5,5,2406,0,0,0,,0,011,"RT 59","OLIVE AV",0.00,,Y,A,-,Y,MER,10,59,-,-,16.100,I,5,N,N,4,0,1,2,A,-,12,21453,A,N,D,G,A,A,H,-,C,A,0,,Y,,,Y,,L,04,0,0,1,0,0,0,1,0,0,"- ","- ",,,MERCED,MERCED,-120.50492858886719,37.319091796875
9778489,2025,2025-03-11,2406,2025-01-09,1607,268,2,4,5,5,2406,0,0,0,,0,021,"R ST","WEST 14TH ST",0.00,,Y,A,-,Y,MER,10,59,-,L,14.417,I,5,N,Y,4,0,1,3,A,-,12,21453,A,N,D,C,A,A,H,-,A,A,0,,,,,Y,,A,07,0,0,1,0,0,0,0,0,0,"- ","- ",,,MERCED,MERCED,-120.49432373046875,37.301456451416016
9778553,2024,2025-02-06,2404,2024-10-05,1149,X28,,6,5,3,2404,0,0,0,,0,,"5TH ST","C ST",0.00,,Y,A,-,N,,,,,,,,,,N,4,0,1,2,A,-,03,22350,,N,H,C,A,A,H,-,A,D,0,,,,,Y,,-,99,0,0,1,0,0,0,0,0,0,"- ","- ",37.385108947753906,-120.72103118896484,MERCED,LIVINGSTON,-120.72104644775391,37.385101318359375
9778559,2024,2025-02-11,2404,2024-08-20,1340,X58,,2,5,3,2404,0,0,0,,0,,"WALNUT AV","HAMMATT AV",18.00,W,N,A,-,N,,,,,,,,,,N,3,0,1,2,A,-,06,21755,A,N,B,C,A,A,H,-,A,A,0,,,,,Y,,A,01,0,1,0,0,0,0,0,0,0,"- ","- ",,,MERCED,LIVINGSTON,-120.71221160888672,37.389560699462891
9778951,2024,2025-02-11,2404,2024-10-30,1958,X28,,3,5,3,2404,0,0,0,,0,,"PEACH AV","MAIN ST",9.00,S,N,A,-,N,,,,,,,,,,Y,4,0,1,3,A,-,07,21658,A,N,B,C,A,A,H,-,C,D,0,,,,,Y,Y,A,01,0,0,1,0,0,0,0,0,0,"- ","- ",,,MERCED,LIVINGSTON,-120.72348022460938,37.375030517578125
9779046,2024,2025-02-03,2404,2024-11-16,2006,X48,,6,5,3,2404,0,0,0,,0,,"6TH ST","F ST",0.00,,Y,A,-,N,,,,,,,,,,Y,2,0,3,1,A,-,01,23152,A,N,E,I,A,A,H,-,C,A,0,,,,,Y,Y,A,01,2,1,0,0,0,0,0,0,0,"- ","- ",37.382240295410156,-120.71997833251953,MERCED,LIVINGSTON,-120.72000122070312,37.382221221923828
9779047,2024,2025-02-03,2404,2024-11-14,"700 ",X62,,4,5,3,2404,0,0,0,,0,,"STEPHANIE AV","DAVIS ST",0.00,,Y,A,-,N,,,,,,,,,,N,3,0,1,2,A,-,09,21803,A,F,H,G,A,A,H,-,B,A,0,,Y,,,Y,,A,01,0,1,0,0,0,0,1,0,0,"- ","- ",37.384868621826172,-120.72193908691406,MERCED,LIVINGSTON,,
9779054,2024,2025-02-04,2404,2024-10-25,1037,X5,,5,5,3,2404,0,0,0,,0,,"D ST","5TH  ST",0.00,,Y,B,-,N,,,,,,,,,,N,3,0,1,2,A,-,09,21804,,N,D,C,A,A,H,-,A,A,0,,,,,Y,,A,01,0,1,0,0,0,0,0,0,0,"- ","- ",37.384231567382812,-120.72103881835938,MERCED,LIVINGSTON,-120.7210693359375,37.38421630859375