CASE_ID,ACCIDENT_YEAR,PROC_DATE,JURIS,COLLISION_DATE,COLLISION_TIME,OFFICER_ID,REPORTING_DISTRICT,DAY_OF_WEEK,CHP_SHIFT,POPULATION,CNTY_CITY_LOC,SPECIAL_COND,BEAT_TYPE,CHP_BEAT_TYPE,CITY_DIVISION_LAPD,CHP_BEAT_CLASS,BEAT_NUMBER,PRIMARY_RD,SECONDARY_RD,DISTANCE,DIRECTION,INTERSECTION,WEATHER_1,WEATHER_2,STATE_HWY_IND,CALTRANS_COUNTY,CALTRANS_DISTRICT,STATE_ROUTE,ROUTE_SUFFIX,POSTMILE_PREFIX,POSTMILE,LOCATION_TYPE,RAMP_INTERSECTION,SIDE_OF_HWY,TOW_AWAY,COLLISION_SEVERITY,NUMBER_KILLED,NUMBER_INJURED,PARTY_COUNT,PRIMARY_COLL_FACTOR,PCF_CODE_OF_VIOL,PCF_VIOL_CATEGORY,PCF_VIOLATION,PCF_VIOL_SUBSECTION,HIT_AND_RUN,TYPE_OF_COLLISION,MVIW,PED_ACTION,ROAD_SURFACE,ROAD_COND_1,ROAD_COND_2,LIGHTING,CONTROL_DEVICE,CHP_ROAD_TYPE,PEDESTRIAN_ACCIDENT,BICYCLE_ACCIDENT,MOTORCYCLE_ACCIDENT,TRUCK_ACCIDENT,NOT_PRIVATE_PROPERTY,ALCOHOL_INVOLVED,STWD_VEHTYPE_AT_FAULT,CHP_VEHTYPE_AT_FAULT,COUNT_SEVERE_INJ,COUNT_VISIBLE_INJ,COUNT_COMPLAINT_PAIN,COUNT_PED_KILLED,COUNT_PED_INJURED,COUNT_BICYCLIST_KILLED,COUNT_BICYCLIST_INJURED,COUNT_MC_KILLED,COUNT_MC_INJURED,PRIMARY_RAMP,SECONDARY_RAMP,LATITUDE,LONGITUDE,COUNTY,CITY,POINT_X,POINT_Y
9828990,2025,2025-07-31,2406,2025-05-23,1517,596,1,5,5,5,2406,0,0,0,,0,010,"G ST","FARMLAND AV",592.00,S,N,A,-,N,,,,,,,,,,Y,3,0,2,3,A,-,03,22350,,N,C,C,A,A,H,-,A,D,0,,,Y,,Y,,C,02,0,1,1,0,0,0,0,0,1,"- ","- ",,,MERCED,MERCED,-120.46857452392578,37.366806030273438
9829126,2025,2025-06-26,2406,2025-05-07,1102,309,1,3,5,5,2406,0,0,0,,0,010,"EL PORTAL DR","WAWONA DR",53.00,W,N,A,-,N,,,,,,,,,,Y,4,0,1,2,A,-,08,22107,,M,B,E,A,A,H,-,A,D,0,,,,,Y,,A,01,0,0,1,0,0,0,0,0,0,"- ","- ",,,MERCED,MERCED,-120.46450042724609,37.326297760009766
9830156,2025,2025-07-23,2406,2025-06-16,"824 ",360,2,1,5,5,2406,0,0,0,,0,020,"RT 140","SANTA FE AV",225.00,W,N,A,-,Y,MER,10,140,-,-,37.360,H,-,W,Y,2,0,1,2,A,-,03,22350,,N,C,C,A,A,H,-,A,A,0,,,Y,,Y,,C,02,1,0,0,0,0,0,0,0,1,"- ","- ",,,MERCED,MERCED,-120.43973541259766,37.295120239257812
9830929,2025,2025-07-17,2406,2025-05-02,"856 ",334,1,5,5,5,2406,0,0,0,,0,011,"R ST","RAMBLER RD",0.00,,Y,A,-,N,,,,,,,,,,Y,3,0,2,2,A,-,09,21802,A,N,D,C,A,A,H,-,A,A,0,,,,,Y,,A,07,0,2,0,0,0,0,0,0,0,"- ","- ",,,MERCED,MERCED,-120.48674774169922,37.315242767333984
9830931,2025,2025-07-25,2406,2025-06-13,1224,309,1,5,5,5,2406,0,0,0,,0,011,"RT 59","WEST OLIVE AV",312.00,N,N,A,-,Y,MER,10,59,-,-,16.180,H,-,N,Y,4,0,3,4,A,-,09,21801,A,N,D,C,A,A,H,-,A,A,0,,,,,Y,,A,01,0,0,3,0,0,0,0,0,0,"- ","- ",,,MERCED,MERCED,-120.50489807128906,37.320110321044922
9832570,2025,2025-07-16,2406,2025-06-17,"544 ",290,3,2,5,5,2406,0,0,0,,0,030,"13TH ST","B ST",19.00,W,N,A,-,N,,,,,,,,,,N,3,0,1,1,A,-,08,22107,,M,E,I,A,A,H,-,B,A,0,,,,,Y,,A,01,0,1,0,0,0,0,0,0,0,"- ","- ",,,MERCED,MERCED,-120.47087860107422,37.291641235351562
9832660,2025,2025-08-04,2406,2025-05-31,2113,156,3,6,5,5,2406,0,0,0,,0,030,"WEST 13TH ST","MARTIN LUTHER KING JR WY",30.00,E,N,A,-,N,,,,,,,,,,N,3,0,2,2,A,-,03,22350,,M,C,C,A,A,H,-,C,A,0,,,,,Y,Y,-,"- ",0,2,0,0,0,0,0,0,0,"- ","- ",,,MERCED,MERCED,-120.48272705078125,37.296009063720703
9833363,2025,2025-07-25,2406,2025-07-01,"121 ",343,SOUTH,2,5,5,2406,0,0,0,,0,030,"MARTIN LUTHER KING JR WY","WEST 12TH ST",0.00,,Y,A,-,N,,,,,,,,,,Y,3,0,1,2,A,-,09,21802,A,F,D,C,A,A,H,-,C,A,0,,,,,Y,,A,01,0,1,0,0,0,0,0,0,0,"- ","- ",,,MERCED,MERCED,-120.48339080810547,37.295028686523438
9833385,2025,2025-07-18,2406,2025-06-29,1548,351,2,7,5,5,2406,0,0,0,,0,021,"R ST","W 22ND",0.00,,Y,A,-,N,,,,,,,,,,Y,3,0,1,2,A,-,12,21453,A,N,D,C,A,A,H,-,A,A,0,,,,,Y,,A,01,0,1,0,0,0,0,0,0,0,"- ","- ",,,MERCED,MERCED,-120.48954010009766,37.309780120849609
9833389,2025,2025-07-23,2406,2025-06-06,"722 ",342,2,5,5,5,2406,0,0,0,,0,020,"GLEN AV","EAST 22ND ST",0.00,,Y,A,-,N,,,,,,,,,,Y,3,0,1,2,A,-,09,21804,A,N,D,C,A,A,H,-,A,A,0,,,Y,,Y,,A,01,0,1,0,0,0,0,0,0,1,"- ","- ",,,MERCED,MERCED,-120.46341705322266,37.300140380859375
9833737,2025,2025-08-15,2406,2025-06-14,1706,R1,,6,5,5,2406,0,0,0,,0,2402,"ELGIN AV","SHARON LN",232.00,S,N,A,-,Y,MER,10,33,-,-,1.420,H,-,N,Y,4,0,2,2,A,-,09,21804,A,N,D,C,A,A,H,-,A,D,0,,,,,Y,,A,01,0,0,2,0,0,0,0,0,0,"- ","- ",,,MERCED,MERCED,-120.63558197021484,36.989719390869141
9846157,2024,2024-12-31,2406,2024-11-14,2152,156,1,4,5,5,2406,0,0,0,,0,010,"WEST OLIVE AV","G ST",20.00,W,N,A,-,N,,,,,,,,,,N,3,0,2,2,A,-,01,23152,A,M,C,C,A,A,H,-,C,A,0,,,,,Y,Y,A,01,0,2,0,0,0,0,0,0,0,"- ","- ",,,MERCED,MERCED,-120.46950531005859,37.31854248046875
9846257,2024,2024-12-31,2406,2024-11-14,"826 ",309,NORTH,4,5,5,2406,0,0,0,,0,010,"EL PORTAL DR","PARSONS AV",0.00,,Y,A,-,N,,,,,,,,,,N,3,0,1,2,A,-,05,21650,1,N,H,G,A,A,H,-,A,A,0,,Y,,,Y,,L,04,0,1,0,0,0,0,1,0,0,"- ","- ",,,MERCED,MERCED,-120.45108032226562,37.325332641601562
9846357,2024,2024-12-31,2406,2024-11-11,1200,268,2,1,5,5,2406,0,0,0,,0,020,"EAST CHILDS AV","COFFEE ST",0.00,,Y,B,C,N,,,,,,,,,,Y,4,0,2,2,A,-,12,21453,A,N,D,C,A,B,G,-,A,A,0,,,,,Y,,A,07,0,0,2,0,0,0,0,0,0,"- ","- ",,,MERCED,MERCED,-120.43357086181641,37.287799835205078
9850247,2024,2025-01-02,2406,2024-11-10,"132 ",345,SOUTH,7,5,5,2406,0,0,0,,0,031,"R ST","11TH ST",0.00,,Y,A,-,N,,,,,,,,,,Y,2,0,1,2,A,-,09,21804,A,F,A,C,A,A,H,-,C,D,0,,,,,Y,,D,22,1,0,0,0,0,0,0,0,0,"- ","- ",,,MERCED,MERCED,-120.49604797363281,37.298439025878906
9858047,2024,2024-12-30,2406,2024-11-21,"842 ",596,3,4,5,5,2406,0,0,0,,0,030,"G ST","EAST 13TH ST",0.00,,Y,B,-,N,,,,,,,,,,N,4,0,1,2,A,-,10,21950,A,N,G,B,B,A,H,-,A,A,0,Y,,,,Y,,-,,0,0,1,0,1,0,0,0,0,"- ","- ",,,MERCED,MERCED,-120.47830200195312,37.294399261474609
9866442,2025,2025-08-14,2406,2025-05-16,1320,304,SOUTH,5,5,5,2406,0,0,0,,0,031,"WARDROBE AV","BEECHCRAFT AV",240.00,W,N,A,-,N,,,,,,,,,,Y,3,0,1,2,A,-,09,21801,A,N,B,C,A,A,H,-,A,D,0,,,,,Y,,A,01,0,1,0,0,0,0,0,0,0,"- ","- ",,,MERCED,MERCED,-120.51614379882812,37.29547119140625
9866591,2025,2025-08-28,2401,2025-06-26,1040,726,4,4,5,3,2401,0,0,0,,0,004,"SYCAMORE AV","RT 99",0.00,,Y,A,-,Y,MER,10,99,-,-,22.849,R,4,N,N,3,0,1,2,A,-,09,21801,A,N,A,C,A,A,H,-,A,D,0,,,,,Y,,A,07,0,1,0,0,0,0,0,0,0,"- ","- ",37.346248626708984,-120.61408233642578,MERCED,ATWATER,-120.61473083496094,37.345268249511719
9866599,2025,2025-08-20,2404,2025-03-26,"0   ",X58,,3,5,3,2404,0,0,0,,0,,"WALNUT AV","EAST AV",2.00,E,N,A,-,N,,,,,,,,,,Y,2,0,2,3,A,-,09,21802,,N,D,C,A,A,H,-,C,A,0,,,,,Y,,A,01,1,1,0,0,0,0,0,0,0,"- ","- ",37.389541625976562,-120.71565246582031,MERCED,LIVINGSTON,-120.71569061279297,37.389530181884766
9866603,2025,2025-08-20,2404,2025-03-28,1055,X7,,5,5,3,2404,0,0,0,,0,,"D ST","5TH ST",0.00,,Y,A,-,N,,,,,,,,,,N,3,0,3,2,A,-,09,21802,A,N,D,C,A,A,H,-,A,A,0,,,,,Y,,A,01,0,2,1,0,0,0,0,0,0,"- ","- ",37.384231567382812,-120.72103881835938,MERCED,LIVINGSTON,-120.7210693359375,37.38421630859375
9866607,2025,2025-08-20,2404,2025-04-16,1516,X64,,3,5,3,2404,0,0,0,,0,,"MAIN ST","PARK ST",0.00,,Y,A,-,N,,,,,,,,,,N,3,0,1,2,A,-,08,22107,,N,B,C,A,A,H,-,A,D,0,,,,,Y,,D,22,0,1,0,0,0,0,0,0,0,"- ","- ",37.378650665283203,-120.72342681884766,MERCED,LIVINGSTON,-120.72341918945312,37.378620147705078
9866611,2025,2025-08-20,2404,2025-05-28,1012,X58,,3,5,3,2404,0,0,0,,0,,"MAIN ST","B ST",227.00,N,N,A,-,N,,,,,,,,,,N,2,0,1,2,A,-,10,21950,A,N,G,B,B,A,H,-,A,D,0,Y,,,,Y,,A,08,1,0,0,0,1,0,0,0,0,"- ","- ",37.386688232421875,-120.72325897216797,MERCED,LIVINGSTON,-120.72324371337891,37.386043548583984
9866615,2025,2025-08-20,2401,2025-06-06,"957 ",722,1,5,5,3,2401,0,0,0,,0,001,"7TH ST","BELLEVUE RD",0.00,,Y,A,-,N,,,,,,,,,,Y,3,0,1,2,A,-,12,21453,A,N,D,C,A,A,H,-,A,A,0,,,,,Y,,A,01,0,1,0,0,0,0,0,0,0,"- ","- ",37.360919952392578,-120.60621643066406,MERCED,ATWATER,-120.61093139648438,37.360431671142578
9866619,2025,2025-08-20,2404,2025-06-19,2000,X22,,4,5,3,2404,0,0,0,,0,,"CAMPBELL BL","HAMMATT AV",0.00,,Y,A,-,N,,,,,,,,,,N,3,0,1,2,A,-,09,21800,A,N,D,C,A,A,H,-,A,A,0,,,,,Y,,A,01,0,1,0,0,0,0,0,0,0,"- ","- ",37.386768341064453,-120.71227264404297,MERCED,LIVINGSTON,-120.71228790283203,37.386783599853516
9866840,2025,2025-09-26,2404,2025-01-12,1621,X57,,7,5,3,2404,0,0,0,,0,,"N MAIN ST","DAVIS ST",6.00,S,N,A,F,N,,,,,,,,,,Y,1,1,0,2,A,-,10,21950,,N,A,B,B,A,H,-,A,A,0,Y,,,,Y,,A,01,0,0,0,1,0,0,0,0,0,"- ","- ",37.390048980712891,-120.72093200683594,MERCED,LIVINGSTON,-120.95284271240234,39.93670654296875
9867625,2025,2025-08-22,2406,2025-07-10,1420,355,1,4,5,5,2406,0,0,0,,0,011,"WEST 16TH ST","RT 59",375.00,E,N,A,-,N,,,,,,,,,,Y,4,0,5,4,A,-,03,22350,,N,C,C,A,A,D,-,A,D,0,,,,,Y,,A,01,0,0,5,0,0,0,0,0,0,"- ","- ",,,MERCED,MERCED,-120.50093841552734,37.306667327880859
9867629,2025,2025-08-22,2406,2025-07-15,2203,255,3,2,5,5,2406,0,0,0,,0,030,"GRANADA CT","RANCHO CAMINO DR",361.00,N,N,A,-,N,,,,,,,,,,N,3,0,1,2,A,-,11,21954,A,N,G,B,E,A,H,-,C,D,0,Y,,,,Y,,N,60,0,1,0,0,1,0,0,0,0,"- ","- ",,,MERCED,MERCED,-120.48529815673828,37.276832580566406
9867630,2025,2025-08-22,2406,2025-07-14,"748 ",290,1,1,5,5,2406,0,0,0,,0,011,"BUENA VISTA DR","SAN GREGORIO CT",40.00,E,N,A,-,N,,,,,,,,,,N,3,0,1,1,A,-,03,22350,,N,E,I,A,A,H,-,-,D,0,,,Y,,Y,,C,02,0,1,0,0,0,0,0,0,1,"- ","- ",,,MERCED,MERCED,-120.49840545654297,37.326358795166016
9867631,2025,2025-08-22,2406,2025-07-04,2021,358,1,5,5,5,2406,0,0,0,,0,011,"EL REDONDO","SANTA MONICA ST",163.00,E,N,A,-,N,,,,,,,,,,N,3,0,2,1,A,-,03,22350,,N,F,A,A,A,H,-,A,D,0,,,Y,,Y,,C,02,0,2,0,0,0,0,0,0,2,"- ","- ",,,MERCED,MERCED,-120.49594116210938,37.330131530761719
9867632,2025,2025-08-22,2406,2025-07-02,1102,268,1,3,5,5,2406,0,0,0,,0,011,"R ST","WEST OLIVE AV",180.00,S,N,A,-,N,,,,,,,,,,N,2,0,1,2,A,-,03,22350,,N,D,C,A,A,H,-,A,D,0,,,,,Y,,M,94,1,0,0,0,0,0,0,0,0,"- ","- ",,,MERCED,MERCED,-120.48680114746094,37.318809509277344
9867636,2025,2025-08-22,2406,2025-07-20,1119,344,3,7,5,5,2406,0,0,0,,0,030,"S MATHER RD","MISSION AV",339.00,N,N,A,-,N,,,,,,,,,,Y,2,0,1,1,A,-,03,22350,,M,H,A,A,A,H,-,A,D,0,,,Y,,Y,,C,02,1,0,0,0,0,0,0,0,1,"- ","- ",,,MERCED,MERCED,-120.47548675537109,37.274341583251953
9867651,2025,2025-08-27,2406,2025-06-19,2201,348,1,4,5,5,2406,0,0,0,,0,010,"G ST","OLIVE AV",0.00,,Y,A,-,N,,,,,,,,,,N,3,0,1,2,A,-,12,21453,A,N,D,C,A,A,H,-,C,A,0,,,,,Y,,A,01,0,1,0,0,0,0,0,0,0,"- ","- ",,,MERCED,MERCED,-120.46944427490234,37.318534851074219
9867652,2025,2025-08-26,2406,2025-06-21,"56  ",348,1,6,5,5,2406,0,0,0,,0,010,"BEAR CREEK DR","TAHOE DR",162.00,E,N,A,-,N,,,,,,,,,,Y,4,0,1,1,A,-,01,23152,A,N,E,I,A,A,H,-,D,D,0,,,,,Y,Y,A,01,0,0,1,0,0,0,0,0,0,"- ","- ",,,MERCED,MERCED,-120.46495819091797,37.308544158935547
9867668,2025,2025-08-21,2406,2025-04-19,2207,348,1,6,5,5,2406,0,0,0,,0,010,"YOSEMITE AV","MANSIONETTE DR",248.00,E,N,A,-,N,,,,,,,,,,Y,3,0,1,1,A,-,08,22107,,N,E,I,A,A,H,-,C,D,0,,,,,Y,Y,A,01,0,1,0,0,0,0,0,0,0,"- ","- ",,,MERCED,MERCED,-120.4635009765625,37.332141876220703
9867810,2025,2025-08-08,2406,2025-05-17,1811,348,1,6,5,5,2406,0,0,0,,0,011,"M ST","LEHIGH DR",609.00,N,N,A,-,N,,,,,,,,,,Y,3,0,1,1,A,-,01,23152,A,N,E,I,A,A,H,-,A,D,0,,,,,Y,Y,D,22,0,1,0,0,0,0,0,0,0,"- ","- ",,,MERCED,MERCED,-120.47829437255859,37.341590881347656
9869512,2025,2025-08-28,2401,2025-07-17,1132,731,2,4,5,3,2401,0,0,0,,0,002,"BELLEVUE RD","SHAFFER RD",60.00,W,N,A,-,N,,,,,,,,,,N,4,0,2,3,A,-,03,22350,,N,C,C,A,A,H,-,A,A,0,,,,,Y,,A,01,0,0,2,0,0,0,0,0,0,"- ","- ",37.360488891601562,-120.58468627929688,MERCED,ATWATER,-120.59601593017578,37.360458374023438
9869513,2025,2025-08-28,2401,2025-07-26,"0   ",727,2,6,5,3,2401,0,0,0,,0,002,"E BELLEVIEW RD","BROWNELL ST",0.00,,Y,A,-,N,,,,,,,,,,N,4,0,1,2,A,-,09,21801,A,N,D,C,A,A,H,-,A,D,0,,,,,Y,,A,01,0,0,1,0,0,0,0,0,0,"- ","- ",37.360931396484375,-120.5947265625,MERCED,ATWATER,-120.59353637695312,37.360477447509766
9869514,2025,2025-08-28,2401,2025-07-04,2211,744,4,5,5,3,2401,0,0,0,,0,004,"OLIVE AV","HERMAN ST",222.00,W,N,A,-,N,,,,,,,,,,N,3,0,2,3,A,-,10,21950,A,N,G,B,E,A,E,-,C,D,0,Y,,,,Y,,A,01,0,2,0,0,2,0,0,0,0,"- ","- ",37.352371215820312,-120.62251281738281,MERCED,ATWATER,-120.62019348144531,37.35150146484375
9869515,2025,2025-08-28,2401,2025-07-13,2100,737,1,7,5,3,2401,0,0,0,,0,001,"JUNIPER AV","7TH ST",0.00,,Y,A,-,N,,,,,,,,,,Y,3,0,1,1,A,-,03,22350,,N,E,I,A,A,H,-,C,D,0,,,,,Y,,A,01,0,1,0,0,0,0,0,0,0,"- ","- ",37.355480194091797,-120.61031341552734,MERCED,ATWATER,-120.60922241210938,37.354850769042969
9869528,2025,2025-08-25,2404,2025-06-21,1939,X56,,6,5,3,2404,0,0,0,,0,,"BRIARWOOD DR","ELMWOOD WY",53.00,N,N,A,-,N,,,,,,,,,,Y,3,0,2,2,A,-,09,21804,A,N,A,C,A,A,H,-,B,A,0,,,,,Y,,A,01,0,2,0,0,0,0,0,0,0,"- ","- ",37.382999420166016,-120.73152160644531,MERCED,LIVINGSTON,-120.73150634765625,37.383167266845703
9869595,2025,2025-09-03,2404,2025-03-22,1410,X17,,6,5,3,2404,0,0,0,,0,,"B ST","WINTON PKWY",396.00,E,N,A,-,N,,,,,,,,,,N,4,0,1,2,A,-,09,21804,A,N,D,C,A,A,H,-,A,D,0,,,,,Y,,A,01,0,0,1,0,0,0,0,0,0,"- ","- ",37.385910034179688,-120.73709869384766,MERCED,LIVINGSTON,-120.73575592041016,37.38592529296875
9870171,2025,2025-08-21,2404,2025-04-30,1724,X5,,3,5,3,2404,0,0,0,,0,,"CAMPBELL BL","HAMMAT AV",0.00,,N,A,-,N,,,,,,,,,,Y,3,0,1,2,A,-,08,22100,B,N,D,C,A,A,H,-,A,A,0,,,,,Y,,A,01,0,1,0,0,0,0,0,0,0,"- ","- ",37.386768341064453,-120.71227264404297,MERCED,LIVINGSTON,-120.71228790283203,37.386783599853516
9870177,2025,2025-09-19,2404,2025-03-11,2024,X28,,2,5,3,2404,0,0,0,,0,,"MAIN ST","B ST",0.00,,Y,A,-,N,,,,,,,,,,Y,4,0,1,2,A,-,09,21800,,N,D,C,A,A,H,-,C,D,0,,,,,Y,,A,01,0,0,1,0,0,0,0,0,0,"- ","- ",37.385540008544922,-120.72395324707031,MERCED,LIVINGSTON,-120.72324371337891,37.386043548583984
9870198,2025,2025-08-22,2401,2025-06-23,1621,745,1,1,5,3,2401,0,0,0,,0,001,"JUNIPER AV","SHAFFERD RD",0.00,,Y,A,-,N,,,,,,,,,,N,2,0,2,2,A,-,12,21453,A,N,D,C,A,A,H,-,A,A,0,,,,,Y,,I,11,1,1,0,0,0,0,0,0,0,"- ","- ",37.349849700927734,-120.59588623046875,MERCED,ATWATER,-120.59590911865234,37.349830627441406
9870204,2025,2025-08-21,2404,2025-06-09,"345 ",X65,,1,5,3,2404,0,0,0,,0,,"COLOMBARD WY","BURGUNDY DR",158.00,S,N,A,-,N,,,,,,,,,,N,3,0,1,3,A,-,01,23152,A,M,C,E,A,A,H,-,C,D,0,,,,,Y,Y,D,22,0,1,0,0,0,0,0,0,0,"- ","- ",37.377700805664062,-120.71278381347656,MERCED,LIVINGSTON,-120.7125244140625,37.377765655517578
9870243,2025,2025-09-02,2401,2025-06-17,"936 ",749,4,2,5,3,2401,0,0,0,,0,004,"BROADWAY AV","CAPITOL ST",52.00,E,N,A,-,N,,,,,,,,,,N,3,0,1,2,A,-,09,21804,A,N,D,C,A,A,H,-,A,D,0,,,,,Y,,A,01,0,1,0,0,0,0,0,0,0,"- ","- ",37.342849731445312,-120.59796142578125,MERCED,ATWATER,-120.59780883789062,37.342781066894531
9871676,2025,2025-08-18,2406,2025-07-11,"34  ",348,2,5,5,5,2406,0,0,0,,0,020,"MOTEL DR","CAROL AV",1000.00,W,N,A,-,N,,,,,,,,,,N,3,0,1,2,A,-,11,21954,A,M,G,B,E,A,H,-,D,D,0,Y,,,,Y,,-,99,0,1,0,0,1,0,0,0,0,"- ","- ",,,MERCED,MERCED,-120.45767974853516,37.289596557617188
9871678,2025,2025-08-18,2406,2025-07-24,"507 ",359,1,4,5,5,2406,0,0,0,,0,010,"G ST","MERCY AV",1500.00,S,N,A,-,N,,,,,,,,,,Y,4,0,1,1,A,-,05,21651,A,N,E,I,A,A,H,-,C,D,0,,,,,Y,,A,01,0,0,1,0,0,0,0,0,0,"- ","- ",,,MERCED,MERCED,-120.46907043457031,37.334762573242188
9871679,2025,2025-08-18,2406,2025-07-28,2322,329,1,1,5,5,2406,0,0,0,,0,011,"M ST","W NORTH BEAR CREEK DR",0.00,,Y,A,-,N,,,,,,,,,,Y,3,0,2,2,A,-,12,21453,A,N,D,C,A,A,H,-,C,A,0,,,,,Y,,A,01,0,2,0,0,0,0,0,0,0,"- ","- ",,,MERCED,MERCED,-120.47868347167969,37.313449859619141
9871680,2025,2025-08-18,2406,2025-07-27,1748,344,2,7,5,5,2406,0,0,0,,0,020,"FRONTAGE RD","E GERARD AV",0.00,,Y,A,-,N,,,,,,,,,,Y,4,0,1,1,A,-,03,22350,,N,E,I,A,A,H,-,A,D,0,,,,,Y,,A,07,0,0,1,0,0,0,0,0,0,"- ","- ",,,MERCED,MERCED,,
9871681,2025,2025-08-18,2406,2025-07-11,1703,309,2,5,5,5,2406,0,0,0,,0,020,"G ST","EAST 26TH ST",0.00,,Y,A,-,N,,,,,,,,,,N,2,0,1,2,A,-,09,21801,A,N,A,G,A,A,H,-,A,A,0,,Y,,,Y,,A,01,1,0,0,0,0,0,1,0,0,"- ","- ",,,MERCED,MERCED,-120.47062683105469,37.307628631591797
9871735,2025,2025-08-12,2406,2025-01-24,"38  ",338,1,5,5,5,2406,0,0,0,,0,011,"SACRAMENTO DR","BISMARK DR",100.00,N,N,A,-,N,,,,,,,,,,N,3,0,1,2,A,-,08,22107,,N,B,E,A,A,H,-,C,D,0,,,,,Y,,A,01,0,1,0,0,0,0,0,0,0,"- ","- ",,,MERCED,MERCED,-120.49716949462891,37.322334289550781
9871776,2025,2025-09-17,2406,2025-07-30,"43  ",354,2,3,5,5,2406,0,0,0,,0,020,"EAST CHILDS AV","CAMPUS PKWY",43.00,E,N,A,-,N,,,,,,,,,,Y,2,0,1,2,A,-,01,23152,A,N,D,C,A,A,H,-,C,A,0,,,,Y,Y,Y,A,07,1,0,0,0,0,0,0,0,0,"- ","- ",,,MERCED,MERCED,-120.42346954345703,37.287818908691406
9871777,2025,2025-08-15,2406,2025-07-24,1409,259,2,4,5,5,2406,0,0,0,,0,020,"M ST","W 18TH ST",0.00,,Y,A,-,N,,,,,,,,,,Y,4,0,1,2,A,-,08,22100,A,F,B,C,A,A,H,-,A,A,0,,,,,Y,Y,D,22,0,0,1,0,0,0,0,0,0,"- ","- ",,,MERCED,MERCED,-120.48426055908203,37.303001403808594
9871778,2025,2025-08-18,2406,2025-07-20,"304 ",337,CENTR,7,5,5,2406,0,0,0,,0,020,"VIERRA DR","TREVOR ST",92.00,E,N,A,-,N,,,,,,,,,,Y,2,0,1,3,A,-,01,23152,A,N,C,E,A,A,H,-,C,D,0,,,,,Y,Y,A,07,1,0,0,0,0,0,0,0,0,"- ","- ",,,MERCED,MERCED,-120.42730712890625,37.289634704589844
9871780,2025,2025-08-19,2406,2025-04-08,2353,329,1,2,5,5,2406,0,0,0,,0,011,"W N BEARCREEK DR","BROOKSIDE DR",145.00,W,N,A,-,N,,,,,,,,,,Y,3,0,1,1,A,-,08,22107,,N,E,I,A,A,H,-,C,D,0,,,,,Y,,D,22,0,1,0,0,0,0,0,0,0,"- ","- ",,,MERCED,MERCED,-120.49889373779297,37.310977935791016
9871781,2025,2025-08-14,2406,2025-05-21,2159,329,1,3,5,5,2406,0,0,0,,0,010,"WEST YOSEMITE AV","G ST",20.00,W,N,A,-,N,,,,,,,,,,Y,4,0,1,2,A,-,01,23152,A,N,C,C,A,A,H,-,B,A,0,,,,,Y,Y,D,22,0,0,1,0,0,0,0,0,0,"- ","- ",,,MERCED,MERCED,-120.46914672851562,37.332118988037109
9871886,2025,2025-08-15,2406,2025-06-17,"356 ",155,331,2,5,5,2406,0,0,0,,0,,"WEST 9TH ST","U ST",0.00,,Y,A,-,N,,,,,,,,,,Y,4,0,11,3,A,-,09,21800,B,N,D,C,A,A,H,-,D,D,0,,,,,Y,,A,08,0,0,11,0,0,0,0,0,0,"- ","- ",,,MERCED,MERCED,-120.50167083740234,37.298122406005859
9872248,2025,2025-08-21,2406,2025-06-11,"810 ",351,2,3,5,5,2406,0,0,0,,0,021,"16TH ST","O ST",0.00,,Y,A,-,N,,,,,,,,,,Y,3,0,1,2,A,-,12,21453,A,N,D,C,A,A,H,-,A,A,0,,,,,Y,,A,01,0,1,0,0,0,0,0,0,0,"- ","- ",,,MERCED,MERCED,-120.48847198486328,37.302093505859375
9872331,2025,2025-08-21,2406,2025-07-07,1849,360,SOUTH,1,5,5,2406,0,0,0,,0,031,"WEST CHILDS AV","R ST",0.00,,Y,A,-,N,,,,,,,,,,Y,4,0,2,2,A,-,12,22450,A,N,D,C,A,A,H,-,A,A,0,,,,,Y,,A,07,0,0,2,0,0,0,0,0,0,"- ","- ",,,MERCED,MERCED,-120.50199127197266,37.288196563720703
9872332,2025,2025-08-21,2406,2025-07-14,2220,313,1,1,5,5,2406,0,0,0,,0,011,"WEST 16TH ST","ASHBY RD",0.00,,Y,A,-,N,,,,,,,,,,Y,2,0,2,2,A,-,09,21801,A,N,D,C,A,A,H,-,D,A,0,,,Y,,Y,,A,01,2,0,0,0,0,0,0,0,1,"- ","- ",,,MERCED,MERCED,-120.50895690917969,37.30926513671875
9872338,2025,2025-09-08,2406,2025-08-10,2242,359,3,7,5,5,2406,0,0,0,,0,030,"E GERARD AV","DOPPLER RD",34.00,S,N,A,-,N,,,,,,,,,,Y,3,0,3,1,A,-,03,22350,,N,E,I,A,A,H,-,C,D,0,,,,,Y,,A,07,0,3,0,0,0,0,0,0,0,"- ","- ",,,MERCED,MERCED,-120.44805908203125,37.280559539794922
9872339,2025,2025-09-02,2406,2025-08-03,2042,328,1,7,5,5,2406,0,0,0,,0,011,"M ST","WEST YOSEMITE AV",18.00,N,N,A,-,N,,,,,,,,,,Y,3,0,2,2,A,-,01,23152,A,N,C,C,A,A,H,-,C,A,0,,,,,Y,Y,A,01,0,2,0,0,0,0,0,0,0,"- ","- ",,,MERCED,MERCED,-120.47844696044922,37.332160949707031
9872439,2025,2025-08-26,2406,2025-07-16,1432,354,2,3,5,5,2406,0,0,0,,0,020,"G ST","MAIN ST",0.00,,Y,A,-,N,,,,,,,,,,N,4,0,1,2,A,-,12,21453,A,N,H,G,A,A,H,-,A,A,0,,Y,,,Y,,L,04,0,0,1,0,0,0,1,0,0,"- ","- ",,,MERCED,MERCED,-120.475830078125,37.298683166503906
9872440,2025,2025-08-26,2406,2025-07-10,1550,354,3,4,5,5,2406,0,0,0,,0,031,"R ST","WEST 11TH ST",0.00,,Y,A,-,N,,,,,,,,,,Y,3,0,2,2,A,-,09,21802,A,N,D,C,A,A,H,-,A,A,0,,,,,Y,,A,01,0,1,1,0,0,0,0,0,0,"- ","- ",,,MERCED,MERCED,-120.49604797363281,37.298439025878906