CASE_ID,ACCIDENT_YEAR,PROC_DATE,JURIS,COLLISION_DATE,COLLISION_TIME,OFFICER_ID,REPORTING_DISTRICT,DAY_OF_WEEK,CHP_SHIFT,POPULATION,CNTY_CITY_LOC,SPECIAL_COND,BEAT_TYPE,CHP_BEAT_TYPE,CITY_DIVISION_LAPD,CHP_BEAT_CLASS,BEAT_NUMBER,PRIMARY_RD,SECONDARY_RD,DISTANCE,DIRECTION,INTERSECTION,WEATHER_1,WEATHER_2,STATE_HWY_IND,CALTRANS_COUNTY,CALTRANS_DISTRICT,STATE_ROUTE,ROUTE_SUFFIX,POSTMILE_PREFIX,POSTMILE,LOCATION_TYPE,RAMP_INTERSECTION,SIDE_OF_HWY,TOW_AWAY,COLLISION_SEVERITY,NUMBER_KILLED,NUMBER_INJURED,PARTY_COUNT,PRIMARY_COLL_FACTOR,PCF_CODE_OF_VIOL,PCF_VIOL_CATEGORY,PCF_VIOLATION,PCF_VIOL_SUBSECTION,HIT_AND_RUN,TYPE_OF_COLLISION,MVIW,PED_ACTION,ROAD_SURFACE,ROAD_COND_1,ROAD_COND_2,LIGHTING,CONTROL_DEVICE,CHP_ROAD_TYPE,PEDESTRIAN_ACCIDENT,BICYCLE_ACCIDENT,MOTORCYCLE_ACCIDENT,TRUCK_ACCIDENT,NOT_PRIVATE_PROPERTY,ALCOHOL_INVOLVED,STWD_VEHTYPE_AT_FAULT,CHP_VEHTYPE_AT_FAULT,COUNT_SEVERE_INJ,COUNT_VISIBLE_INJ,COUNT_COMPLAINT_PAIN,COUNT_PED_KILLED,COUNT_PED_INJURED,COUNT_BICYCLIST_KILLED,COUNT_BICYCLIST_INJURED,COUNT_MC_KILLED,COUNT_MC_INJURED,PRIMARY_RAMP,SECONDARY_RAMP,LATITUDE,LONGITUDE,COUNTY,CITY,POINT_X,POINT_Y
9899566,2025,2026-02-09,2403,2025-04-14,1332,Z25,,1,5,2,2403,0,0,0,,0,,"MEREDITH AV","GROVE AV",30.00,W,N,A,-,N,,,,,,,,,,N,3,0,1,2,A,-,00,22954,,N,G,B,D,A,H,-,A,A,0,Y,,,,Y,,N,60,0,1,0,0,1,0,0,0,0,"- ","- ",37.249401092529297,-120.99891662597656,MERCED,GUSTINE,-120.99904632568359,37.249404907226562
9899569,2025,2026-02-09,2403,2025-06-14,1949,Z15,,6,5,2,2403,0,0,0,,0,,"VERDE DR","LINDEN AV",273.00,W,N,A,-,N,,,,,,,,,,Y,3,0,1,2,A,-,01,23152,A,N,A,E,A,A,H,-,A,D,0,,,,,Y,Y,M,96,0,1,0,0,0,0,0,0,0,"- ","- ",37.254669189453125,-121.00906372070312,MERCED,GUSTINE,-121.00896453857422,37.254467010498047
9902886,2025,2026-02-05,2404,2025-07-31,"125 ",X58,,4,5,3,2404,0,0,0,,0,,"HAMMATT AV","WALNUT AV",0.00,,Y,A,-,N,,,,,,,,,,Y,4,0,1,2,A,-,12,21453,A,N,B,D,A,A,H,-,C,A,0,,,,,Y,,A,01,0,0,1,0,0,0,0,0,0,"- ","- ",,,MERCED,LIVINGSTON,-120.71215057373047,37.389564514160156
9902902,2025,2026-02-05,2404,2025-10-06,"750 ",X17,,1,5,3,2404,0,0,0,,0,,"F ST","BARCELONA DR",20.00,E,N,A,-,N,,,,,,,,,,Y,4,0,1,2,A,-,09,21802,A,N,A,C,A,A,H,-,A,A,0,,,,,Y,,A,01,0,0,1,0,0,0,0,0,0,"- ","- ",,,MERCED,LIVINGSTON,-120.73963165283203,37.382308959960938
9903199,2025,2026-02-13,2406,2025-10-05,"155 ",156,2,7,5,5,2406,0,0,0,,0,020,"G ST","23RD ST",6.00,W,N,A,-,N,,,,,,,,,,N,3,0,1,2,A,-,08,22107,,F,H,G,A,A,H,-,C,D,0,,Y,,,Y,Y,A,01,0,1,0,0,0,0,1,0,0,"- ","- ",,,MERCED,MERCED,-120.47245788574219,37.30462646484375
9903984,2025,2026-01-28,2401,2025-11-18,"900 ",747,3,2,5,3,2401,0,0,0,,0,003,"GREEN SANDS AV","BUHACH RD",0.00,,Y,B,-,N,,,,,,,,,,N,4,0,1,2,D,-,00,,,N,C,C,A,D,H,-,B,A,0,,,,,Y,,-,"- ",0,0,1,0,0,0,0,0,0,"- ","- ",37.338001251220703,-120.57599639892578,MERCED,ATWATER,-120.57713317871094,37.338542938232422
9904113,2025,2026-02-23,2406,2025-11-17,1252,259,3,1,5,5,2406,0,0,0,,0,030,"MARTIN LUTHER KING JR WY","11TH ST",0.00,,Y,B,-,Y,,,,,,,,,,Y,3,0,3,3,A,-,09,21802,A,N,D,C,A,B,H,-,A,A,0,,,,Y,Y,,A,01,0,3,0,0,0,0,0,0,0,"- ","- ",,,MERCED,MERCED,-120.48395538330078,37.294029235839844
9904122,2025,2026-02-04,2406,2025-11-17,"817 ",268,2,1,5,5,2406,0,0,0,,0,021,"M ST","WEST 26TH ST",0.00,,Y,B,-,N,,,,,,,,,,Y,4,0,2,2,A,-,09,21802,A,N,D,C,A,B,H,-,A,A,0,,,,,Y,,A,01,0,0,2,0,0,0,0,0,0,"- ","- ",,,MERCED,MERCED,-120.47969055175781,37.310958862304688
9904126,2025,2026-02-06,2406,2025-10-04,2242,340,2,6,5,5,2406,0,0,0,,0,020,"GERARD AV","PARSONS AV",0.00,,Y,A,-,N,,,,,,,,,,N,4,0,1,2,A,-,10,21950,A,F,G,B,D,A,H,-,C,A,0,Y,,,,Y,,D,22,0,0,1,0,1,0,0,0,0,"- ","- ",,,MERCED,MERCED,-120.44642639160156,37.280403137207031
9904127,2025,2026-02-04,2406,2025-11-11,1445,259,2,2,5,5,2406,0,0,0,,0,021,"WEST 15TH ST","V ST",868.00,E,N,A,-,N,,,,,,,,,,N,4,0,1,2,A,-,03,22350,,F,C,C,A,A,H,-,A,A,0,,,,,Y,,D,22,0,0,1,0,0,0,0,0,0,"- ","- ",,,MERCED,MERCED,-120.49700164794922,37.303680419921875
9904714,2025,2026-02-10,2401,2025-11-28,"215 ",735,3,5,5,3,2401,0,0,0,,0,003,"SHAFFER RD","OSBORN TERRACE",321.00,S,N,A,-,N,,,,,,,,,,Y,4,0,1,2,A,-,07,21658,A,N,C,E,A,A,H,-,C,D,0,,,,Y,Y,Y,A,01,0,0,1,0,0,0,0,0,0,"- ","- ",37.346298217773438,-120.59562683105469,MERCED,ATWATER,-120.595947265625,37.346260070800781
9905087,2025,2026-01-29,2401,2025-12-04,2006,749,4,4,5,3,2401,0,0,0,,0,004,"WINTON WY","CEDAR AV",0.00,,Y,A,-,N,,,,,,,,,,Y,3,0,2,2,A,-,09,21801,A,N,A,D,A,A,H,-,C,D,0,,,,,Y,,A,01,0,2,0,0,0,0,0,0,0,"- ","- ",37.348709106445312,-120.61264801025391,MERCED,ATWATER,-120.61285400390625,37.349208831787109
9905088,2025,2026-02-03,2401,2025-12-12,2110,735,4,5,5,3,2401,0,0,0,,0,004,"ATWATER BL","WINTON WY",80.00,E,N,A,E,N,,,,,,,,,,Y,3,0,2,3,A,-,01,23153,A,N,A,C,A,A,H,-,C,D,0,,,,,Y,Y,A,01,0,1,1,0,0,0,0,0,0,"- ","- ",37.346988677978516,-120.61199188232422,MERCED,ATWATER,-120.61171722412109,37.346878051757812
9905104,2025,2026-01-28,2401,2025-12-02,"847 ",731,2,2,5,3,2401,0,0,0,,0,002,"EAST BELLEVUE RD","DETERMINE DR",238.00,W,N,B,-,N,,,,,,,,,,N,4,0,1,2,A,-,09,21801,A,N,D,C,A,A,H,-,A,D,0,,,,,Y,,A,01,0,0,1,0,0,0,0,0,0,"- ","- ",37.360511779785156,-120.58271789550781,MERCED,ATWATER,-120.58268737792969,37.360511779785156
9905351,2025,2026-02-26,2406,2025-12-12,1531,309,1,5,5,5,2406,0,0,0,,0,011,"M ST","BUENA VISTA DR",0.00,,Y,B,-,N,,,,,,,,,,N,4,0,1,2,A,-,09,21802,A,N,D,G,A,A,H,-,A,A,0,,Y,,,Y,,D,22,0,0,1,0,0,0,1,0,0,"- ","- ",,,MERCED,MERCED,-120.47853088378906,37.326995849609375
9905355,2025,2026-02-10,2403,2025-01-26,1024,Z32,,7,5,2,2403,0,0,0,,0,,"SOUTH AV","8TH ST",0.00,,Y,A,B,N,,,,,,,,,,N,4,0,1,2,A,-,03,22350,,N,C,C,A,A,H,-,A,D,0,,,,,Y,,A,07,0,0,1,0,0,0,0,0,0,"- ","- ",37.252750396728516,-121.00234222412109,MERCED,GUSTINE,-121.00279998779297,37.253017425537109
9905441,2025,2026-02-09,2403,2025-09-17,1534,Z15,,3,5,2,2403,0,0,0,,0,,"5TH AV","5TH ST",0.00,,Y,A,-,N,,,,,,,,,,Y,3,0,3,2,A,-,09,21802,A,N,D,C,A,A,H,-,A,D,0,,,,,Y,,A,01,0,3,0,0,0,0,0,0,0,"- ","- ",37.254749298095703,-120.99913787841797,MERCED,GUSTINE,-120.99913787841797,37.254745483398438
9905442,2025,2026-02-09,2403,2025-09-23,1725,Z36,,2,5,2,2403,0,0,0,,0,,"NORTH AV","5TH ST",16.00,E,N,A,F,N,,,,,,,,,,N,3,0,1,2,A,-,10,21950,A,N,G,B,D,A,H,-,A,D,0,Y,,,,Y,,A,01,0,1,0,0,1,0,0,0,0,"- ","- ",37.260208129882812,-121.00124359130859,MERCED,GUSTINE,-121.00115203857422,37.260189056396484
9905774,2025,2026-02-26,2406,2025-11-30,2022,313,2,7,5,5,2406,0,0,0,,0,020,"MARTIN LUTHER KING JR WY","14TH ST",70.00,S,N,A,-,Y,,,,,,,,,,Y,3,0,3,2,A,-,09,21802,A,N,B,C,A,A,H,-,C,A,0,,,,,Y,,A,01,0,2,1,0,0,0,0,0,0,"- ","- ",,,MERCED,MERCED,-120.48235321044922,37.296844482421875
9906141,2025,2026-02-04,2406,2025-10-24,1941,361,1,5,5,5,2406,0,0,0,,0,010,"G ST","OLIVE AV",0.00,,Y,A,-,N,,,,,,,,,,N,4,0,3,3,A,-,03,22350,,N,C,C,A,A,H,-,C,D,0,,,,,Y,,D,22,0,0,3,0,0,0,0,0,0,"- ","- ",,,MERCED,MERCED,-120.46944427490234,37.318534851074219
9906142,2025,2026-02-05,2406,2025-10-22,1559,268,1,3,5,5,2406,0,0,0,,0,010,"BELLEVUE RD","LAKE RD",15.00,W,N,B,-,N,,,,,,,,,,Y,4,0,1,2,A,-,08,22107,,N,B,C,A,A,H,-,-,D,0,,,,Y,Y,,A,01,0,0,1,0,0,0,0,0,0,"- ","- ",,,MERCED,MERCED,-120.43233489990234,37.361190795898438
9906143,2025,2026-02-04,2406,2025-11-07,1202,259,1,5,5,5,2406,0,0,0,,0,010,"BEAR CREEK DR","G ST",212.00,W,N,A,-,N,,,,,,,,,,Y,4,0,1,3,A,-,03,22350,,N,C,C,A,A,H,-,A,A,0,,,,,Y,,D,22,0,0,1,0,0,0,0,0,0,"- ","- ",,,MERCED,MERCED,-120.47000122070312,37.310409545898438
9906144,2025,2026-02-02,2406,2025-11-07,"720 ",259,1,5,5,5,2406,0,0,0,,0,011,"COOPER AV","ASHBY RD",444.00,N,N,A,-,N,,,,,,,,,,Y,3,0,2,2,D,-,00,,,N,B,C,A,A,H,-,A,D,0,,,,Y,Y,,-,"- ",0,2,0,0,0,0,0,0,0,"- ","- ",,,MERCED,MERCED,-120.51929473876953,37.314888000488281
9906149,2025,2026-02-06,2406,2025-12-26,"915 ",309,2,5,5,5,2406,0,0,0,,0,020,"16TH ST","M ST",0.00,,Y,B,-,N,,,,,,,,,,Y,4,0,1,2,A,-,08,22100,A,N,D,C,A,A,H,-,A,A,0,,,,,Y,,A,01,0,0,1,0,0,0,0,0,0,"- ","- ",,,MERCED,MERCED,-120.48542785644531,37.300975799560547
9906151,2025,2026-02-13,2406,2025-09-26,1900,347,SOUTH,5,5,5,2406,0,0,0,,0,030,"RT 140","16TH ST",75.00,N,N,A,-,Y,MER,10,99,-,-,14.026,R,4,S,Y,3,0,1,3,A,-,12,22450,A,N,D,C,A,A,H,-,B,A,0,,,,,Y,,A,01,0,1,0,0,0,0,0,0,0,"- ","- ",,,MERCED,MERCED,-120.47066497802734,37.295581817626953
9906283,2025,2026-02-06,2406,2025-11-06,"655 ",342,1,4,5,5,2406,0,0,0,,0,010,"OLIVE AV","COLLEGE AV",0.00,,Y,B,-,N,,,,,,,,,,N,2,0,1,2,A,-,03,22350,,F,H,G,A,A,H,-,A,D,0,,Y,,,Y,,A,07,1,0,0,0,0,0,1,0,0,"- ","- ",,,MERCED,MERCED,-120.46630859375,37.3184814453125
9906284,2025,2026-02-06,2406,2025-11-23,1215,363,2,7,5,5,2406,0,0,0,,0,020,"I ST","W 18TH ST",0.00,,Y,A,-,N,,,,,,,,,,N,3,0,1,2,A,-,09,21802,A,F,H,G,A,A,H,-,A,D,0,,Y,,,Y,Y,L,04,0,1,0,0,0,0,1,0,0,"- ","- ",,,MERCED,MERCED,-120.478271484375,37.300769805908203
9906285,2025,2026-02-03,2406,2025-11-06,1327,268,3,4,5,5,2406,0,0,0,,0,031,"8TH ST","P ST",0.00,,N,A,-,N,,,,,,,,,,Y,4,0,2,1,A,-,08,22107,,F,E,I,A,A,H,-,A,A,0,,,,,Y,,A,01,0,0,2,0,0,0,0,0,0,"- ","- ",,,MERCED,MERCED,-120.49472045898438,37.294387817382812
9906286,2025,2026-02-03,2406,2025-11-04,"958 ",259,1,2,5,5,2406,0,0,0,,0,010,"G ST","OLIVE AV",530.00,S,N,A,-,N,,,,,,,,,,N,4,0,1,2,A,-,03,22350,,N,C,C,A,A,H,-,A,A,0,,,,,Y,,A,01,0,0,1,0,0,0,0,0,0,"- ","- ",,,MERCED,MERCED,-120.46943664550781,37.317085266113281
9906307,2025,2026-02-02,2406,2025-10-29,2002,360,2,3,5,5,2406,0,0,0,,0,021,"WEST 15TH ST","R ST",15.00,W,N,A,-,N,,,,,,,,,,N,2,0,1,2,A,-,09,21804,A,F,H,G,A,A,H,-,A,A,0,,Y,,,Y,,A,07,1,0,0,0,0,0,1,0,0,"- ","- ",,,MERCED,MERCED,-120.49373626708984,37.302486419677734
9906308,2025,2026-02-02,2406,2025-10-10,2309,348,2,5,5,5,2406,0,0,0,,0,020,"WEST 16TH ST","MARTIN LUTHER KING JR WY",0.00,,Y,A,-,N,,,,,,,,,,N,4,0,1,2,A,-,11,21950,B,N,G,B,B,A,H,-,C,A,0,Y,,,,Y,,N,60,0,0,1,0,1,0,0,0,0,"- ","- ",,,MERCED,MERCED,-120.48092651367188,37.299320220947266
9906309,2025,2026-02-02,2406,2025-10-20,1950,269,1,1,5,5,2406,0,0,0,,0,010,"MCKEE RD","YOSEMITE AV",400.00,E,N,A,-,N,,,,,,,,,,Y,3,0,1,2,A,-,09,21804,A,N,D,C,A,A,H,-,C,D,0,,,Y,,Y,,A,07,0,1,0,0,0,0,0,0,1,"- ","- ",,,MERCED,MERCED,-120.44420623779297,37.332149505615234
9906310,2025,2026-02-02,2406,2025-10-07,1443,259,1,2,5,5,2406,0,0,0,,0,010,"G ST","W YOSEMITE AVE",16.00,N,N,A,-,N,,,,,,,,,,N,3,0,1,2,A,-,09,21800,A,N,D,G,A,A,H,-,A,A,0,,Y,,,Y,,A,01,0,1,0,0,0,0,1,0,0,"- ","- ",,,MERCED,MERCED,-120.46907806396484,37.332164764404297
9906450,2025,2026-02-03,2406,2025-12-31,2127,268,1,3,5,5,2406,0,0,0,,0,010,"RAMBLER RD","COLLEGE GREEN DR",0.00,,Y,B,C,N,,,,,,,,,,Y,3,0,2,1,A,-,01,23153,A,N,E,I,A,B,H,-,C,A,0,,,,,Y,Y,A,01,0,1,1,0,0,0,0,0,0,"- ","- ",,,MERCED,MERCED,-120.47528839111328,37.318157196044922
9906506,2025,2026-02-03,2406,2025-08-24,1040,343,NORTH,7,5,5,2406,0,0,0,,0,010,"E N BEAR CREEK DR","WAIN WRIGHT AV",0.00,,Y,A,-,N,,,,,,,,,,Y,3,0,1,2,A,-,09,21801,A,N,D,C,A,A,H,-,A,D,0,,,,,Y,,A,07,0,1,0,0,0,0,0,0,0,"- ","- ",,,MERCED,MERCED,-120.46320343017578,37.30865478515625
9907604,2025,2026-02-23,2406,2025-12-03,"944 ",309,1,3,5,5,2406,0,0,0,,0,011,"LOUGHBOROUGH DR","R ST",1082.00,E,N,B,-,N,,,,,,,,,,Y,4,0,1,2,A,-,09,21804,A,N,D,C,A,B,H,-,A,A,0,,,Y,,Y,,D,22,0,0,1,0,0,0,0,0,1,"- ","- ",,,MERCED,MERCED,-120.48328399658203,37.323455810546875
9907605,2025,2026-02-26,2406,2025-12-07,1847,222,3,7,5,5,2406,0,0,0,,0,030,"EAST 16TH ST","D ST",48.00,W,N,A,-,N,,,,,,,,,,Y,3,0,3,2,A,-,01,23153,A,N,A,C,A,A,H,-,C,D,0,,,,,Y,Y,D,22,0,3,0,0,0,0,0,0,0,"- ","- ",,,MERCED,MERCED,-120.47151947021484,37.295440673828125
9907735,2025,2026-02-20,2406,2025-12-19,1157,290,2,5,5,5,2406,0,0,0,,0,020,"WEST MAIN ST","G ST",0.00,,Y,B,-,N,,,,,,,,,,Y,3,0,2,2,A,-,12,21453,A,N,D,C,A,A,H,-,A,A,0,,,,,Y,,A,01,0,2,0,0,0,0,0,0,0,"- ","- ",,,MERCED,MERCED,-120.475830078125,37.298683166503906
9908086,2025,2026-02-06,2401,2025-11-07,1805,749,3,5,5,3,2401,0,0,0,,0,003,"SHAFFER RD","OSBORN TERRANCE",275.00,S,N,A,-,N,,,,,,,,,,Y,4,0,1,2,A,-,08,22107,,N,B,E,A,A,H,-,C,D,0,,,,,Y,,A,01,0,0,1,0,0,0,0,0,0,"- ","- ",37.346298217773438,-120.59562683105469,MERCED,ATWATER,-120.595947265625,37.346385955810547
9908087,2025,2026-02-06,2401,2025-11-12,1743,731,4,3,5,3,2401,0,0,0,,0,004,"MAPLE AV","OLIVE AV",0.00,,Y,A,-,N,,,,,,,,,,N,3,0,1,2,A,-,05,21650,1,N,H,G,A,A,H,-,D,D,0,,Y,,,Y,,L,04,0,1,0,0,0,0,1,0,0,"- ","- ",37.349098205566406,-120.61566162109375,MERCED,ATWATER,-120.61569976806641,37.349098205566406
9908088,2025,2026-02-04,2401,2025-11-16,"905 ",745,2,7,5,3,2401,0,0,0,,0,002,"SANTA FE DR","BUHACH RD",0.00,,Y,B,-,N,,,,,,,,,,Y,3,0,1,1,A,-,03,22350,,N,E,I,A,B,H,-,A,D,0,,,,,Y,,A,01,0,1,0,0,0,0,0,0,0,"- ","- ",37.365631103515625,-120.58113098144531,MERCED,ATWATER,-120.57662963867188,37.362895965576172
9908189,2025,2026-01-29,2401,2025-12-22,1758,742,4A,1,5,3,2401,0,0,0,,0,04A,"1ST ST","BROADWAY AV",116.00,N,N,A,-,N,,,,,,,,,,N,3,0,1,2,A,-,11,21954,A,N,G,B,D,A,H,-,E,D,0,Y,,,,Y,Y,N,60,0,1,0,0,1,0,0,0,0,"- ","- ",37.346149444580078,-120.60700988769531,MERCED,ATWATER,-120.60684204101562,37.346446990966797
9908190,2025,2026-01-29,2401,2025-12-15,1452,731,2,1,5,3,2401,0,0,0,,0,002,"SANTA FE AV","BUHACH RD",0.00,,Y,A,-,N,,,,,,,,,,N,3,0,1,2,A,-,06,21755,A,N,D,C,A,A,H,-,A,D,0,,,,,Y,,M,93,0,1,0,0,0,0,0,0,0,"- ","- ",37.360771179199219,-120.57705688476562,MERCED,ATWATER,-120.57662963867188,37.362895965576172
9908297,2025,2026-02-02,2406,2025-11-16,1759,343,NORTH,7,5,5,2406,0,0,0,,0,010,"EAST OLIVE AV","G ST",320.00,E,N,C,-,N,,,,,,,,,,N,2,0,1,2,A,-,00,21650,A,N,D,G,A,B,H,-,C,D,0,,Y,,,Y,,L,04,1,0,0,0,0,0,1,0,0,"- ","- ",,,MERCED,MERCED,-120.46814727783203,37.318458557128906
9908298,2025,2026-02-02,2406,2025-11-01,2055,252,2,6,5,5,2406,0,0,0,,0,021,"R AT","WEST 18TH ST",25.00,N,N,A,-,N,,,,,,,,,,N,3,0,1,2,A,-,08,22107,,F,G,B,D,A,H,-,C,A,0,Y,,,,Y,,A,01,0,1,0,0,1,0,0,0,0,"- ","- ",,,MERCED,MERCED,-120.49180603027344,37.305850982666016
9908299,2025,2026-02-02,2406,2025-11-18,1700,359,1,2,5,5,2406,0,0,0,,0,010,"BANCROFT DR","FOOTHILL DR",45.00,N,N,A,-,N,,,,,,,,,,N,2,0,1,2,A,-,08,22107,,N,D,C,A,A,H,-,C,D,0,,,Y,,Y,,C,03,1,0,0,0,0,0,0,0,1,"- ","- ",,,MERCED,MERCED,-120.47210693359375,37.353725433349609
9908300,2025,2026-02-02,2406,2025-11-21,1331,301,1,5,5,5,2406,0,0,0,,0,010,"WEST OLIVE AV","COLLEGE GREEN DR",6.00,W,N,A,-,N,,,,,,,,,,Y,3,0,1,1,A,-,08,22107,,N,E,I,A,A,H,-,A,D,0,,,,,Y,,A,08,0,1,0,0,0,0,0,0,0,"- ","- ",,,MERCED,MERCED,-120.47667694091797,37.319240570068359
9908301,2025,2026-02-02,2406,2025-11-10,1810,329,1,1,5,5,2406,0,0,0,,0,010,"EAST OLIVE AV","G ST",0.00,,Y,A,-,N,,,,,,,,,,N,3,0,1,2,A,-,10,21950,,N,G,B,B,A,H,-,A,A,0,Y,,,,Y,,A,01,0,1,0,0,1,0,0,0,0,"- ","- ",,,MERCED,MERCED,-120.46924591064453,37.318447113037109
9908337,2025,2026-02-05,2406,2025-12-12,"638 ",309,1,5,5,5,2406,0,0,0,,0,011,"EL REDONDO","BAXTER DR",0.00,,Y,B,-,N,,,,,,,,,,N,2,0,1,2,A,-,10,21950,A,N,G,B,B,B,H,-,C,D,0,Y,,,,Y,,A,01,1,0,0,0,1,0,0,0,0,"- ","- ",,,MERCED,MERCED,-120.49529266357422,37.336597442626953
9908342,2025,2026-02-05,2401,2025-12-29,1431,731,1,1,5,3,2401,0,0,0,,0,001,"SHAFFER RD","EAST BELLEVUE RD",288.00,N,N,B,-,N,,,,,,,,,,N,3,0,1,2,A,-,09,21801,A,N,D,C,A,A,H,-,A,D,0,,,,,Y,,A,01,0,1,0,0,0,0,0,0,0,"- ","- ",37.360469818115234,-120.59580230712891,MERCED,ATWATER,-120.59579467773438,37.361251831054688
9908348,2025,2026-02-05,2406,2025-12-05,2054,129,NORTH,5,5,5,2406,0,0,0,,0,011,"FREEMARK AV","EMILY CT",20.00,S,N,B,-,N,,,,,,,,,,Y,3,0,1,1,A,-,08,22107,,N,E,I,A,A,H,-,C,D,0,,,,,Y,,A,01,0,1,0,0,0,0,0,0,0,"- ","- ",,,MERCED,MERCED,-120.48310089111328,37.350276947021484
9908397,2025,2026-02-04,2406,2025-11-12,"921 ",268,1,3,5,5,2406,0,0,0,,0,011,"M ST","LEHIGH DR",0.00,,Y,A,-,N,,,,,,,,,,Y,4,0,2,2,A,-,12,21453,A,N,D,C,A,A,H,-,A,A,0,,,,,Y,,A,01,0,0,2,0,0,0,0,0,0,"- ","- ",,,MERCED,MERCED,-120.47830963134766,37.339920043945312
9908398,2025,2026-02-04,2406,2025-11-14,1506,259,2,5,5,5,2406,0,0,0,,0,020,"EAST CHILDS AV","MEDIEVAL ST",311.00,E,N,B,-,N,,,,,,,,,,Y,3,0,2,2,A,-,03,22350,,N,C,C,A,B,H,-,A,D,0,,,,,Y,,A,01,0,2,0,0,0,0,0,0,0,"- ","- ",,,MERCED,MERCED,-120.42739868164062,37.287811279296875
9908399,2025,2026-02-04,2406,2025-11-20,"942 ",259,1,4,5,5,2406,0,0,0,,0,011,"R ST","RAMBLER RD",16.00,W,N,B,-,N,,,,,,,,,,Y,3,0,1,2,A,-,03,22350,,N,B,C,A,B,H,-,A,D,0,,,,,Y,,D,22,0,1,0,0,0,0,0,0,0,"- ","- ",,,MERCED,MERCED,-120.48677062988281,37.315196990966797
9908404,2025,2026-02-10,2406,2025-11-03,1430,268,1,1,5,5,2406,0,0,0,,0,011,"R ST","W NORTH BEAR CREEK DR",0.00,N,N,A,-,N,,,,,,,,,,N,4,0,1,2,A,-,03,22350,,F,C,C,A,A,H,-,A,A,0,,,,,Y,,A,01,0,0,1,0,0,0,0,0,0,"- ","- ",,,MERCED,MERCED,-120.48741912841797,37.313713073730469
9908467,2025,2026-02-05,2406,2025-10-07,1551,362,2,2,5,5,2406,0,0,0,,0,020,"K ST","MAIN ST",5.00,S,N,A,-,N,,,,,,,,,,N,3,0,2,3,A,-,10,21950,A,N,G,B,B,A,H,-,A,A,0,Y,,,,Y,,A,01,0,2,0,0,2,0,0,0,0,"- ","- ",,,MERCED,MERCED,-120.48183441162109,37.300857543945312
9908468,2025,2026-02-06,2406,2025-10-31,1158,342,1,5,5,5,2406,0,0,0,,0,011,"R ST","OLIVE AV",0.00,N,N,A,-,N,,,,,,,,,,N,3,0,1,2,A,-,09,21804,A,F,G,B,F,A,H,-,A,D,0,Y,,,,Y,,A,01,0,1,0,0,1,0,0,0,0,"- ","- ",,,MERCED,MERCED,-120.48686981201172,37.319301605224609
9908470,2025,2026-02-05,2406,2025-10-04,"834 ",321,3,6,5,5,2406,0,0,0,,0,031,"8TH ST","V ST",0.00,,Y,A,-,N,,,,,,,,,,N,3,0,1,2,A,-,09,21802,A,N,D,C,A,A,H,-,A,A,0,,,,,Y,,A,01,0,1,0,0,0,0,0,0,0,"- ","- ",,,MERCED,MERCED,-120.50373840332031,37.297657012939453
9908471,2025,2026-02-05,2406,2025-10-23,1839,348,2,4,5,5,2406,0,0,0,,0,020,"CAROL AV","MERCED AV",0.00,,Y,A,-,N,,,,,,,,,,N,3,0,1,2,A,-,12,22450,A,N,D,G,A,A,H,-,B,A,0,,Y,,,Y,Y,L,04,0,1,0,0,0,0,1,0,0,"- ","- ",,,MERCED,MERCED,-120.45442199707031,37.291481018066406
9908472,2025,2026-02-05,2406,2025-10-30,1426,364,1,4,5,5,2406,0,0,0,,0,011,"R ST","JULIE DR",14.00,S,N,A,-,N,,,,,,,,,,Y,3,0,1,2,A,-,09,21801,A,N,D,C,A,A,H,-,A,D,0,,,Y,,Y,,A,07,0,1,0,0,0,0,0,0,1,"- ","- ",,,MERCED,MERCED,-120.48655700683594,37.317043304443359
9909371,2025,2026-03-04,2406,2025-12-25,2132,156,1,4,5,5,2406,0,0,0,,0,010,"BELLEVUE RD","M ST",0.00,,Y,B,-,Y,,,,,,,,,,N,3,0,1,2,A,-,09,21802,A,N,D,C,A,B,H,-,D,A,0,,,,,Y,,A,01,0,1,0,0,0,0,0,0,0,"- ","- ",,,MERCED,MERCED,-120.47727203369141,37.361122131347656
9909490,2025,2026-02-20,2403,2025-05-04,1020,Z32,,7,5,2,2403,0,0,0,,0,,"RT 33","SULLIVAN RD",0.00,,Y,A,-,Y,MER,10,33,-,-,26.463,I,5,S,Y,2,0,3,2,A,-,09,21802,A,N,H,D,A,A,H,-,A,A,0,,,,,Y,,A,07,2,0,1,0,0,0,0,0,0,"- ","- ",,,MERCED,GUSTINE,-121.01283264160156,37.245792388916016
9909848,2025,2026-02-24,2406,2025-11-27,"19  ",360,1,4,5,5,2406,0,0,0,,0,010,"G ST","YOSEMITE AV",18.00,N,N,A,-,N,,,,,,,,,,N,3,0,1,2,A,-,10,21950,A,F,G,B,B,A,H,-,C,A,0,Y,,,,Y,Y,-,99,0,1,0,0,1,0,0,0,0,"- ","- ",,,MERCED,MERCED,-120.46907806396484,37.332168579101562
9912716,2025,2026-02-26,2406,2025-12-02,1730,222,3,2,5,5,2406,0,0,0,,0,031,"W DICKENSON FERRY RD","THORNTON RD",0.00,,Y,A,-,N,,,,,,,,,,N,3,0,1,2,A,-,09,21802,A,M,D,C,A,A,H,-,D,A,0,,,,,Y,,A,01,0,1,0,0,0,0,0,0,0,"- ","- ",,,MERCED,MERCED,-120.52404022216797,37.273220062255859
9912814,2025,2026-02-23,2406,2025-12-05,1707,162,110,5,5,5,2406,0,0,0,,0,,"M ST","OLIVEWOOD DR",200.00,S,N,B,-,N,,,,,,,,,,N,3,0,1,2,A,-,08,22107,,N,B,G,A,A,H,-,C,D,0,,Y,,,Y,,L,04,0,1,0,0,0,0,1,0,0,"- ","- ",,,MERCED,MERCED,-120.47850036621094,37.317420959472656
9912886,2025,2026-02-25,2406,2025-11-14,1924,338,CENTR,5,5,5,2406,0,0,0,,0,021,"WEST 16TH ST","O ST",0.00,,Y,B,-,N,,,,,,,,,,N,3,0,1,2,A,-,10,21950,A,N,G,B,B,B,H,-,C,A,0,Y,,,,Y,,A,07,0,1,0,0,1,0,0,0,0,"- ","- ",,,MERCED,MERCED,-120.48847198486328,37.302093505859375